ticker,company,sector,quarter,speaker,role,utterance,word_count,sentiment,positive_score,negative_score,neutral_score,confidence
BAJAJFIN,Bajaj Finance,NBFC,Q1FY25,Rajeev Jain,Management,"Thank you. Thank you, Ajit. Thank you, JM, for hosting this call. Good evening, all.",15,neutral,0.3525719940662384,0.013653190806508064,0.6337748169898987,0.6337748169898987
BAJAJFIN,Bajaj Finance,NBFC,Q1FY25,Sandeep Jain,Management,"So that other number is the net gain on fair value change, where we have INR 79",17,neutral,0.06549928337335587,0.024320896714925766,0.910179853439331,0.910179853439331
BAJAJFIN,Bajaj Finance,NBFC,Q1FY25,Rajeev Jain,Management,"Adjusted for this, the number is flat on a sequential quarter basis. I thought I'll just",16,negative,0.03744623064994812,0.5850919485092163,0.3774617910385132,0.5850919485092163
BAJAJFIN,Bajaj Finance,NBFC,Q1FY25,Rajeev Jain,Management,"Viral, the only point I would like to make is that every incident must have learnings",16,neutral,0.03916066512465477,0.05568714812397957,0.9051521420478821,0.9051521420478821
BAJAJFIN,Bajaj Finance,NBFC,Q1FY25,Sandeep Jain,Management,Yes. I think Viral this question was asked last quarter as well. We have given a,16,neutral,0.08853542059659958,0.019635576754808426,0.8918290138244629,0.8918290138244629
BAJAJFIN,Bajaj Finance,NBFC,Q1FY25,Sandeep Jain,Management,"So I think on the fee income side, we have guided for 13% to 15% for the current",18,neutral,0.2064453661441803,0.01506821345537901,0.778486430644989,0.778486430644989
BAJAJFIN,Bajaj Finance,NBFC,Q1FY25,Rajeev Jain,Management,"Last time I do want to make that, the fee income grew 17%, just to add what Sandeep",18,neutral,0.21526771783828735,0.016809390857815742,0.7679228782653809,0.7679228782653809
BAJAJFIN,Bajaj Finance,NBFC,Q1FY25,Sandeep Jain,Management,"And last year's quarter was partially impacted by embargo as well, so to the extent on",16,negative,0.06097571551799774,0.6783707737922668,0.260653555393219,0.6783707737922668
BAJAJFIN,Bajaj Finance,NBFC,Q1FY25,Rajeev Jain,Management,"Not between unsecured to secured. Anyway, it's a tail effect. The secured gets a tail",15,neutral,0.05504871904850006,0.05403917655348778,0.8909120559692383,0.8909120559692383
BAJAJFIN,Bajaj Finance,NBFC,Q1FY25,Sandeep Jain,Management,"And Viral, in the same context, I think it's important that we call out, MSA business",16,neutral,0.09474053233861923,0.011847596615552902,0.8934119343757629,0.8934119343757629
BAJAJFIN,Bajaj Finance,NBFC,Q1FY25,Rajeev Jain,Management,No. The only way to do it is to offer the remediation. That's why as when I talked,18,neutral,0.060956116765737534,0.03147352859377861,0.9075703024864197,0.9075703024864197
BAJAJFIN,Bajaj Finance,NBFC,Q1FY25,Rajeev Jain,Management,"No, no. It was 5.5 , and it is down to 4.",12,negative,0.011906465515494347,0.9257254004478455,0.06236812472343445,0.9257254004478455
BAJAJFIN,Bajaj Finance,NBFC,Q1FY25,Rajeev Jain,Management,"This metric is being tracked. The only thing and where we've got -- partially, if I may",17,neutral,0.04245096445083618,0.026641324162483215,0.9309077262878418,0.9309077262878418
BAJAJFIN,Bajaj Finance,NBFC,Q1FY25,Rajeev Jain,Management,"It can be very big. Piran, the issue is used car and new car put together must make",18,neutral,0.04163605347275734,0.04373570904135704,0.9146282076835632,0.9146282076835632
BAJAJFIN,Bajaj Finance,NBFC,Q1FY25,Rajeev Jain,Management,"Yes. As Viral said, what are the learnings is one of the learnings.",13,neutral,0.044299930334091187,0.028487063944339752,0.9272129535675049,0.9272129535675049
BAJAJFIN,Bajaj Finance,NBFC,Q1FY25,Sandeep Jain,Management,"The overall provisioning coverage has plenty of assets, including the composition of",12,neutral,0.09544628113508224,0.009292645379900932,0.8952611088752747,0.8952611088752747
BAJAJFIN,Bajaj Finance,NBFC,Q1FY25,Rajeev Jain,Management,"Yes. So Kuntal, 4.7 million new customer acquisition after last 2 years of record 15",15,positive,0.8654539585113525,0.012478484772145748,0.12206753343343735,0.8654539585113525
BAJAJFIN,Bajaj Finance,NBFC,Q1FY25,Rajeev Jain,Management,"Okay. So let me make the point, if you're an Apple now, if you go to share market on",19,neutral,0.06202583760023117,0.019060391932725906,0.9189138412475586,0.9189138412475586
BAJAJFIN,Bajaj Finance,NBFC,Q1FY25,Rajeev Jain,Management,"As I said, Abhishek, at this point in time, it will remain slow. I think, as I said, 17",19,neutral,0.08634912967681885,0.1177559420466423,0.7958949208259583,0.7958949208259583
BAJAJFIN,Bajaj Finance,NBFC,Q1FY25,Rajeev Jain,Management,"The mortgage, sit’s in mortgage and so on and so forth. If you see in the panel, you",18,neutral,0.02687046304345131,0.025387419387698174,0.9477421641349792,0.9477421641349792
BAJAJFIN,Bajaj Finance,NBFC,Q1FY25,Sandeep Jain,Management,Abhishek that's what I was trying to clarify earlier as well because the number of,15,neutral,0.03292468190193176,0.07453103363513947,0.8925443291664124,0.8925443291664124
BAJAJFIN,Bajaj Finance,NBFC,Q1FY25,Rajeev Jain,Management,"I would think about one more quarter, Abhishek, before we give you a very clear",15,neutral,0.08257962763309479,0.015352873131632805,0.9020674824714661,0.9020674824714661
BAJAJFIN,Bajaj Finance,NBFC,Q1FY25,Rajeev Jain,Management,"Though, numbers plus minus happens all the time. We are not talking about any big",15,neutral,0.03204195946455002,0.05349458381533623,0.9144634008407593,0.9144634008407593
BAJAJFIN,Bajaj Finance,NBFC,Q1FY25,Sandeep Jain,Management,Yes. You're right on Chintan. I think the liquidity buffers were deployed more in,14,positive,0.7819188237190247,0.04337966814637184,0.17470158636569977,0.7819188237190247
BAJAJFIN,Bajaj Finance,NBFC,Q1FY25,Sandeep Jain,Management,"I think that was specific for quarter, because as the rates were coming down, the",15,negative,0.026806136593222618,0.8725607395172119,0.10063310712575912,0.8725607395172119
BAJAJFIN,Bajaj Finance,NBFC,Q1FY25,Sandeep Jain,Management,"It'll go into the interest income line, right? What you see as NIM…",13,neutral,0.029263239353895187,0.06386423856019974,0.9068725109100342,0.9068725109100342
BAJAJFIN,Bajaj Finance,NBFC,Q1FY25,Sandeep Jain,Management,"Some has interest cost, right? So they go into interest cost.",11,neutral,0.03145415708422661,0.05586107075214386,0.9126847386360168,0.9126847386360168
BAJAJFIN,Bajaj Finance,NBFC,Q1FY25,Rajeev Jain,Management,"Look, business loans we've done for 18 years. We have seen other than one lender in",16,neutral,0.06581869721412659,0.019353922456502914,0.9148273468017578,0.9148273468017578
BAJAJFIN,Bajaj Finance,NBFC,Q1FY25,Rajeev Jain,Management,It didn't come slowly; it came a little too suddenly is the only point I would make.,17,neutral,0.044961437582969666,0.053036484867334366,0.9020020961761475,0.9020020961761475
BAJAJFIN,Bajaj Finance,NBFC,Q1FY25,Rajeev Jain,Management,"I think, as I said, Chintan, earlier, we are just focusing on early MOB. As the",16,neutral,0.044373899698257446,0.02871783822774887,0.9269082546234131,0.9269082546234131
BAJAJFIN,Bajaj Finance,NBFC,Q1FY25,Rajeev Jain,Management,"AUM may grow 15% odd, as Sidhant is saying, but in terms of disbursement growth,",15,positive,0.901444673538208,0.009040001779794693,0.089515320956707,0.901444673538208
BAJAJFIN,Bajaj Finance,NBFC,Q1FY25,Sandeep Jain,Management,"Yes. So the liability side, very clearly, NCD has seen almost 90-basis-point of",13,neutral,0.266197144985199,0.014080206863582134,0.7197226881980896,0.7197226881980896
BAJAJFIN,Bajaj Finance,NBFC,Q1FY25,Sandeep Jain,Management,We have 85% of the bank moneys on external benchmark rate. That has seen,14,neutral,0.16297753155231476,0.011519520543515682,0.8255029320716858,0.8255029320716858
BAJAJFIN,Bajaj Finance,NBFC,Q1FY25,Rajeev Jain,Management,Yes. Yes. Yes. Just to reinforce the point. That's why the decision even on slowing,15,neutral,0.08627796918153763,0.03999199718236923,0.8737300634384155,0.8737300634384155
BAJAJFIN,Bajaj Finance,NBFC,Q1FY25,Sandeep Jain,Management,"In fact, that's an important one. I forgot to make that point. Deposits, we were",15,neutral,0.07238220423460007,0.03797047957777977,0.8896473050117493,0.8896473050117493
BAJAJFIN,Bajaj Finance,NBFC,Q1FY25,Sandeep Jain,Management,Retail deposits. We were paying probably 70 - 80 basis points higher than the,14,neutral,0.13296391069889069,0.02525295689702034,0.8417831063270569,0.8417831063270569
BAJAJFIN,Bajaj Finance,NBFC,Q1FY25,Rajeev Jain,Management,I was seeing you guys at decimal; we move a percentage like. Don't read anything,15,neutral,0.027126507833600044,0.04324459284543991,0.9296289086341858,0.9296289086341858
BAJAJFIN,Bajaj Finance,NBFC,Q1FY25,Rajeev Jain,Management,"I think earlier also question was asked. I mean gold loan is adding net INR 2,000",16,neutral,0.24719756841659546,0.03720277175307274,0.7155995965003967,0.7155995965003967
BAJAJFIN,Bajaj Finance,NBFC,Q1FY25,Rajeev Jain,Management,"No. The only difference I would make, this is a customer between INR 7 crores to",16,neutral,0.050100166350603104,0.037016019225120544,0.9128838181495667,0.9128838181495667
BAJAJFIN,Bajaj Finance,NBFC,Q1FY25,Rajeev Jain,Management,"As I said, it's come a little too suddenly Abhijit. -- wait for 1 more quarter, we'll have",18,neutral,0.0760880708694458,0.037428103387355804,0.8864837884902954,0.8864837884902954
BAJAJFIN,Bajaj Finance,NBFC,Q1FY25,Rajeev Jain,Management,Good night is the only closing comment – it’s been a long day. Thank you all.,16,neutral,0.11620635539293289,0.029474269598722458,0.8543193936347961,0.8543193936347961
BAJAJFIN,Bajaj Finance,NBFC,Q2FY25,Rajeev Jain,Management,"Good evening all of you, the investor deck for Q2 FY '26 has already been uploaded on our",18,neutral,0.03686392679810524,0.02142801322042942,0.9417080283164978,0.9417080283164978
BAJAJFIN,Bajaj Finance,NBFC,Q2FY25,Rajeev Jain,Management,"18 to 20 basis points as Sandeep is correcting me, which is really how it is for the last 2-3 years,",21,neutral,0.0626772940158844,0.03409664332866669,0.9032260179519653,0.9032260179519653
BAJAJFIN,Bajaj Finance,NBFC,Q2FY25,Rajeev Jain,Management,35-day period. It's Navratri to Bhai Dooj or 35-day peak kick-off of the festival and end of the,18,neutral,0.021816149353981018,0.0638265386223793,0.9143572449684143,0.9143572449684143
BAJAJFIN,Bajaj Finance,NBFC,Q2FY25,Rajeev Jain,Management,"Both these contribute to 31% and 14%, 45% of the balance sheet, right? They contribute to 45%",17,neutral,0.03522128984332085,0.021002046763896942,0.9437766671180725,0.9437766671180725
BAJAJFIN,Bajaj Finance,NBFC,Q2FY25,Sandeep Jain,Management,"Yes. So I think if you look at even last year quarter 2, you would see that the GNPA sequentially",20,neutral,0.05998437479138374,0.07226581871509552,0.8677497506141663,0.8677497506141663
BAJAJFIN,Bajaj Finance,NBFC,Q2FY25,Rajeev Jain,Management,"And correspondingly, just to -- correspondingly, there is a benefit that appears because of fewer",15,neutral,0.28141167759895325,0.014697161503136158,0.7038912177085876,0.7038912177085876
BAJAJFIN,Bajaj Finance,NBFC,Q2FY25,Sandeep Jain,Management,"Correct. Having said so, the number has gone up between, say, last year same time to now. Last",18,positive,0.9179807305335999,0.019303493201732635,0.0627157986164093,0.9179807305335999
BAJAJFIN,Bajaj Finance,NBFC,Q2FY25,Rajeev Jain,Management,"So sequentially is purely number of days, Kunal? Yes. And year-on-year, it is principally on",15,neutral,0.026005394756793976,0.04426608607172966,0.9297285676002502,0.9297285676002502
BAJAJFIN,Bajaj Finance,NBFC,Q2FY25,Sandeep Jain,Management,And the last point on that is -- to the point that you're making on stage 2 to stage 3. The overall,22,neutral,0.04037948697805405,0.047456901520490646,0.9121636152267456,0.9121636152267456
BAJAJFIN,Bajaj Finance,NBFC,Q2FY25,Rajeev Jain,Management,So we are too small in MFI. Balance sheet is only INR 1750-odd crores. So we're not the right,19,neutral,0.040189605206251144,0.3576641380786896,0.6021462678909302,0.6021462678909302
BAJAJFIN,Bajaj Finance,NBFC,Q2FY25,Rajeev Jain,Management,"99.22% current. So we continue to tread carefully, knowing fully well as to what's happening in",16,neutral,0.09923125058412552,0.020542744547128677,0.8802259564399719,0.8802259564399719
BAJAJFIN,Bajaj Finance,NBFC,Q2FY25,Rajeev Jain,Management,"Like in a typical B2B business, this is a B2B business. We work closely -- they are mostly very",19,neutral,0.07125282287597656,0.01653989776968956,0.912207305431366,0.912207305431366
BAJAJFIN,Bajaj Finance,NBFC,Q2FY25,Rajeev Jain,Management,We are in 400 towns in India at this point in time. So -- and predominantly South and West...,19,neutral,0.055778514593839645,0.025586336851119995,0.9186351895332336,0.9186351895332336
BAJAJFIN,Bajaj Finance,NBFC,Q2FY25,Rajeev Jain,Management,"North and west, sorry, dominated. So which is building out, it's too small as yet, but promising.",17,positive,0.5668701529502869,0.03876171261072159,0.39436817169189453,0.5668701529502869
BAJAJFIN,Bajaj Finance,NBFC,Q2FY25,Rajeev Jain,Management,"As we had outlined, we are seeing in last -- first quarter, we talked about it that we are seeing",20,neutral,0.10603948682546616,0.013529914431273937,0.8804305791854858,0.8804305791854858
BAJAJFIN,Bajaj Finance,NBFC,Q2FY25,Rajeev Jain,Management,"I mean we could spend 1 hour on this question, quite honestly. But on a more serious note, we",19,neutral,0.0560765340924263,0.028318166732788086,0.9156053066253662,0.9156053066253662
BAJAJFIN,Bajaj Finance,NBFC,Q2FY25,Rajeev Jain,Management,"No. So at a fundamental level, process automation, technology leadership -- technology",12,neutral,0.07701604068279266,0.014409582130610943,0.9085743427276611,0.9085743427276611
BAJAJFIN,Bajaj Finance,NBFC,Q2FY25,Rajeev Jain,Management,"We're mostly done with restructuring, Abhijit. We're mostly done with restructuring. It is used",14,neutral,0.04320288449525833,0.12369813024997711,0.8330990076065063,0.8330990076065063
BAJAJFIN,Bajaj Finance,NBFC,Q2FY25,Sandeep Jain,Management,"Yes, the other point that I want to make, I think it's in the interest of all the participants on the",21,neutral,0.07141709327697754,0.015954677015542984,0.912628173828125,0.912628173828125
BAJAJFIN,Bajaj Finance,NBFC,Q2FY25,Rajeev Jain,Management,"And actions have been outlined to all the investors. And as Sandeep said, it's not changing the",17,neutral,0.06857963651418686,0.024173224344849586,0.9072470664978027,0.9072470664978027
BAJAJFIN,Bajaj Finance,NBFC,Q2FY25,Rajeev Jain,Management,"Yes, momentum, Abhijit is -- yes, yes. I think we're surprised by the -- given that the festive",18,positive,0.6264131665229797,0.023744383826851845,0.34984245896339417,0.6264131665229797
BAJAJFIN,Bajaj Finance,NBFC,Q2FY25,Rajeev Jain,Management,Answer is yes. Answer is yes. Except I would just add...,11,neutral,0.05582556128501892,0.03520604595541954,0.9089683294296265,0.9089683294296265
BAJAJFIN,Bajaj Finance,NBFC,Q2FY25,Rajeev Jain,Management,"Abhijit, just to be fair, I would just add, we are very dominant in electronics, so we can -- what",20,neutral,0.17731308937072754,0.008882861584424973,0.813804030418396,0.813804030418396
BAJAJFIN,Bajaj Finance,NBFC,Q2FY25,Rajeev Jain,Management,"The answer is -- and principally, that was -- Piran, it's a fair question. Across businesses that we",18,neutral,0.11485489457845688,0.01208331249654293,0.8730617761611938,0.8730617761611938
BAJAJFIN,Bajaj Finance,NBFC,Q2FY25,Rajeev Jain,Management,"Les than 1%, is what somebody with 2PL would be. In urban, it would be 4% -- 3% or 4%?",20,neutral,0.028232954442501068,0.05064760521054268,0.9211194515228271,0.9211194515228271
BAJAJFIN,Bajaj Finance,NBFC,Q2FY25,Rajeev Jain,Management,"4.8%. So we have cut business. This number used to be 13% and a year ago, 13% and 3%. So I",21,negative,0.009335595183074474,0.9543703198432922,0.036294057965278625,0.9543703198432922
BAJAJFIN,Bajaj Finance,NBFC,Q2FY25,Rajeev Jain,Management,"Since February, whatever you're originating is on these numbers. So it's incremental, but the",14,neutral,0.038921453058719635,0.0626402497291565,0.8984383344650269,0.8984383344650269
BAJAJFIN,Bajaj Finance,NBFC,Q2FY25,Sandeep Jain,Management,"And talking about rural B2C, after a long time, we have now revised the management assessment",16,neutral,0.10229556262493134,0.028377126902341843,0.8693273067474365,0.8693273067474365
BAJAJFIN,Bajaj Finance,NBFC,Q2FY25,Rajeev Jain,Management,"Equal size -- now, equal size virtually. As you can see on Panel 47.",14,neutral,0.05363110825419426,0.014722473919391632,0.931646466255188,0.931646466255188
BAJAJFIN,Bajaj Finance,NBFC,Q2FY25,Rajeev Jain,Management,"That if you see the number at -- if you go to -- we have separated it in the portfolio quality, that",22,neutral,0.06710457801818848,0.025455698370933533,0.9074397683143616,0.9074397683143616
BAJAJFIN,Bajaj Finance,NBFC,Q2FY25,Sandeep Jain,Management,"And Piran, to the question that you're asking on open market 2-wheeler financing, while the",15,neutral,0.04493124037981033,0.020242515951395035,0.9348262548446655,0.9348262548446655
BAJAJFIN,Bajaj Finance,NBFC,Q2FY25,Sandeep Jain,Management,"So we are not giving an absolute guidance at this point in time, Ashish. But very clearly,",17,neutral,0.05222214385867119,0.01955576241016388,0.928222119808197,0.928222119808197
BAJAJFIN,Bajaj Finance,NBFC,Q2FY25,Rajeev Jain,Management,"The gold loan business, the new car financing business are much lower risk business. So -- and",17,neutral,0.06000871956348419,0.014047965407371521,0.9259432554244995,0.9259432554244995
BAJAJFIN,Bajaj Finance,NBFC,Q2FY25,Sandeep Jain,Management,"And my hunch would be that while the range currently is 185 to 195 for the current year, and",19,neutral,0.09383714944124222,0.056462984532117844,0.8496999144554138,0.8496999144554138
BAJAJFIN,Bajaj Finance,NBFC,Q2FY25,Sandeep Jain,Management,"The last point probably, Ashish, on that, as an organization, we have never shied away from",16,neutral,0.08208892494440079,0.03241318464279175,0.8854978680610657,0.8854978680610657
BAJAJFIN,Bajaj Finance,NBFC,Q2FY25,Sandeep Jain,Management,"I would love to have that, Viral. But I think the best assumption that we have at this point in time",21,neutral,0.09562535583972931,0.012983041815459728,0.8913915753364563,0.8913915753364563
BAJAJFIN,Bajaj Finance,NBFC,Q2FY25,Sandeep Jain,Management,Yes. We are not privy to any further rate cut that is being discussed or has been announced,18,neutral,0.042929112911224365,0.04569456726312637,0.9113762974739075,0.9113762974739075
BAJAJFIN,Bajaj Finance,NBFC,Q2FY25,Rajeev Jain,Management,"Benefit will flow in next year, not in the current year.",11,neutral,0.16498857736587524,0.010935117490589619,0.8240762948989868,0.8240762948989868
BAJAJFIN,Bajaj Finance,NBFC,Q2FY25,Rajeev Jain,Management,"Three scenarios, right? It goes up further, good. Remains flat, good. Goes down, we have seen",16,positive,0.7474727034568787,0.09437824040651321,0.15814906358718872,0.7474727034568787
BAJAJFIN,Bajaj Finance,NBFC,Q2FY25,Rajeev Jain,Management,"Okay. It's okay. Let him -- sorry, go ahead, go ahead. And after this, you stop, Viral. Go ahead,",19,neutral,0.050705425441265106,0.11266978085041046,0.8366248607635498,0.8366248607635498
BAJAJFIN,Bajaj Finance,NBFC,Q2FY25,Rajeev Jain,Management,"Yes, I will tell you. No, it's a good point.",10,neutral,0.11072461307048798,0.02628624252974987,0.8629891276359558,0.8629891276359558
BAJAJFIN,Bajaj Finance,NBFC,Q2FY25,Rajeev Jain,Management,"I should have covered that at a fundamental level, see, one of the key modes that we've developed",18,neutral,0.13279010355472565,0.011095846071839333,0.8561140894889832,0.8561140894889832
BAJAJFIN,Bajaj Finance,NBFC,Q2FY25,Sandeep Jain,Management,"I'll take the first question. The other operating income, as you rightly called out, is on account",17,neutral,0.04320782795548439,0.05062157288193703,0.9061706066131592,0.9061706066131592
BAJAJFIN,Bajaj Finance,NBFC,Q2FY25,Rajeev Jain,Management,"No, but we had also guided that in the current year...",11,neutral,0.2942088544368744,0.02185642160475254,0.68393474817276,0.68393474817276
BAJAJFIN,Bajaj Finance,NBFC,Q2FY25,Sandeep Jain,Management,That's overall fee and other income put together. We are guided for the full year that between,17,neutral,0.07119813561439514,0.02026544138789177,0.908536434173584,0.908536434173584
BAJAJFIN,Bajaj Finance,NBFC,Q2FY25,Rajeev Jain,Management,The second question was going down the curve; we keep reiterating that is risk first. That's one,17,neutral,0.05187331140041351,0.048169076442718506,0.8999576568603516,0.8999576568603516
BAJAJFIN,Bajaj Finance,NBFC,Q2FY25,Rajeev Jain,Management,I have no view on the sector. I'm a bigger believer in micro than macro. I had made the point,20,neutral,0.06070861592888832,0.053053464740514755,0.8862379193305969,0.8862379193305969
BAJAJFIN,Bajaj Finance,NBFC,Q2FY25,Rajeev Jain,Management,Nothing. Thank you. Good night. I thought you're referring to Anuj. Thank you so much. Thank,16,neutral,0.2663784623146057,0.01998145878314972,0.7136400938034058,0.7136400938034058
BAJAJFIN,Bajaj Finance,NBFC,Q3FY25,Rajeev Jain,Management,"Thank you, Subbu. Thank you, Morgan Stanley, for hosting this call. I have with me in the room, Sandeep Jain,",20,neutral,0.08496861904859543,0.011734718456864357,0.9032966494560242,0.9032966494560242
BAJAJFIN,Bajaj Finance,NBFC,Q3FY25,Rajeev Jain,Management,I'll give the easier one first. The first one requires a little longer explanation. We'll provide FY '27 guidance along,20,neutral,0.05072294548153877,0.015089698135852814,0.9341873526573181,0.9341873526573181
BAJAJFIN,Bajaj Finance,NBFC,Q3FY25,Sandeep Jain,Management,"Yes. So, I think as Rajeev called out, these are the actions that we have taken on a voluntary basis. We looked at",23,neutral,0.06677284836769104,0.018851997330784798,0.9143751859664917,0.9143751859664917
BAJAJFIN,Bajaj Finance,NBFC,Q3FY25,Rajeev Jain,Management,"We could have taken a view to do an overlay, given the environment, global environment, not local environment,",18,neutral,0.1020309254527092,0.012931759469211102,0.885037362575531,0.885037362575531
BAJAJFIN,Bajaj Finance,NBFC,Q3FY25,Sandeep Jain,Management,"And as the Board and committee approved the change, I think they were also very clear in communication that",19,neutral,0.35427531599998474,0.016843101009726524,0.6288815140724182,0.6288815140724182
BAJAJFIN,Bajaj Finance,NBFC,Q3FY25,Rajeev Jain,Management,"I want to correct you, this is by management, point number one. Two, fully supported and ratified by the Board.",20,neutral,0.07874251902103424,0.01271290797740221,0.9085445404052734,0.9085445404052734
BAJAJFIN,Bajaj Finance,NBFC,Q3FY25,Sandeep Jain,Management,"So, Abhijit as you would recollect, the recent times have been extremely volatile, not only in terms of just the",20,neutral,0.0953570231795311,0.4047015607357025,0.499941349029541,0.499941349029541
BAJAJFIN,Bajaj Finance,NBFC,Q3FY25,Rajeev Jain,Management,I'll just make added point from -- so that the question is in addition to why now to the direction of travel on credit,24,neutral,0.04396258294582367,0.024941470474004745,0.9310958981513977,0.9310958981513977
BAJAJFIN,Bajaj Finance,NBFC,Q3FY25,Sandeep Jain,Management,"I think on a lighter note, Rajeev, there could not be a better occasion to communicate and give the message to",21,neutral,0.17874038219451904,0.016731511801481247,0.8045280575752258,0.8045280575752258
BAJAJFIN,Bajaj Finance,NBFC,Q3FY25,Sandeep Jain,Management,We were expecting that this question will be raised regarding the timing of the provisioning. I think as I recollect,20,neutral,0.04089108482003212,0.032502301037311554,0.9266066551208496,0.9266066551208496
BAJAJFIN,Bajaj Finance,NBFC,Q3FY25,Rajeev Jain,Management,"We saw some -- not material. So, it is yet to play through. And we are mostly -- as I was making a point that over",26,neutral,0.12391402572393417,0.05397415906190872,0.8221118450164795,0.8221118450164795
BAJAJFIN,Bajaj Finance,NBFC,Q3FY25,Sandeep Jain,Management,"Yes, if I may just add on the MSME point, I think we had called out this last quarter as well that looking at the",25,neutral,0.07562968879938126,0.02126956358551979,0.9031007885932922,0.9031007885932922
BAJAJFIN,Bajaj Finance,NBFC,Q3FY25,Sandeep Jain,Management,"Yes, Piran, you're right. It goes and directly sits in the reserves. It doesn't come in the P&L at all.",20,neutral,0.03240125626325607,0.031688205897808075,0.9359105229377747,0.9359105229377747
BAJAJFIN,Bajaj Finance,NBFC,Q3FY25,Sandeep Jain,Management,"The entire amount net of tax goes and sits in the reserve line. And it's obvious, right? In the consolidated financial",21,neutral,0.04156806319952011,0.03782997280359268,0.9206019639968872,0.9206019639968872
BAJAJFIN,Bajaj Finance,NBFC,Q3FY25,Sandeep Jain,Management,"I think as regards write-off policy is concerned, Piran, we are -- which is reasonably prudent. We ensure that all",20,neutral,0.07553394138813019,0.01574821025133133,0.9087178707122803,0.9087178707122803
BAJAJFIN,Bajaj Finance,NBFC,Q3FY25,Rajeev Jain,Management,"Piran, this should gravitate closer to -- from the next fiscal gravitate closer to between 18% and 20%. It’s just",20,neutral,0.2076130211353302,0.04106912016868591,0.7513178586959839,0.7513178586959839
BAJAJFIN,Bajaj Finance,NBFC,Q3FY25,Sandeep Jain,Management,"There were one-timers in the last year, we had some INR 80 crores of gain sitting in the other operating income",21,neutral,0.22105816006660461,0.01639336533844471,0.7625484466552734,0.7625484466552734
BAJAJFIN,Bajaj Finance,NBFC,Q3FY25,Sandeep Jain,Management,"There's no one-timer. This is core growth. Yes, core growth. And as Rajeev alluded to, as we get into FY '27",21,neutral,0.11789615452289581,0.015528244897723198,0.8665755987167358,0.8665755987167358
BAJAJFIN,Bajaj Finance,NBFC,Q3FY25,Rajeev Jain,Management,"No, no, the plan is very clear. If you actually go to the first nine months of growth in AUM, okay, I mean, MFI is",25,neutral,0.09104030579328537,0.012836492620408535,0.8961231708526611,0.8961231708526611
BAJAJFIN,Bajaj Finance,NBFC,Q3FY25,Rajeev Jain,Management,It is ROE and ROA both. I mean we give same amount of leverage to each business other than the mortgage,21,neutral,0.042384691536426544,0.01520200539380312,0.9424132704734802,0.9424132704734802
BAJAJFIN,Bajaj Finance,NBFC,Q3FY25,Rajeev Jain,Management,"No, just I think just related to businesses, and I want to refer back to even Abhishek's point, I want you guys when",23,neutral,0.03725512698292732,0.023412924259901047,0.9393319487571716,0.9393319487571716
BAJAJFIN,Bajaj Finance,NBFC,Q3FY25,Rajeev Jain,Management,"Yes. Yes. That's correct. Between 7% and 10% is what it gravitated around. Mind you, Shivani, if I may make a",21,neutral,0.09164063632488251,0.030516719445586205,0.8778426051139832,0.8778426051139832
BAJAJFIN,Bajaj Finance,NBFC,Q3FY25,Rajeev Jain,Management,"Partially, it's true. I mean if there is only one red flag that I would have is that the overall consumer leverage",22,neutral,0.09147430211305618,0.040249068289995193,0.8682765960693359,0.8682765960693359
BAJAJFIN,Bajaj Finance,NBFC,Q3FY25,Sandeep Jain,Management,"Just on the LGD piece, I think as you see Slide #54, where we have provided provisioning coverage ratio by",20,neutral,0.18682391941547394,0.010216371156275272,0.8029597401618958,0.8029597401618958
BAJAJFIN,Bajaj Finance,NBFC,Q3FY25,Rajeev Jain,Management,"Sustained distribution expansion, that's one part. We will continue to expand. We foresee business continue to",16,positive,0.855722963809967,0.008031313307583332,0.13624563813209534,0.855722963809967
BAJAJFIN,Bajaj Finance,NBFC,Q3FY25,Rajeev Jain,Management,"Yes. I mean I've used the word quite optimistic if you see in my investor deck as well. So, we are quite optimistic.",23,neutral,0.15732945501804352,0.013889552094042301,0.828781008720398,0.828781008720398
BAJAJFIN,Bajaj Finance,NBFC,Q3FY25,Rajeev Jain,Management,"So, all LRS in general or any management strategy is on a continuum, okay. It's on a continuum. At a design level,",22,neutral,0.04899038001894951,0.019774284213781357,0.9312353134155273,0.9312353134155273
BAJAJFIN,Bajaj Finance,NBFC,Q3FY25,Rajeev Jain,Management,"No. Thank you. I would just say focus on core operating performance remains strong, and we are quite excited",19,positive,0.9449737071990967,0.013255801983177662,0.04177044332027435,0.9449737071990967
BAJAJFIN,Bajaj Finance,NBFC,Q4FY25,Rajeev Jain,Management,"Thank you, Ajit. Thank you, JM. Good evening or good morning, depending on the",14,neutral,0.09147118777036667,0.021445441991090775,0.8870833516120911,0.8870833516120911
BAJAJFIN,Bajaj Finance,NBFC,Q4FY25,Rajeev Jain,Management,I would just say the more important point or a meta point in this is we are entering,18,neutral,0.06900562345981598,0.02599545381963253,0.9049989581108093,0.9049989581108093
BAJAJFIN,Bajaj Finance,NBFC,Q4FY25,Sandeep Jain,Management,So I think what Rajeev is trying to say is some level of conservatism in terms of,17,neutral,0.08379814773797989,0.024754147976636887,0.8914477229118347,0.8914477229118347
BAJAJFIN,Bajaj Finance,NBFC,Q4FY25,"We have to wait and see how situation evolves eventually.
Rajeev Jain",Management,"No, I'm also making a point that we have tailwinds on credit cost. We don't have",16,negative,0.02093631587922573,0.8986265659332275,0.08043713867664337,0.8986265659332275
BAJAJFIN,Bajaj Finance,NBFC,Q4FY25,Rajeev Jain,Management,"Yes. Okay. Got it. See, the answer is to the second part is, no. See, look, if you go",19,neutral,0.04122623801231384,0.054406024515628815,0.9043678045272827,0.9043678045272827
BAJAJFIN,Bajaj Finance,NBFC,Q4FY25,Sandeep Jain,Management,"Yes. And just to help you with the math on 4.6%, the guidance metric for the next",17,neutral,0.08399061113595963,0.015229822136461735,0.9007796049118042,0.9007796049118042
BAJAJFIN,Bajaj Finance,NBFC,Q4FY25,Sandeep Jain,Management,"Yes. So Kunal, the idea would be to maintain the portfolio mix. I think that's very,",16,neutral,0.10405368357896805,0.014007623307406902,0.8819387555122375,0.8819387555122375
BAJAJFIN,Bajaj Finance,NBFC,Q4FY25,Rajeev Jain,Management,"Just the last point I'll make, Kunal, if you plot Panel 63 of composition of our",16,neutral,0.027067556977272034,0.03699759021401405,0.935934841632843,0.935934841632843
BAJAJFIN,Bajaj Finance,NBFC,Q4FY25,Rajeev Jain,Management,"Yes. So Piran, if you recall, in Q3, I made a point that I'm not necessarily a very big",19,neutral,0.11339623481035233,0.07549668848514557,0.8111070394515991,0.8111070394515991
BAJAJFIN,Bajaj Finance,NBFC,Q4FY25,Rajeev Jain,Management,"For new businesses, it's a metric that we drive. So let's say, if you take 2-wheeler",16,neutral,0.059169139713048935,0.014865831471979618,0.9259650111198425,0.9259650111198425
BAJAJFIN,Bajaj Finance,NBFC,Q4FY25,Rajeev Jain,Management,"Kuntal, yes, so benefits, as I said, consumers and employees both should",12,neutral,0.12950019538402557,0.012853593565523624,0.8576461672782898,0.8576461672782898
BAJAJFIN,Bajaj Finance,NBFC,Q4FY25,Rajeev Jain,Management,"We don't. Otherwise, it will become a new added metric. And we anyway publish",14,neutral,0.09789463877677917,0.012082602828741074,0.8900227546691895,0.8900227546691895
BAJAJFIN,Bajaj Finance,NBFC,Q4FY25,Rajeev Jain,Management,"You will experience, Kuntal, as consumers, on the app very soon, AI summaries will",14,neutral,0.06303375214338303,0.010637972503900528,0.9263282418251038,0.9263282418251038
BAJAJFIN,Bajaj Finance,NBFC,Q4FY25,Sandeep Jain,Management,So I think your assessment is correct versus 165 to 175 that Rajeev -- that becomes,16,positive,0.46557313203811646,0.1304987370967865,0.40392807126045227,0.46557313203811646
BAJAJFIN,Bajaj Finance,NBFC,Q4FY25,Rajeev Jain,Management,"Shubhranshu, I need AI for all the 3 questions. They're all 3 different. But on a",16,neutral,0.03694111481308937,0.035028427839279175,0.9280304312705994,0.9280304312705994
BAJAJFIN,Bajaj Finance,NBFC,Q4FY25,Sandeep Jain,Management,"Yes. So on the opex side, I think the results sheet carries additional breakups in",15,negative,0.0715765729546547,0.5376149415969849,0.39080849289894104,0.5376149415969849
BAJAJFIN,Bajaj Finance,NBFC,Q4FY25,Rajeev Jain,Management,"But we have tailwinds. I made the point earlier. I would just make a point,",15,neutral,0.09022549539804459,0.08053193986415863,0.8292425870895386,0.8292425870895386
BAJAJFIN,Bajaj Finance,NBFC,Q4FY25,Sandeep Jain,Management,I think the long-term guidance that we give at this point in time is between 22%,16,neutral,0.040770161896944046,0.02373759262263775,0.9354922771453857,0.9354922771453857
BAJAJFIN,Bajaj Finance,NBFC,Q4FY25,Rajeev Jain,Management,"I'll just make a point that, look, for INR100,000 crore addition in balance sheet, the",15,neutral,0.07644423842430115,0.019341029226779938,0.9042147397994995,0.9042147397994995
BAJAJFIN,Bajaj Finance,NBFC,Q4FY25,Rajeev Jain,Management,"Okay, your observation is correct. I think first point. Point number two, I think pre-",15,neutral,0.06107700988650322,0.02928401343524456,0.9096390008926392,0.9096390008926392
BAJAJFIN,Bajaj Finance,NBFC,Q4FY25,Rajeev Jain,Management,Thank you. Wish us luck. Wish the world luck. Thank you. Thank you all.,14,neutral,0.430399626493454,0.014599637128412724,0.5550007820129395,0.5550007820129395
HDFC,HDFC Bank,Banking,Q1FY25,"Vaidyanathan.
Srinivasan Vaidyanathan",Management,"Thank you, thank you Neerav. Good evening and welcome to all the participants today. We have",16,positive,0.5220780968666077,0.012573439627885818,0.46534842252731323,0.5220780968666077
HDFC,HDFC Bank,Banking,Q1FY25,Sashidhar Jagdishan,Management,Thank you Srini and thank you all in the call to join us on a Saturday evening. Let me just start off,22,neutral,0.052068114280700684,0.01945778727531433,0.9284741282463074,0.9284741282463074
HDFC,HDFC Bank,Banking,Q1FY25,Srinivasan Vaidyanathan,Management,"Thank you, Sashi. We go straight to Q&A; we can open it up and proceed. Neerav, please open",18,neutral,0.03672638535499573,0.01675041764974594,0.9465231895446777,0.9465231895446777
HDFC,HDFC Bank,Banking,Q1FY25,Srinivasan Vaidyanathan,Management,"Okay. Thank you. Thank you, Mahrukh. Good evening. Let's talk about the margin. And you asked",16,neutral,0.138156920671463,0.013480073772370815,0.8483629822731018,0.8483629822731018
HDFC,HDFC Bank,Banking,Q1FY25,Sashidhar Jagdishan,Management,So we are seeing some amount of healthy demand from the rural side. I think the segment which,18,positive,0.8518543243408203,0.01243673637509346,0.1357090324163437,0.8518543243408203
HDFC,HDFC Bank,Banking,Q1FY25,Srinivasan Vaidyanathan,Management,"Okay. Yes. A few things. One, on the rejig of the portfolio, you'll see it on Page 11. You'll see that",21,neutral,0.04082591086626053,0.02803913876414299,0.9311349987983704,0.9311349987983704
HDFC,HDFC Bank,Banking,Q1FY25,Bhavin Lakhpatwala,Management,"Rikin, the respective product heads, like for example, the SLI head is continuing to be the same",17,neutral,0.03148042783141136,0.02337917871773243,0.9451404213905334,0.9451404213905334
HDFC,HDFC Bank,Banking,Q1FY25,Srinivasan Vaidyanathan,Management,"How you do a settlement? If you do a settlement, one-time settlement, it's now part of the NPA.",18,neutral,0.03232233598828316,0.032349418848752975,0.9353281855583191,0.9353281855583191
HDFC,HDFC Bank,Banking,Q1FY25,Srinivasan Vaidyanathan,Management,"Credit costs, normally, in the June and December quarters are slightly elevated, because of the agri",16,positive,0.4938512146472931,0.36948832869529724,0.13666044175624847,0.4938512146472931
HDFC,HDFC Bank,Banking,Q1FY25,Pranav,Management,Two questions. One on the CASA deposit. The bank hasn't really gained CASA market share or,16,neutral,0.2030828446149826,0.01953236758708954,0.7773847579956055,0.7773847579956055
HDFC,HDFC Bank,Banking,Q1FY25,Sashidhar Jagdishan,Management,"Pranav, let me answer this and then Srini can sort of complement what I'm trying to tell. So, number",19,neutral,0.0405438095331192,0.028429469093680382,0.9310267567634583,0.9310267567634583
HDFC,HDFC Bank,Banking,Q1FY25,Sashidhar Jagdishan,Management,"HDB, we have maintained this. I think the segment that they cater to is about a notch or two below",20,neutral,0.08923123776912689,0.015102389268577099,0.8956663608551025,0.8956663608551025
HDFC,HDFC Bank,Banking,Q1FY25,Srinivasan Vaidyanathan,Management,"One other aspect of what you had asked also, Pranav, if I venture to say, in our customer base,",19,neutral,0.04537007585167885,0.017956258729100227,0.9366737008094788,0.9366737008094788
HDFC,HDFC Bank,Banking,Q1FY25,Pranav,Management,Thanks. Very clear on the HDB one. Just a quick follow-up on the CASA one. I was more,18,neutral,0.21889527142047882,0.012549242936074734,0.7685555219650269,0.7685555219650269
HDFC,HDFC Bank,Banking,Q1FY25,Sashidhar Jagdishan,Management,"No, I don't think, Pranav, if I have understood you right, are you saying that the slowdown in",18,neutral,0.059055667370557785,0.282016396522522,0.6589279174804688,0.6589279174804688
HDFC,HDFC Bank,Banking,Q1FY25,Sashidhar Jagdishan,Management,"Not really. You see, the thing is, corporate contributes to just a very smaller segment or proportion",17,neutral,0.03263808414340019,0.05749112367630005,0.9098707437515259,0.9098707437515259
HDFC,HDFC Bank,Banking,Q1FY25,Sashidhar Jagdishan,Management,"No. See, on the employee front, while I think Srini and the team will give you greater colour. But",19,positive,0.7429801821708679,0.008659370243549347,0.24836039543151855,0.7429801821708679
HDFC,HDFC Bank,Banking,Q1FY25,Srinivasan Vaidyanathan,Management,"A lot of the people, we have added in the sales force. That is part of the approach, both asset sales",21,neutral,0.07870717346668243,0.012788627296686172,0.9085041880607605,0.9085041880607605
HDFC,HDFC Bank,Banking,Q1FY25,Sashidhar Jagdishan,Management,"Yes. That is, as I said, that is the thing. I mean, see, the thing is I am not sort of here to say that I",26,neutral,0.0590660385787487,0.11729097366333008,0.8236430287361145,0.8236430287361145
HDFC,HDFC Bank,Banking,Q1FY25,Srinivasan Vaidyanathan,Management,"I think you answered the segment of growth, if any specific segment.",12,neutral,0.04605723172426224,0.024310775101184845,0.9296320080757141,0.9296320080757141
HDFC,HDFC Bank,Banking,Q1FY25,Sashidhar Jagdishan,Management,"That I have just mentioned a few questions ago, Kunal. I mentioned about the fact that where we",18,neutral,0.03929923102259636,0.027178078889846802,0.9335227012634277,0.9335227012634277
HDFC,HDFC Bank,Banking,Q1FY25,Srinivasan Vaidyanathan,Management,"Even in this quarter, we did see approximately 1,000 people migration from back office to front",16,neutral,0.28106269240379333,0.10088452696800232,0.6180527806282043,0.6180527806282043
HDFC,HDFC Bank,Banking,Q1FY25,Srinivasan Vaidyanathan,Management,"I'll start on the deposits. See, we have a significant portion of deposits, which are call it 12 to 18",20,neutral,0.03754197806119919,0.017713984474539757,0.9447440505027771,0.9447440505027771
HDFC,HDFC Bank,Banking,Q1FY25,Srinivasan Vaidyanathan,Management,"Yes. See, the disbursal growth in mortgages, if you see, is consciously down. The reason being",16,negative,0.03880072012543678,0.6977905035018921,0.26340869069099426,0.6977905035018921
HDFC,HDFC Bank,Banking,Q1FY25,Srinivasan Vaidyanathan,Management,"See, fee income this quarter has been subdued due to the third-party distribution fees. That's where",16,negative,0.02709527313709259,0.929098904132843,0.043805815279483795,0.929098904132843
HDFC,HDFC Bank,Banking,Q1FY25,Srinivasan Vaidyanathan,Management,"No, I don't want to give one particular outlook, but then certainly it depends. I think Sashi alluded",18,neutral,0.04044272005558014,0.03595469519495964,0.9236026406288147,0.9236026406288147
HDFC,HDFC Bank,Banking,Q1FY25,Srinivasan Vaidyanathan,Management,"Cost-to-income is always a priority, even at the rate of growth that we aspire to do. We are at a",20,neutral,0.1337016522884369,0.016755057498812675,0.8495432734489441,0.8495432734489441
HDFC,HDFC Bank,Banking,Q1FY25,Srinivasan Vaidyanathan,Management,"See, I'm going to take that, Abhishek, from a CD ratio. We are at 95, 96. Last quarter was 96. We",21,neutral,0.05772186070680618,0.0247421283274889,0.9175360202789307,0.9175360202789307
HDFC,HDFC Bank,Banking,Q1FY25,Sashidhar Jagdishan,Management,"Yes, theoretically, I agree with you, Abhishek. But as I said, it will have a certain amount of",18,neutral,0.18821083009243011,0.010489045642316341,0.8013001084327698,0.8013001084327698
HDFC,HDFC Bank,Banking,Q1FY25,Srinivasan Vaidyanathan,Management,"Abhishek, we should look at what is contingent provision. As the name suggests, it is contingent",16,neutral,0.04187891259789467,0.023937560617923737,0.9341835975646973,0.9341835975646973
HDFC,HDFC Bank,Banking,Q1FY25,Sashidhar Jagdishan,Management,"While Srini may probably give some numbers, if at all he does, but I can tell you that that continues",20,neutral,0.06948138773441315,0.021790795028209686,0.908727765083313,0.908727765083313
HDFC,HDFC Bank,Banking,Q1FY25,"I think this is something that we are proud of.
Srinivasan Vaidyanathan",Management,"On the particular number, if you look at the NPA on the retail segment excluding agri, it’s at about",19,neutral,0.024327488616108894,0.036923255771398544,0.9387492537498474,0.9387492537498474
HDFC,HDFC Bank,Banking,Q1FY25,Bhavin Lakhpatwala,Management,"Chintan, that 20F is a consolidation of all the subsidiaries. If you look at any numbers there and",18,neutral,0.030086152255535126,0.023232663050293922,0.9466811418533325,0.9466811418533325
HDFC,HDFC Bank,Banking,Q1FY25,Bhavin Lakhpatwala,Management,"If you see the borrowings that we do give a breakup, we constantly have something which comes",17,neutral,0.04913545399904251,0.030024830251932144,0.9208396673202515,0.9208396673202515
HDFC,HDFC Bank,Banking,Q1FY25,Sashidhar Jagdishan,Management,"Little two bits on this one, Chintan. Even if there are opportunities, you have to take a fair value",19,neutral,0.07627787441015244,0.026579836383461952,0.8971422910690308,0.8971422910690308
HDFC,HDFC Bank,Banking,Q1FY25,Srinivasan Vaidyanathan,Management,"On the PSL, you touched upon the PSL. Yes, right, PSL is an active management book in terms",18,neutral,0.09397714585065842,0.011489053256809711,0.8945338129997253,0.8945338129997253
HDFC,HDFC Bank,Banking,Q1FY25,Sashidhar Jagdishan,Management,"Even as we speak, I think, we are reasonably Comfortable at an overall private sector portfolio",16,neutral,0.3627072870731354,0.010010319761931896,0.6272823810577393,0.6272823810577393
HDFC,HDFC Bank,Banking,Q1FY25,Srinivasan Vaidyanathan,Management,The the only thing we always look for to get is the small and marginal farmer and the micro,19,neutral,0.03597458451986313,0.09896139800548553,0.8650640249252319,0.8650640249252319
HDFC,HDFC Bank,Banking,Q1FY25,Bhavin Lakhpatwala,Management,It will depend on if there is another rate cut coming or not during the year.,16,neutral,0.025809546932578087,0.17280544340610504,0.8013849854469299,0.8013849854469299
HDFC,HDFC Bank,Banking,Q1FY25,Bhavin Lakhpatwala,Management,"Then you should expect that to happen subject to repricing on the liability side, which should come",17,neutral,0.07758703827857971,0.022487495094537735,0.8999254107475281,0.8999254107475281
HDFC,HDFC Bank,Banking,Q1FY25,Srinivasan Vaidyanathan,Management,"The deposit costs are managed deposit costs, and the deposit costs do not reflect yet fully pricing",17,neutral,0.015153503976762295,0.09637945145368576,0.888467013835907,0.888467013835907
HDFC,HDFC Bank,Banking,Q1FY25,Sashidhar Jagdishan,Management,"Having said that, I sort of mentioned in the past, liabilities are more fixed in nature. So even",18,neutral,0.04069254919886589,0.06002430245280266,0.8992831110954285,0.8992831110954285
HDFC,HDFC Bank,Banking,Q1FY25,Srinivasan Vaidyanathan,Management,"I would urge to look at these things only annually, not quarterly.",12,neutral,0.030062798410654068,0.03668418154120445,0.9332529902458191,0.9332529902458191
HDFC,HDFC Bank,Banking,Q1FY25,Sashidhar Jagdishan,Management,"Absolutely. Which is what you have been mentioning, even in your last earnings call.",14,neutral,0.06748147308826447,0.023020077496767044,0.9094984531402588,0.9094984531402588
HDFC,HDFC Bank,Banking,Q1FY25,Srinivasan Vaidyanathan,Management,"Look, again, it's a question of the overall credit cost in the industry or at the bank remains pretty",19,neutral,0.03557979688048363,0.19315379858016968,0.7712664008140564,0.7712664008140564
HDFC,HDFC Bank,Banking,Q1FY25,Bhavin Lakhpatwala,Management,"It'll be difficult to gauge that, right? Because there's a large segment there and different players",16,neutral,0.05204753577709198,0.07008273154497147,0.877869725227356,0.877869725227356
HDFC,HDFC Bank,Banking,Q1FY25,Srinivasan Vaidyanathan,Management,"Okay. Thank you all for participating today. If you have any more questions, queries, comments",15,neutral,0.03553403168916702,0.027577992528676987,0.9368879199028015,0.9368879199028015
HDFC,HDFC Bank,Banking,Q2FY25,Srinivasan Vaidyanathan,Management,"Thank you, Nirav. Good evening, and welcome to all the participants on a very busy day.",16,positive,0.6662887930870056,0.015790773555636406,0.31792038679122925,0.6662887930870056
HDFC,HDFC Bank,Banking,Q2FY25,Sashidhar Jagdishan,Management,"Good evening, friends. First, let me wish all of you Shubha Dhanteras and Shubha Deepavali.",15,neutral,0.08495402336120605,0.017757762223482132,0.8972882628440857,0.8972882628440857
HDFC,HDFC Bank,Banking,Q2FY25,Srinivasan Vaidyanathan,Management,": Yes. The recoveries, I have a one-off there, where there was an NPA, which performed satisfactorily",17,neutral,0.21203124523162842,0.05857439339160919,0.7293943166732788,0.7293943166732788
HDFC,HDFC Bank,Banking,Q2FY25,Srinivasan Vaidyanathan,Management,"10 basis points. 1.4% was the prior quarter NPA, we ended up at 1.24%, about 10 basis points was",19,neutral,0.03374948352575302,0.05045287311077118,0.9157977104187012,0.9157977104187012
HDFC,HDFC Bank,Banking,Q2FY25,Srinivasan Vaidyanathan,Management,"Okay. So, let me take that. See, there are two things, Mahrukh. If you look at the yield on assets,",20,neutral,0.041226521134376526,0.044340264052152634,0.9144332408905029,0.9144332408905029
HDFC,HDFC Bank,Banking,Q2FY25,Srinivasan Vaidyanathan,Management,"Okay. Good question. Thank you for asking that. See, our LDR, we started the year at about 96 and",19,neutral,0.11134080588817596,0.021050307899713516,0.8676088452339172,0.8676088452339172
HDFC,HDFC Bank,Banking,Q2FY25,Sashidhar Jagdishan,Management,Let me come in out here. It is obvious you are seeing this kind of a buildup of the capital ratios in the,23,negative,0.14618924260139465,0.6633961200714111,0.1904146671295166,0.6633961200714111
HDFC,HDFC Bank,Banking,Q2FY25,Srinivasan Vaidyanathan,Management,"You are right. Even in this quarter if you look at it, our capital generated is 60 basis points and the",21,neutral,0.057169996201992035,0.03264506161212921,0.9101849794387817,0.9101849794387817
HDFC,HDFC Bank,Banking,Q2FY25,Sashidhar Jagdishan,Management,"Having said that, if there are any opportunities that may arise in terms of other options that are",18,neutral,0.12846492230892181,0.009933892637491226,0.8616012334823608,0.8616012334823608
HDFC,HDFC Bank,Banking,Q2FY25,Srinivasan Vaidyanathan,Management,Yes. Our cost of funds moved down by about 18 - 19 basis points or so in this quarter. Deposit cost,21,negative,0.02686394564807415,0.9189931154251099,0.054142918437719345,0.9189931154251099
HDFC,HDFC Bank,Banking,Q2FY25,Sashidhar Jagdishan,Management,"Yes, that is right. Chintan, it is also about duration. Because we need stability in our balance sheet,",18,neutral,0.13782820105552673,0.01409017201513052,0.848081648349762,0.848081648349762
HDFC,HDFC Bank,Banking,Q2FY25,Srinivasan Vaidyanathan,Management,"Yes, annual report reflects the maturity profile of this over the next few years.",14,neutral,0.11946617066860199,0.00882640015333891,0.8717074394226074,0.8717074394226074
HDFC,HDFC Bank,Banking,Q2FY25,Srinivasan Vaidyanathan,Management,"On the deposits, the market share is an outcome, and our approach is as granular as possible and as",19,neutral,0.1031915545463562,0.0158409234136343,0.8809674978256226,0.8809674978256226
HDFC,HDFC Bank,Banking,Q2FY25,Sashidhar Jagdishan,Management,"Kunal, when I did my opening remarks, I did mention that there was an element of disciplined pricing",18,neutral,0.12701834738254547,0.02196464315056801,0.8510170578956604,0.8510170578956604
HDFC,HDFC Bank,Banking,Q2FY25,Srinivasan Vaidyanathan,Management,"Yes, that is exactly, there is an opportunity space. Contingent provision as the name suggests, it is",17,neutral,0.10864382237195969,0.010203473269939423,0.8811526894569397,0.8811526894569397
HDFC,HDFC Bank,Banking,Q2FY25,Srinivasan Vaidyanathan,Management,"No. The fee element, if you look at it, the fee has grown by about 9% or thereabouts. In fact, the",21,positive,0.8224091529846191,0.018895143643021584,0.15869571268558502,0.8224091529846191
HDFC,HDFC Bank,Banking,Q2FY25,Sashidhar Jagdishan,Management,"No, not wholesale. Kunal, the fact of the matter is you started to see the asset buildup happening, the",19,neutral,0.16316503286361694,0.029133789241313934,0.8077012300491333,0.8077012300491333
HDFC,HDFC Bank,Banking,Q2FY25,Sashidhar Jagdishan,Management,"So, let me try and attempt this and maybe later on, Kaizad or Srini can just jump in. Number one is,",21,neutral,0.06407375633716583,0.017190350219607353,0.9187358617782593,0.9187358617782593
HDFC,HDFC Bank,Banking,Q2FY25,Srinivasan Vaidyanathan,Management,"I will add to Kaizad, so that this number we can keep talking and tracking - credit cards for when a",21,neutral,0.06502752751111984,0.010688909329473972,0.9242835640907288,0.9242835640907288
HDFC,HDFC Bank,Banking,Q2FY25,Sashidhar Jagdishan,Management,And the end result in terms of the balance buildup in such accounts are far higher than the normal,19,positive,0.7188118696212769,0.12214987725019455,0.15903815627098083,0.7188118696212769
HDFC,HDFC Bank,Banking,Q2FY25,Srinivasan Vaidyanathan,Management,"Yes. Anand, those opportunity space on the ROA, yes, we are between 1.8% to 1.85% to 1.95%.",17,neutral,0.11547765135765076,0.021993454545736313,0.8625288605690002,0.8625288605690002
HDFC,HDFC Bank,Banking,Q2FY25,Srinivasan Vaidyanathan,Management,"Yes. Rikin, the first thing is in terms of the cost of funds, every balance sheet has got a structure, a",21,neutral,0.052370548248291016,0.019287027418613434,0.9283424019813538,0.9283424019813538
HDFC,HDFC Bank,Banking,Q2FY25,Srinivasan Vaidyanathan,Management,"Abhishek, so going into one particular product rate, all I will tell you is that this is incremental to the",20,neutral,0.04457627236843109,0.029046321287751198,0.9263774156570435,0.9263774156570435
HDFC,HDFC Bank,Banking,Q2FY25,Srinivasan Vaidyanathan,Management,"First on the card overall, first is that the card growth I alluded to, I think it is 1-1.5 million new card",22,neutral,0.06090730428695679,0.017453454434871674,0.9216392040252686,0.9216392040252686
HDFC,HDFC Bank,Banking,Q2FY25,Sashidhar Jagdishan,Management,"See, very similar to what Kaizad and Srini have mentioned, I just wanted to add that there will be",19,neutral,0.1317734271287918,0.01344361063092947,0.8547829985618591,0.8547829985618591
HDFC,HDFC Bank,Banking,Q2FY25,Srinivasan Vaidyanathan,Management,"Normally, it has been between 65% to 75% or so is existing, and that has been the level at which we",21,neutral,0.050136223435401917,0.029443945735692978,0.9204198718070984,0.9204198718070984
HDFC,HDFC Bank,Banking,Q2FY25,Ravi Purohit,Management,"Thanks for the opportunity and happy Diwali to the entire team of HDFC Bank. So, I have two",18,neutral,0.2557116150856018,0.009403475560247898,0.7348848581314087,0.7348848581314087
HDFC,HDFC Bank,Banking,Q2FY25,Srinivasan Vaidyanathan,Management,"The first one is simple. Yes, I did mention to Mahrukh and to another person that the 10 basis points",20,neutral,0.04342593625187874,0.027963923290371895,0.9286101460456848,0.9286101460456848
HDFC,HDFC Bank,Banking,Q2FY25,Ravi Purohit,Management,"And sir, in the RBI policy recently, they had mentioned about Indian banks being allowed to",16,neutral,0.04920743405818939,0.027896592393517494,0.9228960275650024,0.9228960275650024
HDFC,HDFC Bank,Banking,Q2FY25,Ravi Purohit,Management,Okay. Great. Thanks a lot and once again seasons greetings to everyone.,12,positive,0.7674694061279297,0.013798405416309834,0.21873211860656738,0.7674694061279297
HDFC,HDFC Bank,Banking,Q2FY25,"Mr. Vaidyanathan for closing comments.
Srinivasan Vaidyanathan",Management,Thank you. I want to take this opportune time to wish all of you a very happy festival time with your,21,positive,0.5617882013320923,0.015303474850952625,0.42290833592414856,0.5617882013320923
HDFC,HDFC Bank,Banking,Q3FY25,Srinivasan Vaidyanathan,Management,"Okay. Thank you, Nirav. Good evening, and a warm welcome to all the participants. At the outset,",17,neutral,0.20586101710796356,0.011628818698227406,0.7825102210044861,0.7825102210044861
HDFC,HDFC Bank,Banking,Q3FY25,Sashidhar Jagdishan,Management,"Good evening, friends. Thank you very much for joining in on a Saturday evening. I know it's",17,neutral,0.3211125433444977,0.015013785101473331,0.6638736724853516,0.6638736724853516
HDFC,HDFC Bank,Banking,Q3FY25,Srinivasan Vaidyanathan,Management,"Okay. Thank you, Mahrukh. I'll take that. The first thing you touched upon is the LDR from a",18,neutral,0.11173927038908005,0.012487505562603474,0.8757732510566711,0.8757732510566711
HDFC,HDFC Bank,Banking,Q3FY25,Srinivasan Vaidyanathan,Management,Our agri portfolio is published. You'll be able to see the...,11,neutral,0.1388765424489975,0.010370652191340923,0.8507527709007263,0.8507527709007263
HDFC,HDFC Bank,Banking,Q3FY25,Srinivasan Vaidyanathan,Management,"No, that's not consequent to this at all because it depends on loan item and what is the scale of",20,neutral,0.026880480349063873,0.06615324318408966,0.9069662690162659,0.9069662690162659
HDFC,HDFC Bank,Banking,Q3FY25,Sashidhar Jagdishan,Management,"See, let me take this and maybe Srini and Kaizad can add into this if required. Kunal, if you recall,",20,neutral,0.048883333802223206,0.019698526710271835,0.9314181208610535,0.9314181208610535
HDFC,HDFC Bank,Banking,Q3FY25,Srinivasan Vaidyanathan,Management,"Like more than quantification. I mean, Kunal, that's part of the business. There are certain segments",16,neutral,0.03810356557369232,0.027645131573081017,0.9342513084411621,0.9342513084411621
HDFC,HDFC Bank,Banking,Q3FY25,Sashidhar Jagdishan,Management,"So you're right, Kunal. Just to supplement what Srini is saying. The good part is retail has grown",18,neutral,0.13093875348567963,0.0162767693400383,0.8527844548225403,0.8527844548225403
HDFC,HDFC Bank,Banking,Q3FY25,Srinivasan Vaidyanathan,Management,"Good point. Thanks for raising that. One, it is an estimate given whatever information that we",16,neutral,0.07546579092741013,0.0185000691562891,0.9060341715812683,0.9060341715812683
HDFC,HDFC Bank,Banking,Q3FY25,Sashidhar Jagdishan,Management,"Chintan, thanks for asking. I've given you a broad range because I don't want to box myself with",18,neutral,0.09125111252069473,0.01702597364783287,0.8917229175567627,0.8917229175567627
HDFC,HDFC Bank,Banking,Q3FY25,Srinivasan Vaidyanathan,Management,"Perfectly good. There will be seasonality in agri segment. Outside of that, every segment, including",15,neutral,0.1052531898021698,0.01700466126203537,0.8777421712875366,0.8777421712875366
HDFC,HDFC Bank,Banking,Q3FY25,Srinivasan Vaidyanathan,Management,"In the economy, the growth momentum, yes, if you look at some of those indicators that we have",18,neutral,0.06940234452486038,0.01721421256661415,0.9133833646774292,0.9133833646774292
HDFC,HDFC Bank,Banking,Q3FY25,Sashidhar Jagdishan,Management,"Nitin, repeat that. Nitin, repeat that? We could not hear you?",11,neutral,0.0327228419482708,0.17344142496585846,0.7938356995582581,0.7938356995582581
HDFC,HDFC Bank,Banking,Q3FY25,Srinivasan Vaidyanathan,Management,"Okay. So I'll get started with the last one first, which is to do with the branches. Nitin, you can't",20,neutral,0.029481371864676476,0.12739907205104828,0.8431195616722107,0.8431195616722107
HDFC,HDFC Bank,Banking,Q3FY25,Srinivasan Vaidyanathan,Management,"See Nitin these get benchmarked by district, by our presence in those districts, that's how we",16,neutral,0.11494200676679611,0.011182521469891071,0.8738754391670227,0.8738754391670227
HDFC,HDFC Bank,Banking,Q3FY25,Srinivasan Vaidyanathan,Management,"No. The new guidelines, we don't expect any material change that can impact us.",14,neutral,0.04878691956400871,0.046890679746866226,0.9043224453926086,0.9043224453926086
HDFC,HDFC Bank,Banking,Q3FY25,Srinivasan Vaidyanathan,Management,"Suresh, if you think about the margin, the most important lever on the margin is the cost of funds,",19,neutral,0.05300420895218849,0.03503330051898956,0.9119624495506287,0.9119624495506287
HDFC,HDFC Bank,Banking,Q3FY25,Srinivasan Vaidyanathan,Management,"The second aspect of the question I didn't get, probably we will see. But as far as the rate of growth",21,neutral,0.0739981085062027,0.030456028878688812,0.8955458998680115,0.8955458998680115
HDFC,HDFC Bank,Banking,Q3FY25,Srinivasan Vaidyanathan,Management,"No, I didn't give you a number. I said it's a good double-digit, and everything else was in single",19,neutral,0.05769478902220726,0.031924616545438766,0.9103805422782898,0.9103805422782898
HDFC,HDFC Bank,Banking,Q3FY25,Srinivasan Vaidyanathan,Management,"I don't think we have published that. But yes, when we say that is a branch-driven deposits where",18,neutral,0.029850754886865616,0.0359758585691452,0.9341734051704407,0.9341734051704407
HDFC,HDFC Bank,Banking,Q3FY25,Srinivasan Vaidyanathan,Management,"Yes. To answer in short, 5% to 7% implies 500 to 700 branches annual. I don't believe that, that",19,neutral,0.05942792072892189,0.048109885305166245,0.8924621939659119,0.8924621939659119
HDFC,HDFC Bank,Banking,Q3FY25,Sashidhar Jagdishan,Management,"Abhishek, just to add to what Srini is saying. If you've seen the last cohort of what he just said in",21,neutral,0.03044682741165161,0.05279240384697914,0.9167608022689819,0.9167608022689819
HDFC,HDFC Bank,Banking,Q3FY25,Sashidhar Jagdishan,Management,"Whether it's 40%, 50%, 60%, we will keep on recalibrating because there are a lot of things that",18,neutral,0.07972493767738342,0.013648202642798424,0.9066268801689148,0.9066268801689148
HDFC,HDFC Bank,Banking,Q3FY25,Srinivasan Vaidyanathan,Management,"Abhishek, a couple of things. One is the slippages. If you're looking at excluding agri slippages,",16,neutral,0.033059846609830856,0.22669854760169983,0.7402415871620178,0.7402415871620178
HDFC,HDFC Bank,Banking,Q3FY25,Srinivasan Vaidyanathan,Management,"See, in a growing book, if the slippage is steady, the losses are steady, recoveries are steady. I don't",19,neutral,0.17793157696723938,0.29723089933395386,0.5248374938964844,0.5248374938964844
HDFC,HDFC Bank,Banking,Q3FY25,Sashidhar Jagdishan,Management,"No, actually, great question, Abhishek. I think if you really look at it, the segment that we are",18,neutral,0.05438023433089256,0.020370731130242348,0.9252489805221558,0.9252489805221558
HDFC,HDFC Bank,Banking,Q3FY25,Srinivasan Vaidyanathan,Management,"I want to add one thing on the card, particularly the card revolving aspect of it, right, which is if",20,neutral,0.06967031210660934,0.013360262848436832,0.9169694781303406,0.9169694781303406
HDFC,HDFC Bank,Banking,Q3FY25,Srinivasan Vaidyanathan,Management,"See, we are addressing competition only through relationship and not through pricing. Mortgage",13,neutral,0.0774860605597496,0.013622256927192211,0.9088917374610901,0.9088917374610901
HDFC,HDFC Bank,Banking,Q3FY25,Srinivasan Vaidyanathan,Management,"Okay. Thank you, Nirav, and thanks to all the participants for taking the time to attend. At the",18,neutral,0.15655259788036346,0.01026666909456253,0.8331807851791382,0.8331807851791382
HDFC,HDFC Bank,Banking,Q3FY25,Sashidhar Jagdishan,Management,Thank you all. Thank you very much for all the hard work.,12,positive,0.7545853853225708,0.01613580621778965,0.22927887737751007,0.7545853853225708
HDFC,HDFC Bank,Banking,Q4FY25,Srinivasan Vaidyanathan,Management,"Thank you, Neerav. Good evening, and warm welcome to all the participants. Today, we have with",16,positive,0.5699324011802673,0.012419572100043297,0.4176480174064636,0.5699324011802673
HDFC,HDFC Bank,Banking,Q4FY25,Sashidhar Jagdishan,Management,"Thank you, Srini, and thank you all. Good afternoon to you, and welcome to the full year FY26",18,positive,0.5503363013267517,0.015850448980927467,0.4338132441043854,0.5503363013267517
HDFC,HDFC Bank,Banking,Q4FY25,Srinivasan Vaidyanathan,Management,"Thank you, Sashi. Nirav, with that, we can open it up for questions, please.",14,neutral,0.0726495012640953,0.011608876287937164,0.9157416224479675,0.9157416224479675
HDFC,HDFC Bank,Banking,Q4FY25,Srinivasan Vaidyanathan,Management,"Okay. Let me take that, if that's okay. See, if you look at the quarter, the INR 2.45 lakh crores of",21,neutral,0.04486963897943497,0.03208126872777939,0.9230490326881409,0.9230490326881409
HDFC,HDFC Bank,Banking,Q4FY25,Srinivasan Vaidyanathan,Management,"Yes. If you look at it, the liquidity, you look at the system, what kind of funds that have been",20,neutral,0.042214285582304,0.0275121983140707,0.9302735924720764,0.9302735924720764
HDFC,HDFC Bank,Banking,Q4FY25,Sashidhar Jagdishan,Management,Okay. Let me take one by one. The first one is on the growth in the system. At least if you see,22,neutral,0.060452479869127274,0.017623350024223328,0.9219241142272949,0.9219241142272949
HDFC,HDFC Bank,Banking,Q4FY25,Sashidhar Jagdishan,Management,"So if we have mobilized INR 3.9 2.7 lakh crores for the full year, 47% is that. Now in terms of the",22,neutral,0.06525227427482605,0.05069401115179062,0.8840537071228027,0.8840537071228027
HDFC,HDFC Bank,Banking,Q4FY25,Srinivasan Vaidyanathan,Management,"Kunal, in the past, we have mentioned that our endeavor for LCR is to be between 110% and",18,neutral,0.221750870347023,0.008367796428501606,0.7698813676834106,0.7698813676834106
HDFC,HDFC Bank,Banking,Q4FY25,Pranav,Management,"Thanks for taking my questions. My first question, Srini, is more on the guidance. I think if I heard",19,neutral,0.04977841302752495,0.02223174273967743,0.9279898405075073,0.9279898405075073
HDFC,HDFC Bank,Banking,Q4FY25,Srinivasan Vaidyanathan,Management,"So let me talk about what you ascribed to the borrowings mix changing. But yes, changing of the",18,neutral,0.08844562619924545,0.029674794524908066,0.8818795680999756,0.8818795680999756
HDFC,HDFC Bank,Banking,Q4FY25,Pranav,Management,"Understood. See, if I may just ask a follow-up. My question is more on relative. So hypothetically,",17,neutral,0.03458070382475853,0.03722003474831581,0.9281992316246033,0.9281992316246033
HDFC,HDFC Bank,Banking,Q4FY25,Srinivasan Vaidyanathan,Management,"Yes. If all else remaining same, that means no other factors play in, borrowing percentage coming",16,neutral,0.05960020422935486,0.01729322411119938,0.9231065511703491,0.9231065511703491
HDFC,HDFC Bank,Banking,Q4FY25,Pranav,Management,"Okay. Got it. On the first question on the metric, I think I heard you say that you focus more on",21,neutral,0.08581399917602539,0.01802707649767399,0.8961588740348816,0.8961588740348816
HDFC,HDFC Bank,Banking,Q4FY25,Srinivasan Vaidyanathan,Management,"ROA is what we should focus on. PPOP is an intermediate, right? I mean you take higher risk and",19,neutral,0.05196315795183182,0.027391554787755013,0.9206452965736389,0.9206452965736389
HDFC,HDFC Bank,Banking,Q4FY25,Srinivasan Vaidyanathan,Management,"Yes, profit growth and returns. Top line growth and returns",10,neutral,0.1482469141483307,0.01413868647068739,0.8376144170761108,0.8376144170761108
HDFC,HDFC Bank,Banking,Q4FY25,Srinivasan Vaidyanathan,Management,"Yes. Seshadri, if you look at the cost growth that we have, we have seen that at a level almost at,",21,neutral,0.4742240905761719,0.011924694292247295,0.5138512253761292,0.5138512253761292
HDFC,HDFC Bank,Banking,Q4FY25,Sashidhar Jagdishan,Management,"Which is what I mentioned, Seshadri, that if we just focus on the investments that we have made",18,neutral,0.06814200431108475,0.01446797326207161,0.9173900485038757,0.9173900485038757
HDFC,HDFC Bank,Banking,Q4FY25,Sashidhar Jagdishan,Management,"Thank you, Kaizad. That's extremely important as to what we are looking at from a mortgage book",17,neutral,0.13184763491153717,0.009462573565542698,0.8586897253990173,0.8586897253990173
HDFC,HDFC Bank,Banking,Q4FY25,"Thank you.
Srinivasan Vaidyanathan",Management,Okay. One thing that you touched upon is about the investment yield. Investment yields have been,16,neutral,0.07489562779664993,0.0334865041077137,0.8916178345680237,0.8916178345680237
HDFC,HDFC Bank,Banking,Q4FY25,Srinivasan Vaidyanathan,Management,"See, Rikin, I do want you to realize that you should appreciate that there is something called",17,neutral,0.2685258984565735,0.012363591231405735,0.7191104888916016,0.7191104888916016
HDFC,HDFC Bank,Banking,Q4FY25,Srinivasan Vaidyanathan,Management,"The other one you talked about the cost of funds, I think we published the cost of funds, which is",20,neutral,0.031156150624155998,0.053485140204429626,0.9153587222099304,0.9153587222099304
HDFC,HDFC Bank,Banking,Q4FY25,Srinivasan Vaidyanathan,Management,"Residual repricing, if everything else remains the same, there will be further reduction coming on",15,negative,0.060550980269908905,0.655877411365509,0.2835715711116791,0.655877411365509
HDFC,HDFC Bank,Banking,Q4FY25,Srinivasan Vaidyanathan,Management,There is some negative impact. If you see that the rate of growth on the treasury income is modest.,19,negative,0.04850054904818535,0.5741841197013855,0.37731534242630005,0.5741841197013855
HDFC,HDFC Bank,Banking,Q4FY25,Srinivasan Vaidyanathan,Management,"Again, I'll first take the third-party products. Yes, the third-party products revenue growth has been",15,positive,0.7730839848518372,0.010771984234452248,0.21614407002925873,0.7730839848518372
HDFC,HDFC Bank,Banking,Q4FY25,Srinivasan Vaidyanathan,Management,Nothing really to read into it. It's just a question of our RMs are engaged as much as they are,20,neutral,0.036154020577669144,0.21992932260036469,0.7439166307449341,0.7439166307449341
HDFC,HDFC Bank,Banking,Q4FY25,Srinivasan Vaidyanathan,Management,"Thank you. Thank you all for participating today. We are closing at the appointed time, which is",17,neutral,0.035652391612529755,0.018670685589313507,0.9456769227981567,0.9456769227981567
HUL,Hindustan Unilever,FMCG,Q1FY25,Yogesh Mulgaonkar,Management,"Welcome to the conference call of Hindustan Unilever Limited. This evening, we",12,neutral,0.09789897501468658,0.008471531793475151,0.8936294913291931,0.8936294913291931
HUL,Hindustan Unilever,FMCG,Q1FY25,Rohit Jawa,Management,"Thank you, Yogesh. Good afternoon, everyone. Thank you for joining us on the",13,positive,0.5871194005012512,0.01503706444054842,0.39784350991249084,0.5871194005012512
HUL,Hindustan Unilever,FMCG,Q1FY25,"Over to you.
Priya Nair",Management,"Thank you, Rohit. I am honored to be back. HUL is an exceptional business with a",16,positive,0.6227983236312866,0.010526132769882679,0.3666755259037018,0.6227983236312866
HUL,Hindustan Unilever,FMCG,Q1FY25,Rohit Jawa,Management,I will now hand over to Ritesh to follow the next section.,12,neutral,0.04304046556353569,0.014193202368915081,0.9427663683891296,0.9427663683891296
HUL,Hindustan Unilever,FMCG,Q1FY25,Ritesh Tiwari,Management,"Thank you, Rohit. Thank you, Priya. Good evening, everyone. I will now cover",13,neutral,0.0611763671040535,0.022840630263090134,0.9159830212593079,0.9159830212593079
HUL,Hindustan Unilever,FMCG,Q1FY25,Yogesh Mulgaonkar,Management,"Thank you, Rohit, Priya and Ritesh. With this, we now move to Q&A. The Q&A",15,neutral,0.06609340012073517,0.011572190560400486,0.9223344922065735,0.9223344922065735
HUL,Hindustan Unilever,FMCG,Q1FY25,Ritesh Tiwari,Management,"Yes, thanks Abneesh. So, let me pick this up. So, Beverage, as you know the tea",16,neutral,0.04608476907014847,0.021102800965309143,0.9328124523162842,0.9328124523162842
HUL,Hindustan Unilever,FMCG,Q1FY25,Ritesh Tiwari,Management,"Yeah. So, talking about OZiva and Minimalist, both put together now, it's a Rs. 1,000",15,neutral,0.07666251063346863,0.016135917976498604,0.9072015881538391,0.9072015881538391
HUL,Hindustan Unilever,FMCG,Q1FY25,Rohit Jawa,Management,"What we are really saying is basically, we started building liquid detergents",12,neutral,0.1380489468574524,0.014743013307452202,0.8472080826759338,0.8472080826759338
HUL,Hindustan Unilever,FMCG,Q1FY25,Rohit Jawa,Management,"Thanks, Abneesh, for being always the first. We like that very much. Thank you",14,neutral,0.18652158975601196,0.01340765506029129,0.8000708222389221,0.8000708222389221
HUL,Hindustan Unilever,FMCG,Q1FY25,Ritesh Tiwari,Management,"Yeah. So if I just segment the foods business into its component, so Tea has seen",16,neutral,0.062169041484594345,0.015114412643015385,0.9227165579795837,0.9227165579795837
HUL,Hindustan Unilever,FMCG,Q1FY25,Rohit Jawa,Management,If I may add that we have seen broad-based growth in foods this time. We have,16,positive,0.8872594833374023,0.008544640615582466,0.10419593751430511,0.8872594833374023
HUL,Hindustan Unilever,FMCG,Q1FY25,Rohit Jawa,Management,Let me paint the picture of the market and request Ritesh to talk about the future.,16,neutral,0.08419710397720337,0.01356522273272276,0.9022376537322998,0.9022376537322998
HUL,Hindustan Unilever,FMCG,Q1FY25,Ritesh Tiwari,Management,"Yes. So, as Rohit mentioned that if I look at the overall FMCG market, we have",16,neutral,0.10273398458957672,0.010222363285720348,0.8870436549186707,0.8870436549186707
HUL,Hindustan Unilever,FMCG,Q1FY25,Rohit Jawa,Management,Let me just address the first question on our confidence in skin growth part of the,16,neutral,0.08402884751558304,0.013543140143156052,0.9024280309677124,0.9024280309677124
HUL,Hindustan Unilever,FMCG,Q1FY25,Ritesh Tiwari,Management,"So, let me pick it up. So, overall, Laitka the margin that we made in this quarter for",18,positive,0.8864376544952393,0.014733480289578438,0.09882883727550507,0.8864376544952393
HUL,Hindustan Unilever,FMCG,Q1FY25,Rohit Jawa,Management,"So, we're very happy with our Skin Cleansing performance. We have had an all-",14,positive,0.9395120143890381,0.01401628740131855,0.04647168517112732,0.9395120143890381
HUL,Hindustan Unilever,FMCG,Q1FY25,Ritesh Tiwari,Management,"Yes. So, when you ask, Manoj, volume and mix part, are you talking HUL, are you",16,neutral,0.03349471092224121,0.03855204954743385,0.9279532432556152,0.9279532432556152
HUL,Hindustan Unilever,FMCG,Q1FY25,Ritesh Tiwari,Management,"Yes. So, if I talk about HUL numbers to start with. So, this quarter, for example, we",17,neutral,0.039758507162332535,0.02780446596443653,0.932437002658844,0.932437002658844
HUL,Hindustan Unilever,FMCG,Q1FY25,Ritesh Tiwari,Management,"Skin Cleansing, Manoj, remember, I've spoken sometime back as well. It is one of",14,neutral,0.04485361650586128,0.02884594351053238,0.9263004064559937,0.9263004064559937
HUL,Hindustan Unilever,FMCG,Q1FY25,Rohit Jawa,Management,"On Glow & Lovely, which is an iconic brand used by more than half the",15,neutral,0.18241940438747406,0.010043848305940628,0.807536780834198,0.807536780834198
HUL,Hindustan Unilever,FMCG,Q1FY25,Rohit Jawa,Management,It's there because it's done very well in the summers and it's really a summer focus,16,neutral,0.2504006028175354,0.01777832582592964,0.7318210601806641,0.7318210601806641
HUL,Hindustan Unilever,FMCG,Q1FY25,"Thank you.
Rohit Jawa",Management,We are focused on it especially in the summer season and that's why we did a,16,neutral,0.18897810578346252,0.015691569074988365,0.795330286026001,0.795330286026001
HUL,Hindustan Unilever,FMCG,Q1FY25,Ritesh Tiwari,Management,"Yeah, so rural to start with, Vivek, first of all as a context is one third of the business",19,neutral,0.05322135239839554,0.017465775832533836,0.9293128848075867,0.9293128848075867
HUL,Hindustan Unilever,FMCG,Q1FY25,Rohit Jawa,Management,And the growth is sustaining. It's not that we are suddenly seeing a massive,14,positive,0.7503594756126404,0.04203446954488754,0.20760607719421387,0.7503594756126404
HUL,Hindustan Unilever,FMCG,Q1FY25,Ritesh Tiwari,Management,And hence to Rohit's point the operating word I will add to it is gradual recovery,16,neutral,0.08985045552253723,0.026127291843295097,0.8840222358703613,0.8840222358703613
HUL,Hindustan Unilever,FMCG,Q1FY25,Ritesh Tiwari,Management,"The chart, Vivek, just to clarify it's an MAT trend as we called out and if you see",18,neutral,0.04752100259065628,0.02751711569726467,0.9249619245529175,0.9249619245529175
HUL,Hindustan Unilever,FMCG,Q1FY25,Ritesh Tiwari,Management,"Yes, so overall if I look, Vivek, we have a Rs. 2,000 crore portfolio I had mentioned",17,neutral,0.06255869567394257,0.019822293892502785,0.9176190495491028,0.9176190495491028
HUL,Hindustan Unilever,FMCG,Q1FY25,Rohit Jawa,Management,"But just to specifically talk about say OZiva, in fact just a few weeks back we had",17,neutral,0.07537597417831421,0.015275699086487293,0.9093483090400696,0.9093483090400696
HUL,Hindustan Unilever,FMCG,Q1FY25,Rohit Jawa,Management,"We look at it more as a portfolio play, so we have as we have said before we have",19,neutral,0.06354636698961258,0.014917618595063686,0.9215360283851624,0.9215360283851624
HUL,Hindustan Unilever,FMCG,Q1FY25,Amit,Management,"Hi, Thank you so much for taking my question. So, my question is on Minimalist",15,neutral,0.0694231390953064,0.024078013375401497,0.9064988493919373,0.9064988493919373
HUL,Hindustan Unilever,FMCG,Q1FY25,Ritesh Tiwari,Management,"Yes, so just to clarify when we quoted the number of more than 25% growth, we",16,neutral,0.14553765952587128,0.012731291353702545,0.8417310118675232,0.8417310118675232
HUL,Hindustan Unilever,FMCG,Q1FY25,"Hindustan Unilever.
Amit",Management,"Got it. That's very helpful and let me just stretch it a little bit on, because I think",18,neutral,0.14815394580364227,0.011823357082903385,0.8400227427482605,0.8400227427482605
HUL,Hindustan Unilever,FMCG,Q1FY25,Rohit Jawa,Management,"We acknowledge that you need more than just a few big core brands, which is",15,neutral,0.09828177094459534,0.011447642929852009,0.8902706503868103,0.8902706503868103
HUL,Hindustan Unilever,FMCG,Q1FY25,Amit,Management,"That's very helpful, Rohit. Thank you so much for that and can I ask just one small",17,neutral,0.05811861902475357,0.020672708749771118,0.9212086796760559,0.9212086796760559
HUL,Hindustan Unilever,FMCG,Q1FY25,Rohit Jawa,Management,"So, we are doing three main actions. First of all, we are not yet above water fully",17,neutral,0.18187706172466278,0.01878521591424942,0.7993376851081848,0.7993376851081848
HUL,Hindustan Unilever,FMCG,Q1FY25,Amit,Management,"Okay. Thanks so much, Rohit. Thanks for the details this time. Wish you all the best.",16,neutral,0.25632816553115845,0.0195052158087492,0.7241666316986084,0.7241666316986084
HUL,Hindustan Unilever,FMCG,Q1FY25,Ritesh Tiwari,Management,"So overall on Home Care as you rightly alluded, Percy, that we have grown high-",15,positive,0.8916990756988525,0.019791830331087112,0.08850909769535065,0.8916990756988525
HUL,Hindustan Unilever,FMCG,Q1FY25,Ritesh Tiwari,Management,What happens for liquids you see it's still a concentrated market with few players.,14,neutral,0.036620184779167175,0.10213129222393036,0.8612485527992249,0.8612485527992249
HUL,Hindustan Unilever,FMCG,Q1FY25,Ritesh Tiwari,Management,You can never say it only on account of A or only on account of B.,16,neutral,0.02585509605705738,0.06438802927732468,0.9097568988800049,0.9097568988800049
HUL,Hindustan Unilever,FMCG,Q1FY25,Ritesh Tiwari,Management,As I mentioned largely is on account of reason of commodity for powders,13,neutral,0.039301592856645584,0.022534063085913658,0.9381643533706665,0.9381643533706665
HUL,Hindustan Unilever,FMCG,Q1FY25,Rohit Jawa,Management,"Firstly, we play a portfolio, high level for Skin Care as we just said we have to go",18,neutral,0.11480352282524109,0.010062855668365955,0.8751335740089417,0.8751335740089417
HUL,Hindustan Unilever,FMCG,Q1FY25,Rohit Jawa,Management,"I think it would be difficult to put a number, specific precise number to that. We",16,neutral,0.023515811190009117,0.07278933376073837,0.9036948680877686,0.9036948680877686
HUL,Hindustan Unilever,FMCG,Q1FY25,Rohit Jawa,Management,"Lifebuoy is clearly not yet growing in line with the total business, but our intention",15,positive,0.6869176030158997,0.009414585307240486,0.303667813539505,0.6869176030158997
HUL,Hindustan Unilever,FMCG,Q1FY25,Ritesh Tiwari,Management,Overall as you saw that there's a price versus cost gap that we have this point in,17,neutral,0.20020043849945068,0.10616285353899002,0.6936367154121399,0.6936367154121399
HUL,Hindustan Unilever,FMCG,Q1FY25,Ritesh Tiwari,Management,"So, coming to A&P and the intensity there, a year back in the period of deflation,",16,neutral,0.10490939021110535,0.033265307545661926,0.8618253469467163,0.8618253469467163
HUL,Hindustan Unilever,FMCG,Q1FY25,Yogesh Mulgaonkar,Management,"With that we now come to the end of the Q&A session. Before we end, let me",17,neutral,0.025392070412635803,0.04531233385205269,0.9292955994606018,0.9292955994606018
HUL,Hindustan Unilever,FMCG,Q2FY25,Yogesh Mulgaonkar,Management,"Thank you, Michelle. Good evening, everyone. Welcome to the conference call",11,neutral,0.11721008270978928,0.015751101076602936,0.8670387864112854,0.8670387864112854
HUL,Hindustan Unilever,FMCG,Q2FY25,Priya Nair,Management,"Good afternoon, everyone. Thank you for joining us on the call today. Wishing",13,positive,0.6301106810569763,0.015539603307843208,0.3543497323989868,0.6301106810569763
HUL,Hindustan Unilever,FMCG,Q2FY25,"I will now hand over to Ritesh to take you through our in-quarter results in detail.
Ritesh Tiwari",Management,"Thank you, Priya. Good evening, everyone. Wishing you and your loved ones a",13,neutral,0.22781559824943542,0.015214635990560055,0.7569697499275208,0.7569697499275208
HUL,Hindustan Unilever,FMCG,Q2FY25,Priya Nair,Management,I would like to take this opportunity to extend my heartfelt thanks to Ritesh for his,16,positive,0.6627360582351685,0.010317515581846237,0.326946496963501,0.6627360582351685
HUL,Hindustan Unilever,FMCG,Q2FY25,Yogesh Mulgaonkar,Management,"Thank you, Priya, Ritesh and Niranjan. With this, we will now move to the Q&A",15,neutral,0.055051110684871674,0.012840415351092815,0.932108461856842,0.932108461856842
HUL,Hindustan Unilever,FMCG,Q2FY25,Priya Nair,Management,"Yes. Thank you, Vivek. I will go category-by-category to just talk a little bit about",15,neutral,0.04462853819131851,0.027978569269180298,0.9273928999900818,0.9273928999900818
HUL,Hindustan Unilever,FMCG,Q2FY25,Priya Nair,Management,"Yes. I think, let me break this down into multiple parts, Vivek, if I could. Let me start",18,neutral,0.03971438854932785,0.0303035881370306,0.9299820065498352,0.9299820065498352
HUL,Hindustan Unilever,FMCG,Q2FY25,Ritesh Tiwari,Management,"Yes. So, GST, as you mentioned, Vivek, that overall, as the change started to",14,neutral,0.12970323860645294,0.01505740825086832,0.8552393317222595,0.8552393317222595
HUL,Hindustan Unilever,FMCG,Q2FY25,Ritesh Tiwari,Management,"Yes. So, we did lean in with trade support in the quarter. And overall, at a net level,",18,positive,0.9563605785369873,0.01887330785393715,0.024766050279140472,0.9563605785369873
HUL,Hindustan Unilever,FMCG,Q2FY25,Ritesh Tiwari,Management,"Thanks, Abneesh. So, let me pick these both questions. So first, GST. And you",14,neutral,0.029928062111139297,0.02845187671482563,0.9416201114654541,0.9416201114654541
HUL,Hindustan Unilever,FMCG,Q2FY25,Ritesh Tiwari,Management,"Yes. Let me help, Abneesh, answer this from a little different lens than urban rural",15,neutral,0.09131959080696106,0.01307323481887579,0.8956071734428406,0.8956071734428406
HUL,Hindustan Unilever,FMCG,Q2FY25,Ritesh Tiwari,Management,"Yeah. See, this is what I was trying to explain to Vivek as well earlier. Now in FMCG,",18,neutral,0.027866683900356293,0.03058449551463127,0.9415488243103027,0.9415488243103027
HUL,Hindustan Unilever,FMCG,Q2FY25,Ritesh Tiwari,Management,"So yes, currently, where we are with the Ice Cream plans, Abneesh, we expect",14,neutral,0.08195973187685013,0.010499047115445137,0.9075412750244141,0.9075412750244141
HUL,Hindustan Unilever,FMCG,Q2FY25,Priya Nair,Management,"Yes. Thanks, Arnab. Arnab, firstly, our focus, obsession is going to be on volume-",14,neutral,0.10704242438077927,0.011494072154164314,0.8814635276794434,0.8814635276794434
HUL,Hindustan Unilever,FMCG,Q2FY25,Ritesh Tiwari,Management,"So let me come in Arnab, about here. So, as we mentioned that our outlook for",16,neutral,0.0948873832821846,0.017291152849793434,0.8878214955329895,0.8878214955329895
HUL,Hindustan Unilever,FMCG,Q2FY25,Priya Nair,Management,"Yes. Let me take that. Let me start with Nutrition. Like we mentioned, we are",15,neutral,0.07883623242378235,0.012725048698484898,0.9084387421607971,0.9084387421607971
HUL,Hindustan Unilever,FMCG,Q2FY25,Ritesh Tiwari,Management,"Yeah, Latika, thank you. Let me just pick this up. So, we all know that urban has",17,neutral,0.09409341216087341,0.01433537993580103,0.8915712237358093,0.8915712237358093
HUL,Hindustan Unilever,FMCG,Q2FY25,Ritesh Tiwari,Management,"As Priya mentioned earlier, overall radical segmentation of the market from all",12,neutral,0.2620539367198944,0.013186788186430931,0.7247593402862549,0.7247593402862549
HUL,Hindustan Unilever,FMCG,Q2FY25,Priya Nair,Management,Yes. Thank you. Let me start with talking about how we will reimagine our core,15,neutral,0.09318145364522934,0.010904606431722641,0.8959139585494995,0.8959139585494995
HUL,Hindustan Unilever,FMCG,Q2FY25,Ritesh Tiwari,Management,"Yes. So first, the employee costs, and I would just like to add employee cost to",16,neutral,0.0422193706035614,0.06540080904960632,0.892379879951477,0.892379879951477
HUL,Hindustan Unilever,FMCG,Q2FY25,Ritesh Tiwari,Management,"Thank you Mihir, and any questions that you have offline, please we can pick it up.",16,neutral,0.04042477905750275,0.020613009110093117,0.9389622807502747,0.9389622807502747
HUL,Hindustan Unilever,FMCG,Q2FY25,Priya Nair,Management,Yes. I think all four are equally important. It's always the case in a company like,16,neutral,0.04866667464375496,0.024317950010299683,0.9270154237747192,0.9270154237747192
HUL,Hindustan Unilever,FMCG,Q2FY25,Priya Nair,Management,I think the priorities I've given to you are more on a long-term basis. But I'm sure,17,neutral,0.1096821203827858,0.013623463921248913,0.87669438123703,0.87669438123703
HUL,Hindustan Unilever,FMCG,Q2FY25,Ritesh Tiwari,Management,"Yes. See, Sheela, always our first barometer is competitive growth. There is a",13,neutral,0.2921672463417053,0.01118998322635889,0.6966427564620972,0.6966427564620972
HUL,Hindustan Unilever,FMCG,Q2FY25,Priya Nair,Management,"Yeah, Thank you, Percy. HUL has over the last few quarters in the last couple of",16,positive,0.6457653641700745,0.01587258279323578,0.33836209774017334,0.6457653641700745
HUL,Hindustan Unilever,FMCG,Q2FY25,Priya Nair,Management,"I think HUL has called out the Aspire strategy, and I think that has been shared",16,neutral,0.45546746253967285,0.012250079773366451,0.5322824120521545,0.5322824120521545
HUL,Hindustan Unilever,FMCG,Q2FY25,Ritesh Tiwari,Management,"So, Percy the way we will see this is one additional input, which adds to a few",17,neutral,0.13056711852550507,0.014827103354036808,0.8546057939529419,0.8546057939529419
HUL,Hindustan Unilever,FMCG,Q2FY25,Ritesh Tiwari,Management,"No, reality Percy is, life is a little more complex than that. I would love to give a",18,neutral,0.04768894985318184,0.03497929498553276,0.9173317551612854,0.9173317551612854
HUL,Hindustan Unilever,FMCG,Q2FY25,Ritesh Tiwari,Management,"So, Horlicks is a discretionary category. So, Horlicks, Skin Care and we've seen",13,neutral,0.03984147682785988,0.021528204903006554,0.9386303424835205,0.9386303424835205
HUL,Hindustan Unilever,FMCG,Q2FY25,Ritesh Tiwari,Management,"Yes. See, overall, Harit, in terms of changes, what we have done is for all non-",16,neutral,0.14141719043254852,0.009747414849698544,0.8488354086875916,0.8488354086875916
HUL,Hindustan Unilever,FMCG,Q2FY25,Priya Nair,Management,"Yes. I think many of the things I mentioned are medium to long term in nature. So,",17,neutral,0.0418732576072216,0.028762370347976685,0.9293643236160278,0.9293643236160278
HUL,Hindustan Unilever,FMCG,Q2FY25,Ritesh Tiwari,Management,"Yeah, so tea now, as we speak, we are in season. Tea starts to come in May, June,",18,neutral,0.06454481929540634,0.02021988108754158,0.9152352809906006,0.9152352809906006
HUL,Hindustan Unilever,FMCG,Q2FY25,Priya Nair,Management,"Yes. If you look at the beauty category, let me start with the key trends that drive",17,neutral,0.04530152678489685,0.021790334954857826,0.9329081177711487,0.9329081177711487
HUL,Hindustan Unilever,FMCG,Q2FY25,Ritesh Tiwari,Management,"Yes. So let me pick up Siddharth. So, first of all, coming to margins for e-",16,neutral,0.08756782114505768,0.012807093560695648,0.8996250629425049,0.8996250629425049
HUL,Hindustan Unilever,FMCG,Q2FY25,Ritesh Tiwari,Management,"See, I won't be able to share hard numbers, but let me tell you that overall, CAC",17,neutral,0.1607016921043396,0.018911469727754593,0.8203868269920349,0.8203868269920349
HUL,Hindustan Unilever,FMCG,Q2FY25,Yogesh Mulgaonkar,Management,"Thank you, Michelle. With that, we now come to the end of the Q&A session.",15,neutral,0.03608299791812897,0.09776035696268082,0.8661566972732544,0.8661566972732544
HUL,Hindustan Unilever,FMCG,Q3FY25,Yogesh Mulgaonkar,Management,"Thank you, Dorwin. Good evening, everyone. Welcome to the conference call of",12,neutral,0.1377408802509308,0.012906314805150032,0.8493528366088867,0.8493528366088867
HUL,Hindustan Unilever,FMCG,Q3FY25,Priya Nair,Management,"Good afternoon, everyone, and thank you for joining us on the call today. I will",15,neutral,0.10756487399339676,0.0153302401304245,0.8771048784255981,0.8771048784255981
HUL,Hindustan Unilever,FMCG,Q3FY25,Yogesh Mulgaonkar,Management,"Thank you, Priya and Niranjan. With this, we now move to the Q&A. We request",15,neutral,0.051400452852249146,0.011903641745448112,0.9366958737373352,0.9366958737373352
HUL,Hindustan Unilever,FMCG,Q3FY25,Priya Nair,Management,"Yes, I can start and then Niranjan will add. I think, firstly, what I",14,neutral,0.03796548768877983,0.025657285004854202,0.9363771677017212,0.9363771677017212
HUL,Hindustan Unilever,FMCG,Q3FY25,Priya Nair,Management,"Yes. Actually, our growth is quite broad-based. So, I think that's the best way to",15,neutral,0.24415571987628937,0.010495180264115334,0.7453491687774658,0.7453491687774658
HUL,Hindustan Unilever,FMCG,Q3FY25,Priya Nair,Management,"So firstly, what I want to say is we are in an omni-channel environment in India.",16,neutral,0.06330123543739319,0.025427142158150673,0.9112716317176819,0.9112716317176819
HUL,Hindustan Unilever,FMCG,Q3FY25,Priya Nair,Management,"Yes. I think firstly, let me comment on our Hair Care business. We are distinct",15,neutral,0.11707240343093872,0.009880599565804005,0.8730469346046448,0.8730469346046448
HUL,Hindustan Unilever,FMCG,Q3FY25,Priya Nair,Management,"As regards to the organization, I think our focus firstly is to simplify the",14,neutral,0.09871093183755875,0.011364058591425419,0.889924943447113,0.889924943447113
HUL,Hindustan Unilever,FMCG,Q3FY25,Priya Nair,Management,"So firstly, Arnab, the way you should think about the guidance we have given is",15,neutral,0.07148683071136475,0.014786054380238056,0.9137271046638489,0.9137271046638489
HUL,Hindustan Unilever,FMCG,Q3FY25,Priya Nair,Management,"I think firstly, on our Home Care performance, the first thing I want to mention is",16,neutral,0.07784442603588104,0.023879600688815117,0.8982760310173035,0.8982760310173035
HUL,Hindustan Unilever,FMCG,Q3FY25,Priya Nair,Management,"Yes. So, Latika, this is firstly our third consecutive quarter of positive UVG on our",15,positive,0.9098881483078003,0.06039135158061981,0.029720546677708626,0.9098881483078003
HUL,Hindustan Unilever,FMCG,Q3FY25,Priya Nair,Management,No. I think the focus of this pack is really to bring the put down price close to the,19,neutral,0.11515732109546661,0.025745030492544174,0.8590977191925049,0.8590977191925049
HUL,Hindustan Unilever,FMCG,Q3FY25,Priya Nair,Management,"Yes, we have guided clearly that we see second half to be better than the first",16,positive,0.9506285786628723,0.024919332936406136,0.024452146142721176,0.9506285786628723
HUL,Hindustan Unilever,FMCG,Q3FY25,Priya Nair,Management,"Yes. I think it's very important when you look at our Skin Care business, look at the",17,neutral,0.0704973116517067,0.012060930021107197,0.9174417853355408,0.9174417853355408
HUL,Hindustan Unilever,FMCG,Q3FY25,Priya Nair,Management,I think the growth across channels tend to be different because of the size of the,16,neutral,0.10736837983131409,0.01744369976222515,0.8751879334449768,0.8751879334449768
HUL,Hindustan Unilever,FMCG,Q3FY25,Priya Nair,Management,"No, the price per use of liquids on average is higher than the price per use of",17,neutral,0.4660458564758301,0.02133580669760704,0.512618362903595,0.512618362903595
HUL,Hindustan Unilever,FMCG,Q3FY25,Priya Nair,Management,"And just clarifying maybe because we saw down-stocking in October month, we",12,neutral,0.13087156414985657,0.2817707657814026,0.5873576998710632,0.5873576998710632
HUL,Hindustan Unilever,FMCG,Q3FY25,Priya Nair,Management,"Yes. Firstly, I want to say we have delivered our highest ever UVG in the last 12",17,positive,0.669049084186554,0.009907272644340992,0.32104364037513733,0.669049084186554
HUL,Hindustan Unilever,FMCG,Q3FY25,Priya Nair,Management,"Yes, I'll just begin on the liquids and then Niranjan can take over. We are leaders",16,neutral,0.07732462882995605,0.01332982536405325,0.9093455076217651,0.9093455076217651
HUL,Hindustan Unilever,FMCG,Q3FY25,Priya Nair,Management,And our mix in Home Care is a premium mix is what you must keep in mind and,18,neutral,0.10741963982582092,0.009018328972160816,0.8835620880126953,0.8835620880126953
HUL,Hindustan Unilever,FMCG,Q3FY25,Priya Nair,Management,"I think firstly, all 4 of our categories drive growth for us. Of course, we have",16,neutral,0.49379485845565796,0.009067813865840435,0.4971373379230499,0.4971373379230499
HUL,Hindustan Unilever,FMCG,Q3FY25,Priya Nair,Management,"And just to add to what Niranjan is saying, essentially, we find in all our categories",16,neutral,0.07280251383781433,0.014930873177945614,0.9122666120529175,0.9122666120529175
HUL,Hindustan Unilever,FMCG,Q3FY25,Priya Nair,Management,"Yes. I think firstly, we benefit from all our global technology capability and",13,positive,0.8379455804824829,0.006689680274575949,0.1553647667169571,0.8379455804824829
HUL,Hindustan Unilever,FMCG,Q3FY25,Priya Nair,Management,"Speed, agility and more relevant consumer innovation for India. Based on all the",13,neutral,0.18499897420406342,0.007522813975811005,0.8074782490730286,0.8074782490730286
HUL,Hindustan Unilever,FMCG,Q3FY25,Yogesh Mulgaonkar,Management,"So, we don't have any questions on the web. With that, we now come to the end",17,neutral,0.054083388298749924,0.016770225018262863,0.929146409034729,0.929146409034729
HUL,Hindustan Unilever,FMCG,Q4FY25,Yogesh Mulgaonkar,Management,"Thank you, Neerav. Good afternoon, everyone. Welcome to the conference call",11,neutral,0.10861934721469879,0.014620755799114704,0.8767598867416382,0.8767598867416382
HUL,Hindustan Unilever,FMCG,Q4FY25,Priya Nair,Management,"Good afternoon, everyone. Thank you for joining us on the call today. Let me",14,neutral,0.07249893248081207,0.014291895553469658,0.9132091999053955,0.9132091999053955
HUL,Hindustan Unilever,FMCG,Q4FY25,Yogesh Mulgaonkar,Management,"Thank you, Priya and Niranjan. With this, we now move to the Q&A. We request",15,neutral,0.051400452852249146,0.011903641745448112,0.9366958737373352,0.9366958737373352
HUL,Hindustan Unilever,FMCG,Q4FY25,Priya Nair,Management,"Yeah, thanks Manoj. So, you know Manoj, I think I will break this up into a few",17,neutral,0.07061085850000381,0.016575640067458153,0.9128134846687317,0.9128134846687317
HUL,Hindustan Unilever,FMCG,Q4FY25,Priya Nair,Management,That is absolutely the right takeaway. So there are more macro factors which are,14,neutral,0.05205431953072548,0.08325354009866714,0.864692211151123,0.864692211151123
HUL,Hindustan Unilever,FMCG,Q4FY25,Priya Nair,Management,"Sure. So, I think, we are quite pleased with, you know, the trajectory of",14,positive,0.7588647603988647,0.011757506988942623,0.22937779128551483,0.7588647603988647
HUL,Hindustan Unilever,FMCG,Q4FY25,Priya Nair,Management,"Yeah, Abneesh, actually Horlicks gets drunk both in milk and in water. So that's",14,neutral,0.04425988346338272,0.040031976997852325,0.9157081246376038,0.9157081246376038
HUL,Hindustan Unilever,FMCG,Q4FY25,Priya Nair,Management,"Yeah, first let's talk about the rainfall prediction and I will ask Niranjan also to",15,neutral,0.03908724710345268,0.02514619007706642,0.9357665181159973,0.9357665181159973
HUL,Hindustan Unilever,FMCG,Q4FY25,Priya Nair,Management,"And probably maybe I will just add, Abneesh, that in the end, listen we can't",15,neutral,0.06865482032299042,0.06587065756320953,0.8654744625091553,0.8654744625091553
HUL,Hindustan Unilever,FMCG,Q4FY25,Priya Nair,Management,"Overall, we have seen rural and urban demand to be more or less equal,",14,positive,0.8477771878242493,0.034827396273612976,0.11739543080329895,0.8477771878242493
HUL,Hindustan Unilever,FMCG,Q4FY25,Priya Nair,Management,"Sure. So, Vivek, let me talk about the capex first. The capex is essentially focused",15,neutral,0.03232288360595703,0.02808143012225628,0.9395956993103027,0.9395956993103027
HUL,Hindustan Unilever,FMCG,Q4FY25,Priya Nair,Management,"I mean, in line with our strategy, we have always maintained we are open to bolt-",16,neutral,0.2379523664712906,0.013095611706376076,0.7489520311355591,0.7489520311355591
HUL,Hindustan Unilever,FMCG,Q4FY25,Priya Nair,Management,"Yeah, Latika, I will answer and also ask Niranjan to add. So, in terms of pre-buying,",16,neutral,0.07094645500183105,0.017009377479553223,0.912044107913971,0.912044107913971
HUL,Hindustan Unilever,FMCG,Q4FY25,Priya Nair,Management,"So, Latika, overall Personal Care for us and, you know, let's break it down as soaps",16,neutral,0.04968062415719032,0.020564962178468704,0.9297544360160828,0.9297544360160828
HUL,Hindustan Unilever,FMCG,Q4FY25,Priya Nair,Management,"But Arnab, if your question is will we take price if, crude inflation continues? Yes.",15,neutral,0.05803745612502098,0.037805549800395966,0.9041570425033569,0.9041570425033569
HUL,Hindustan Unilever,FMCG,Q4FY25,Priya Nair,Management,"Yeah, I think, I mentioned it but maybe I will just explain how we see this. The first",18,neutral,0.04199864715337753,0.0271597933024168,0.9308415055274963,0.9308415055274963
HUL,Hindustan Unilever,FMCG,Q4FY25,Priya Nair,Management,"Yeah, I think, first I want to put colour totally on our Beauty & Wellbeing business.",16,neutral,0.10370897501707077,0.009616956114768982,0.8866741061210632,0.8866741061210632
HUL,Hindustan Unilever,FMCG,Q4FY25,Priya Nair,Management,"Yeah, I mean, that's absolutely right. That's how the way consumers are behaving",13,neutral,0.057290446013212204,0.03610577806830406,0.9066037535667419,0.9066037535667419
HUL,Hindustan Unilever,FMCG,Q4FY25,Priya Nair,Management,"Yes. Our steps in terms of rewiring our GTM are not just in quick commerce, but",16,neutral,0.12880893051624298,0.009518558159470558,0.8616725206375122,0.8616725206375122
HUL,Hindustan Unilever,FMCG,Q4FY25,Priya Nair,Management,I'm not clear. You will have to explain again what you mean.,12,neutral,0.031201118603348732,0.34196358919143677,0.626835286617279,0.626835286617279
HUL,Hindustan Unilever,FMCG,Q4FY25,Priya Nair,Management,"Honestly, we don't split our business in this fashion. It's very difficult for me to",15,neutral,0.037932585924863815,0.1642947494983673,0.7977726459503174,0.7977726459503174
HUL,Hindustan Unilever,FMCG,Q4FY25,"Please go ahead.
Amit Sachdeva",Management,"Yeah, hi. Thank you so much for taking my question. My first question, Priya, is on",16,neutral,0.0440109446644783,0.022743387147784233,0.9332457184791565,0.9332457184791565
HUL,Hindustan Unilever,FMCG,Q4FY25,Priya Nair,Management,The biggest opportunity for us in Skin Care is to democratize formats that are,14,neutral,0.23653626441955566,0.009008130989968777,0.7544556260108948,0.7544556260108948
HUL,Hindustan Unilever,FMCG,Q4FY25,Amit Sachdeva,Management,"Got it. Yes, that was very helpful. Just if I may just a small follow-up here on DTC",18,neutral,0.15757696330547333,0.009774720296263695,0.8326483368873596,0.8326483368873596
HUL,Hindustan Unilever,FMCG,Q4FY25,Priya Nair,Management,"So, our overall revenue size of Minimalist is about Rs. 850 crores ARR. So that's",15,neutral,0.07550270855426788,0.017756862565875053,0.9067404866218567,0.9067404866218567
HUL,Hindustan Unilever,FMCG,Q4FY25,Amit Sachdeva,Management,Sure. And what was the cosmetics growth for the quarter?,10,neutral,0.04755864664912224,0.038333822041749954,0.9141075611114502,0.9141075611114502
HUL,Hindustan Unilever,FMCG,Q4FY25,Priya Nair,Management,We don't break down the growth of all our sub-categories.,10,neutral,0.03349604085087776,0.03993145376443863,0.9265724420547485,0.9265724420547485
HUL,Hindustan Unilever,FMCG,Q4FY25,Amit Sachdeva,Management,"Got it. And my second question, Priya, is on pricing environment. Given the",13,neutral,0.052043210715055466,0.021300572901964188,0.926656186580658,0.926656186580658
HUL,Hindustan Unilever,FMCG,Q4FY25,Priya Nair,Management,And I think the only thing we can control is our performance. We can't control,15,neutral,0.030241794884204865,0.3814566433429718,0.5883015394210815,0.5883015394210815
HUL,Hindustan Unilever,FMCG,Q4FY25,Amit Sachdeva,Management,Thanks so much and all the best. Thanks a lot.,10,positive,0.73828125,0.01737392134964466,0.2443447858095169,0.73828125
HUL,Hindustan Unilever,FMCG,Q4FY25,Priya Nair,Management,"Listen, our number one priority will be to be competitive, very simply. We cannot",14,neutral,0.10034080594778061,0.010814622044563293,0.8888446092605591,0.8888446092605591
HUL,Hindustan Unilever,FMCG,Q4FY25,Priya Nair,Management,"I think listen; we have a portfolio that is across four segments. So, we use the total",17,neutral,0.0708967000246048,0.010475263930857182,0.9186280369758606,0.9186280369758606
HUL,Hindustan Unilever,FMCG,Q4FY25,Yogesh Mulgaonkar,Management,"Yeah, in the web there's one question for you, Priya. It says Unilever globally is",15,neutral,0.03565051034092903,0.024512356147170067,0.9398370981216431,0.9398370981216431
HUL,Hindustan Unilever,FMCG,Q4FY25,Priya Nair,Management,"Yeah, I think the HUL Foods business is very distinctively different from the",13,neutral,0.08822145313024521,0.02235543355345726,0.8894230723381042,0.8894230723381042
HUL,Hindustan Unilever,FMCG,Q4FY25,"Mulgaonkar for closing comments.
Yogesh Mulgaonkar",Management,"Yeah, with that we now come to the end of the Q&A session. Before we end, let",17,neutral,0.03846919909119606,0.04618273302912712,0.9153479933738708,0.9153479933738708
MARUTI,Maruti Suzuki,Auto,Q1FY25,"I now hand the conference over to Mr. Pranav. Thank you and over to you sir.
Pranav Ambaprasad",Management,"Thank you, Avirat. Ladies and gentlemen, good afternoon once again. Welcome to Q1 FY’26",14,neutral,0.16495899856090546,0.013927866704761982,0.8211131691932678,0.8211131691932678
MARUTI,Maruti Suzuki,Auto,Q1FY25,Amit Hiranandani,Management,"Thanks for the opportunity and congrats for the decent set of numbers. Sir, just on the exports",17,neutral,0.1733396053314209,0.02079668827354908,0.8058637380599976,0.8058637380599976
MARUTI,Maruti Suzuki,Auto,Q1FY25,Amit Hiranandani,Management,"Yes, commendable work sir on the export front. Sir my second question is, basically I want to",17,neutral,0.11899442970752716,0.016846923157572746,0.8641586899757385,0.8641586899757385
MARUTI,Maruti Suzuki,Auto,Q1FY25,Amit Hiranandani,Management,"Sure, thanks for that. Sir, how much percentage will be SUVs in Maruti’s upcoming launches",15,neutral,0.050027329474687576,0.015519565902650356,0.9344531297683716,0.9344531297683716
MARUTI,Maruti Suzuki,Auto,Q1FY25,Amit Hiranandani,Management,Just one last quick question. Why other income was higher and the CAPEX outlook for this,16,neutral,0.08298425376415253,0.06523881107568741,0.8517769575119019,0.8517769575119019
MARUTI,Maruti Suzuki,Auto,Q1FY25,Binay,Management,"Hi team, thanks for the opportunity. My question is on supply chain resilience when it comes to",17,neutral,0.10448239743709564,0.023446859791874886,0.8720707297325134,0.8720707297325134
MARUTI,Maruti Suzuki,Auto,Q1FY25,Binay,Management,"Right. Secondly, Rahul just on the coming festival season like you talked about, you will have",16,neutral,0.044672347605228424,0.01828601025044918,0.937041699886322,0.937041699886322
MARUTI,Maruti Suzuki,Auto,Q1FY25,Binay,Management,"Right, especially with regard to the other launch not the EV one, the other SUV?",15,neutral,0.05473298579454422,0.021451180800795555,0.9238158464431763,0.9238158464431763
MARUTI,Maruti Suzuki,Auto,Q2FY25,Pranav Ambaprasad,Management,"Thank you, Rutuja. Ladies and gentlemen, good evening once again. Welcome you all to the Q2",16,neutral,0.26886501908302307,0.01371449138969183,0.7174204587936401,0.7174204587936401
MARUTI,Maruti Suzuki,Auto,Q2FY25,Binay Singh,Management,"Hi, team. Thanks for the opportunity. Just continuing on the earlier comments you made, like",15,neutral,0.11679037660360336,0.018586501479148865,0.8646231293678284,0.8646231293678284
MARUTI,Maruti Suzuki,Auto,Q2FY25,Binay Singh,Management,"And, Rahul, just a 6% number. Like earlier, we had talked about, I think, 10% H2 growth in",18,neutral,0.4146824777126312,0.019610034301877022,0.5657074451446533,0.5657074451446533
MARUTI,Maruti Suzuki,Auto,Q2FY25,Binay Singh,Management,In the second half for industry. Is that what you are saying?,12,neutral,0.03947821632027626,0.057336725294589996,0.9031851291656494,0.9031851291656494
MARUTI,Maruti Suzuki,Auto,Q2FY25,Binay Singh,Management,"And lastly, typically post-festive, we see production volumes dropping down. Now that October",13,negative,0.008858966641128063,0.9706183671951294,0.02052263170480728,0.9706183671951294
MARUTI,Maruti Suzuki,Auto,Q2FY25,Binay Singh,Management,Great. Thanks. I will come back in the queue. Thank you.,11,neutral,0.09102485328912735,0.02669060230255127,0.8822845220565796,0.8822845220565796
MARUTI,Maruti Suzuki,Auto,Q2FY25,Amit Hiranandani,Management,"Thanks for the opportunity and congrats team for the decent set of numbers. Sir, my question",16,neutral,0.3810666799545288,0.01578015275299549,0.6031532287597656,0.6031532287597656
MARUTI,Maruti Suzuki,Auto,Q2FY25,Amit Hiranandani,Management,"Sir, your retail sales have done very well. Basically, I wanted to understand what was the",16,neutral,0.12439582496881485,0.02878512255847454,0.8468190431594849,0.8468190431594849
MARUTI,Maruti Suzuki,Auto,Q2FY25,Amit Hiranandani,Management,"So, lastly, any upward revision in the export’s growth target of 20% for this fiscal?",15,positive,0.5798776745796204,0.05547965317964554,0.3646427094936371,0.5798776745796204
MARUTI,Maruti Suzuki,Auto,Q2FY25,Kumar Rakesh,Management,"Hi. Thanks. Good evening. My first question, Rahul, was around the same question which Amyn",15,neutral,0.043637365102767944,0.03679286688566208,0.9195697903633118,0.9195697903633118
MARUTI,Maruti Suzuki,Auto,Q2FY25,"Suzuki.
Kumar Rakesh",Management,Got it. Is there any similar number or goals for Maruti Suzuki that you would want to share?,18,neutral,0.062345895916223526,0.01777665503323078,0.9198774695396423,0.9198774695396423
MARUTI,Maruti Suzuki,Auto,Q2FY25,Kumar Rakesh,Management,Got it. That is very helpful. Thanks. My second question was more near term over the last two,18,neutral,0.08440200984477997,0.025857117027044296,0.8897408843040466,0.8897408843040466
MARUTI,Maruti Suzuki,Auto,Q2FY25,Kumar Rakesh,Management,Thanks. Just a clarification. Can you share the CNG mix in the quarter?,13,neutral,0.08237431943416595,0.012103162705898285,0.9055225849151611,0.9055225849151611
MARUTI,Maruti Suzuki,Auto,Q3FY25,Pranav Ambaprasad,Management,"Thank you, Rayo. Ladies and gentlemen, good afternoon, once again. Welcome you all to the",15,neutral,0.2793603241443634,0.014522360637784004,0.7061173915863037,0.7061173915863037
MARUTI,Maruti Suzuki,Auto,Q3FY25,Binay Singh,Management,"Looking at the backlog that you talked about and demand trends, how do you see mix trending",17,neutral,0.05546702817082405,0.02626178413629532,0.9182712435722351,0.9182712435722351
MARUTI,Maruti Suzuki,Auto,Q3FY25,Binay Singh,Management,"Right. And Rahul, that leads me to the second question, how to think about EBIT margins",16,neutral,0.051078226417303085,0.025417059659957886,0.9235047101974487,0.9235047101974487
MARUTI,Maruti Suzuki,Auto,Q3FY25,Binay Singh,Management,"And then just lastly, on this price reduction, 70 basis points hit that we said, we had earlier also",19,neutral,0.2256724238395691,0.029299532994627953,0.7450280785560608,0.7450280785560608
MARUTI,Maruti Suzuki,Auto,Q4FY25,Pranav Ambaprasad,Management,"Thank you, Dorwin. Ladies and gentlemen, good afternoon once again. Welcome you all to Q4",15,neutral,0.20099058747291565,0.014465211890637875,0.7845441699028015,0.7845441699028015
MARUTI,Maruti Suzuki,Auto,Q4FY25,Kumar Rakesh,Management,Hi. Good evening and thank you for taking my question. My first question was for fiscal year’26-,17,neutral,0.05642532929778099,0.022877341136336327,0.9206973314285278,0.9206973314285278
MARUTI,Maruti Suzuki,Auto,Q4FY25,Kumar Rakesh,Management,"Sure. But can we imply that going by that run rate, we should be having one new nameplate at",19,neutral,0.10358972102403641,0.010306098498404026,0.886104166507721,0.886104166507721
MARUTI,Maruti Suzuki,Auto,Q4FY25,Kumar Rakesh,Management,"Got it. And on the EV side, e VITARA now is launched in the domestic market as well. I",19,neutral,0.18492630124092102,0.007578734774142504,0.8074949383735657,0.8074949383735657
MARUTI,Maruti Suzuki,Auto,Q4FY25,Kumar Rakesh,Management,Got it. Just one final question on the margin side. I understand you spoke about that there are a,19,neutral,0.0601499117910862,0.02446262538433075,0.9153874516487122,0.9153874516487122
MARUTI,Maruti Suzuki,Auto,Q4FY25,Amit Hiranandani,Management,"Yes, thanks team for the opportunity and congrats for a reasonable set of numbers despite the",16,positive,0.9378446936607361,0.02451179549098015,0.03764357790350914,0.9378446936607361
MARUTI,Maruti Suzuki,Auto,Q4FY25,"Maruti Suzuki expectation.
Amit Hiranandani",Management,"Understood. That's clear. And sir, secondly, on the export situation. So what are our plans to",16,neutral,0.03654845803976059,0.02704644948244095,0.9364050626754761,0.9364050626754761
SUNPHARMA,Sun Pharma,Pharma,Q1FY25,Dilip Shanghvi,Management,"Thank you, Rick. I will provide an update on the performance highlights of our other businesses",16,neutral,0.08354048430919647,0.012352992780506611,0.9041065573692322,0.9041065573692322
SUNPHARMA,Sun Pharma,Pharma,Q1FY25,Dilip Shanghvi,Management,"Yes, the plan is to present the data or publish the trial result in a reputed journal before we start",20,neutral,0.03298718109726906,0.01660669781267643,0.9504061937332153,0.9504061937332153
SUNPHARMA,Sun Pharma,Pharma,Q1FY25,Dilip Shanghvi,Management,"So, in addition to the actual cost outgo, there will also be amortization of the cost of the",18,neutral,0.043634992092847824,0.02130698785185814,0.935058057308197,0.935058057308197
SUNPHARMA,Sun Pharma,Pharma,Q1FY25,Dilip Shanghvi,Management,"No, I think it will be the direct cost 100 million. Amortization will be separate.",15,neutral,0.029031841084361076,0.020371191203594208,0.9505969882011414,0.9505969882011414
SUNPHARMA,Sun Pharma,Pharma,Q1FY25,Dilip Shanghvi,Management,"No, I think she's asking about the rest of the world market. So I think the overall, there's no",19,neutral,0.0845026820898056,0.026732206344604492,0.8887651562690735,0.8887651562690735
SUNPHARMA,Sun Pharma,Pharma,Q1FY25,Dilip Shanghvi,Management,"Yes, maybe Rick, you can respond because I am away from market that way.",14,neutral,0.070388063788414,0.07828981429338455,0.8513221144676208,0.8513221144676208
SUNPHARMA,Sun Pharma,Pharma,Q1FY25,Dilip Shanghvi,Management,"So I think when you look at the numbers, you also need to look at dosing. What we have in no",21,neutral,0.04856502264738083,0.020481044426560402,0.9309539198875427,0.9309539198875427
SUNPHARMA,Sun Pharma,Pharma,Q1FY25,Shashank Krishnakumar,Management,"Hi, thanks for taking my question. My first question was on the domestic business.",14,neutral,0.06049029156565666,0.03557591140270233,0.9039338231086731,0.9039338231086731
SUNPHARMA,Sun Pharma,Pharma,Q1FY25,Shashank Krishnakumar,Management,"Okay, got it. So my second question was, again, last quarter we had indicated that",15,neutral,0.10909531265497208,0.048899102956056595,0.8420056104660034,0.8420056104660034
SUNPHARMA,Sun Pharma,Pharma,Q1FY25,Dilip Shanghvi,Management,"GLP-1 effect on existing products. So, I think if you look at that way globally, there's a lot of",19,neutral,0.1660778820514679,0.029222622513771057,0.8046995401382446,0.8046995401382446
SUNPHARMA,Sun Pharma,Pharma,Q1FY25,Shashank Krishnakumar,Management,"Got it, sir. Thank you. That's it from my side.",10,neutral,0.16254451870918274,0.013667278923094273,0.8237881660461426,0.8237881660461426
SUNPHARMA,Sun Pharma,Pharma,Q1FY25,Dilip Shanghvi,Management,"I think Maybe Alok, you want to respond, but I don't know whether we share this information.",17,neutral,0.04190612584352493,0.026623757556080818,0.9314701557159424,0.9314701557159424
SUNPHARMA,Sun Pharma,Pharma,Q1FY25,Dilip Shanghvi,Management,"No, I think we have indicated that we will continue to look for opportunities to strengthen our",17,positive,0.9135109186172485,0.010888227261602879,0.07560080289840698,0.9135109186172485
SUNPHARMA,Sun Pharma,Pharma,Q1FY25,Dilip Shanghvi,Management,"Yes, I mean, generally, this asset is easier to do a global deal.",13,neutral,0.10255280882120132,0.013343088328838348,0.8841041326522827,0.8841041326522827
SUNPHARMA,Sun Pharma,Pharma,Q1FY25,Dilip Shanghvi,Management,"No, I think it's an option that we are creating without any specific plan at this point.",17,neutral,0.048426926136016846,0.023974426090717316,0.9275987148284912,0.9275987148284912
SUNPHARMA,Sun Pharma,Pharma,Q1FY25,Dilip Shanghvi,Management,"I understand, but it is still included in the separate number that we have given for innovative",17,neutral,0.023962941020727158,0.06337536126375198,0.9126617312431335,0.9126617312431335
SUNPHARMA,Sun Pharma,Pharma,Q1FY25,Aalok Shanghvi,Management,"So, we are engaging with the FDA on finding a resolution for Halol. We have responded to the",18,positive,0.773023247718811,0.013496642000973225,0.2134801149368286,0.773023247718811
SUNPHARMA,Sun Pharma,Pharma,Q1FY25,Dilip Shanghavi,Management,"I mean, that is the understanding. It is post 232 investigation report, the government will decide",16,neutral,0.02707686461508274,0.0354141965508461,0.9375089406967163,0.9375089406967163
SUNPHARMA,Sun Pharma,Pharma,Q1FY25,Dilip Shanghvi,Management,"I think, my understanding is that EU deal also exempts pharma products. Pharma products don't",15,neutral,0.037684038281440735,0.05565278232097626,0.906663179397583,0.906663179397583
SUNPHARMA,Sun Pharma,Pharma,Q1FY25,Dilip Shanghvi,Management,"Yes, I mean we have three quarters to catch up.",10,neutral,0.14623522758483887,0.022725677117705345,0.8310390710830688,0.8310390710830688
SUNPHARMA,Sun Pharma,Pharma,Q1FY25,Dilip Shanghvi,Management,"No, I think the key difference between how you look at and how we look at is that we look at",21,neutral,0.048091862350702286,0.032422251999378204,0.9194859266281128,0.9194859266281128
SUNPHARMA,Sun Pharma,Pharma,Q1FY25,Dilip Shanghvi,Management,"GL 34 Phase-II will start. So, that also will add to the cost because those are larger studies.",18,neutral,0.09282469749450684,0.21520021557807922,0.6919751167297363,0.6919751167297363
SUNPHARMA,Sun Pharma,Pharma,Q1FY25,Alok Shanghvi,Management,"Yes, sure. So, we currently have three facilities that are under warning letter from the US FDA.",17,neutral,0.16052274405956268,0.17094291746616364,0.6685343384742737,0.6685343384742737
SUNPHARMA,Sun Pharma,Pharma,Q1FY25,Alok Shanghvi,Management,"So, the decision to file the product from the facility would be a function of the compliance status",18,neutral,0.026940342038869858,0.03990602120757103,0.9331536293029785,0.9331536293029785
SUNPHARMA,Sun Pharma,Pharma,Q1FY25,Dilip Shanghvi,Management,"I mean, typically there is an approval timeline for a new indication. Hopefully, we should achieve",16,neutral,0.1509721428155899,0.01270728837698698,0.8363205790519714,0.8363205790519714
SUNPHARMA,Sun Pharma,Pharma,Q1FY25,Yogesh Soni,Management,"Thanks for the opportunity, sir. One bookkeeping question. I wanted to understand the amount for",15,neutral,0.07357240468263626,0.018074704334139824,0.9083529114723206,0.9083529114723206
SUNPHARMA,Sun Pharma,Pharma,Q1FY25,Yogesh Soni,Management,"Okay. So, another question that I have is I wanted to understand the Unloxcyt launch timeline.",16,neutral,0.05590406060218811,0.04028123989701271,0.9038147330284119,0.9038147330284119
SUNPHARMA,Sun Pharma,Pharma,Q2FY25,Aalok Shanghvi,Management,"Thank you, Rick. I will provide an update on the performance highlights of our other businesses.",16,neutral,0.09150461107492447,0.011791802011430264,0.8967035412788391,0.8967035412788391
SUNPHARMA,Sun Pharma,Pharma,Q2FY25,Dilip Shanghvi,Management,"Thank you, Aalok. Let me take you through our R&D initiatives. We continue to invest in",16,neutral,0.30657655000686646,0.007850098423659801,0.6855733394622803,0.6855733394622803
SUNPHARMA,Sun Pharma,Pharma,Q2FY25,Dilip Shanghvi,Management,"So Neha, I think we should come in the lower end of the guidance overall, that's what is our",19,neutral,0.0837174579501152,0.05905507132411003,0.8572275042533875,0.8572275042533875
SUNPHARMA,Sun Pharma,Pharma,Q2FY25,Dilip Shanghvi,Management,"Yes, we are in the process of compiling the dossier for Europe. Once it's filed, we will share the",19,neutral,0.08874724805355072,0.012038066051900387,0.8992146253585815,0.8992146253585815
SUNPHARMA,Sun Pharma,Pharma,Q2FY25,Dilip Shanghvi,Management,So I think it all depends on different geographies. Rick can update on the U.S. market share. But,18,neutral,0.04019208624958992,0.019285624846816063,0.940522313117981,0.940522313117981
SUNPHARMA,Sun Pharma,Pharma,Q2FY25,Dilip Shanghvi,Management,"One is that. And second, I think it's still not very clear.",12,neutral,0.050244808197021484,0.20564250648021698,0.7441127300262451,0.7441127300262451
SUNPHARMA,Sun Pharma,Pharma,Q2FY25,Aalok Shanghvi,Management,Yes. So there is very little forex impact and the growth was led by both the Generics and the,19,neutral,0.3821350038051605,0.021415628492832184,0.5964493751525879,0.5964493751525879
SUNPHARMA,Sun Pharma,Pharma,Q2FY25,Dilip Shanghvi,Management,Yes. I think both the data are yet to come out. But this is also something which will be disclosed,20,neutral,0.06631380319595337,0.02325284108519554,0.9104333519935608,0.9104333519935608
SUNPHARMA,Sun Pharma,Pharma,Q2FY25,Dilip Shanghvi,Management,"I mean I don't want to announce on their behalf, but I'm not aware that there is any delay in the",21,neutral,0.029232315719127655,0.049394749104976654,0.9213729500770569,0.9213729500770569
SUNPHARMA,Sun Pharma,Pharma,Q2FY25,Dilip Shanghvi,Management,"No, I think we are quite excited with the early data that we're getting with patients, both for",18,positive,0.7058057188987732,0.01626497320830822,0.27792924642562866,0.7058057188987732
SUNPHARMA,Sun Pharma,Pharma,Q2FY25,Dilip Shanghvi,Management,"So as on today, I think the initial -- all the studies have been done with synthetic. But at some",20,neutral,0.04632897675037384,0.017223138362169266,0.9364478588104248,0.9364478588104248
SUNPHARMA,Sun Pharma,Pharma,Q2FY25,Dilip Shanghvi,Management,What she is saying is that Generics for Restasis whether that affects your growth of Cequa?,16,neutral,0.0429818257689476,0.01965886540710926,0.9373592734336853,0.9373592734336853
SUNPHARMA,Sun Pharma,Pharma,Q2FY25,Aalok Shanghvi,Management,Yes. I mean I would say both of them are factors in how the growth played out.,17,neutral,0.05450084060430527,0.045699018985033035,0.8998001217842102,0.8998001217842102
SUNPHARMA,Sun Pharma,Pharma,Q2FY25,Shashank Krishnakumar,Management,Just one question that I had on biosims. I know that we have been always steadfastly,16,neutral,0.1864653378725052,0.011725470423698425,0.8018091917037964,0.8018091917037964
SUNPHARMA,Sun Pharma,Pharma,Q2FY25,Dilip Shanghvi,Management,So I think we are studying and possibly waiting for the clear guidance to come before we take a,19,neutral,0.08721517771482468,0.013661600649356842,0.8991231918334961,0.8991231918334961
SUNPHARMA,Sun Pharma,Pharma,Q2FY25,Dilip Shanghvi,Management,Yes. I think the Phase II that we have disclosed is a type 2 diabetes study.,16,neutral,0.05357871577143669,0.01677992008626461,0.9296414256095886,0.9296414256095886
SUNPHARMA,Sun Pharma,Pharma,Q2FY25,Dilip Shanghvi,Management,"Those are -- I mean we have to remain competitive, and we need to have a product which can",19,neutral,0.22621984779834747,0.010095533914864063,0.7636846303939819,0.7636846303939819
SUNPHARMA,Sun Pharma,Pharma,Q3FY25,Alok Shanghvi,Management,"Thank you, Rick, and good evening to everybody on the call.",11,neutral,0.3781279921531677,0.017553135752677917,0.6043188571929932,0.6043188571929932
SUNPHARMA,Sun Pharma,Pharma,Q3FY25,"Morgan. Please go ahead.
Rishi Parekh",Management,"Hi, good morning and good evening, I guess, and thank you so much for taking my question. Now,",18,neutral,0.09200400114059448,0.019843731075525284,0.8881523013114929,0.8881523013114929
SUNPHARMA,Sun Pharma,Pharma,Q3FY25,Dilip Shanghvi,Management,"So, I think almost for all of those issues, we have indicated responses to the analysts on this call",19,positive,0.5012818574905396,0.015126360580325127,0.48359182476997375,0.5012818574905396
SUNPHARMA,Sun Pharma,Pharma,Q3FY25,Rishi Parekh,Management,And then can you also talk us through the size of the types of acquisitions you are looking at?,19,neutral,0.0727330818772316,0.010700469836592674,0.9165664911270142,0.9165664911270142
SUNPHARMA,Sun Pharma,Pharma,Q3FY25,Dilip Shanghvi,Management,"So, I think we have indicated in the past that we need to be confident that whatever acquisition",18,neutral,0.1485569179058075,0.01717919483780861,0.8342638611793518,0.8342638611793518
SUNPHARMA,Sun Pharma,Pharma,Q3FY25,Dilip Shanghvi,Management,I think it is all linked with commencing clinical trials as we are commencing new clinical trial,17,neutral,0.08918239921331406,0.011043200269341469,0.8997743725776672,0.8997743725776672
SUNPHARMA,Sun Pharma,Pharma,Q3FY25,Dilip Shanghvi,Management,"Sure. No, I think we are giving some split between the generic and the specialty. But beyond",17,neutral,0.06329929828643799,0.016928566619753838,0.9197721481323242,0.9197721481323242
SUNPHARMA,Sun Pharma,Pharma,Q3FY25,Dilip Shanghvi,Management,"I think last time also I indicated. So, we are evaluating, re-looking at, because we look at",17,neutral,0.09695342183113098,0.01517388503998518,0.8878726959228516,0.8878726959228516
SUNPHARMA,Sun Pharma,Pharma,Q3FY25,Dilip Shanghvi,Management,"We are publishing phase-2a data in the certain scientific conferences, both for diabetes as well",15,neutral,0.07703506201505661,0.00882524810731411,0.9141396284103394,0.9141396284103394
SUNPHARMA,Sun Pharma,Pharma,Q3FY25,Alok Shanghvi,Management,"So, we do not specifically disclose which ANDAs are filed from which site.",13,neutral,0.020164111629128456,0.0482148677110672,0.9316210150718689,0.9316210150718689
SUNPHARMA,Sun Pharma,Pharma,Q3FY25,Dilip Shanghvi,Management,I think these are commercially sensitive information. It is difficult for us to share this information,16,neutral,0.031781964004039764,0.2748836278915405,0.6933344006538391,0.6933344006538391
SUNPHARMA,Sun Pharma,Pharma,Q3FY25,Dilip Shanghvi,Management,"So, I think once we decide, we will share both the information that we can share. As we have",19,neutral,0.098541758954525,0.010213793255388737,0.8912444710731506,0.8912444710731506
SUNPHARMA,Sun Pharma,Pharma,Q3FY25,Shashank Krishnakumar,Management,Hi! Thanks for taking my question. My first one was on the launch of an auto-,16,neutral,0.07173698395490646,0.020228547975420952,0.9080345034599304,0.9080345034599304
SUNPHARMA,Sun Pharma,Pharma,Q3FY25,Shashank Krishnakumar,Management,"Got it. Thanks. That is helpful. Just a second question is on India. So, do we also",17,neutral,0.04972005635499954,0.017532391473650932,0.9327475428581238,0.9327475428581238
SUNPHARMA,Sun Pharma,Pharma,Q3FY25,Dilip Shanghvi,Management,"So, my understanding is that they do not have a priority review classification. I can find out. If I",19,neutral,0.04021294414997101,0.02365039847791195,0.9361366033554077,0.9361366033554077
SUNPHARMA,Sun Pharma,Pharma,Q3FY25,Dilip Shanghvi,Management,"No, I think I said that we are comfortable with raising debt. Now, it all depends on the targets,",19,neutral,0.06097458302974701,0.0239090658724308,0.9151163697242737,0.9151163697242737
SUNPHARMA,Sun Pharma,Pharma,Q3FY25,Foram Parekh,Management,Thank you for the opportunity. Our emerging markets growth is quite buoyant in this quarter.,15,positive,0.9504892230033875,0.016070479527115822,0.03344029560685158,0.9504892230033875
SUNPHARMA,Sun Pharma,Pharma,Q3FY25,Alok Shanghvi,Management,"So, all our major geographies in emerging markets are doing well in local currency terms. And",16,positive,0.9506875276565552,0.015278239734470844,0.03403422608971596,0.9506875276565552
SUNPHARMA,Sun Pharma,Pharma,Q3FY25,Foram Parekh,Management,Okay. My second question is a little open-ended and it is on the India business GLP opportunity.,17,neutral,0.040058787912130356,0.04363783076405525,0.9163033962249756,0.9163033962249756
SUNPHARMA,Sun Pharma,Pharma,Q3FY25,Foram Parekh,Management,"Sure. And can you talk or give some direction on the pricing side, I mean, do we want to be very",21,neutral,0.0638405829668045,0.01574178971350193,0.9204176068305969,0.9204176068305969
SUNPHARMA,Sun Pharma,Pharma,Q4FY25,Aalok Shanghvi,Management,"Thank you, Rick. I will provide an update on the performance highlights of our other",15,neutral,0.08425051718950272,0.011683516204357147,0.9040660262107849,0.9040660262107849
SUNPHARMA,Sun Pharma,Pharma,Q4FY25,Dilip Shanghvi,Management,"Thank you, Aalok. Let me now take you through our R&D initiatives. We continue to invest in",17,neutral,0.19900186359882355,0.007759425789117813,0.7932386994361877,0.7932386994361877
SUNPHARMA,Sun Pharma,Pharma,Q4FY25,Aalok Shanghvi,Management,"Yes. So I think we will certainly look at maximizing the potential, but we will not be able to",19,neutral,0.47443220019340515,0.022397369146347046,0.5031704306602478,0.5031704306602478
SUNPHARMA,Sun Pharma,Pharma,Q4FY25,Dilip Shanghvi,Management,"Yes. I think the idea is that in larger market where we will require a large field force to promote,",20,neutral,0.1903437376022339,0.009686272591352463,0.7999700307846069,0.7999700307846069
SUNPHARMA,Sun Pharma,Pharma,Q4FY25,Dilip Shanghvi,Management,"No, I think part of the question you answered yourself is that because of the compliance issue,",17,neutral,0.08814244717359543,0.14187069237232208,0.7699868679046631,0.7699868679046631
SUNPHARMA,Sun Pharma,Pharma,Q4FY25,Aalok Shanghvi,Management,"So, I think -- like we've shared in the past, I think we continue to work on training and upgrading",20,neutral,0.2791130244731903,0.010237461887300014,0.7106495499610901,0.7106495499610901
SUNPHARMA,Sun Pharma,Pharma,Q4FY25,Aalok Shanghvi,Management,"US generics would be a part of the volume that would be manufactured, but it would not be the",19,neutral,0.03419717773795128,0.020232290029525757,0.9455705285072327,0.9455705285072327
SUNPHARMA,Sun Pharma,Pharma,Q4FY25,Dilip Shanghvi,Management,"No, we are not challenging -- I mean, changing our view on attractiveness of generic business.",16,neutral,0.2364872694015503,0.014685502275824547,0.7488272190093994,0.7488272190093994
SUNPHARMA,Sun Pharma,Pharma,Q4FY25,Dilip Shanghvi,Management,"So, I think you must have seen that both the last quarter overall R&D spend has grown over the",19,positive,0.949141800403595,0.022477053105831146,0.02838127687573433,0.949141800403595
SUNPHARMA,Sun Pharma,Pharma,Q4FY25,Dilip Shanghvi,Management,"No, I think, we have an active life cycle management approach for all our innovative products.",16,neutral,0.23313581943511963,0.008448709733784199,0.7584155201911926,0.7584155201911926
SUNPHARMA,Sun Pharma,Pharma,Q4FY25,Dilip Shanghvi,Management,I think we are not factoring any sales out of this product in any geographies other than the,18,neutral,0.03745771199464798,0.019262239336967468,0.9432799816131592,0.9432799816131592
SUNPHARMA,Sun Pharma,Pharma,Q4FY25,Dilip Shanghvi,Management,"No, I think sometimes you have to -- the filing itself requires a certain time because you",17,neutral,0.03165518119931221,0.09918671101331711,0.8691580891609192,0.8691580891609192
SUNPHARMA,Sun Pharma,Pharma,Q4FY25,Aalok Shanghvi,Management,"So, I think the sites operate from a 24/7 audit readiness. I think we would not be able to",19,neutral,0.07067979872226715,0.07385137677192688,0.8554688096046448,0.8554688096046448
TCS,TCS,IT,Q1FY25,K Krithivasan,Management,"Thank you, Nehal. Again, good day, everyone. During our April 2025",11,neutral,0.11594902724027634,0.012780203483998775,0.8712707757949829,0.8712707757949829
TCS,TCS,IT,Q1FY25,Milind Lakkad,Management,"Thank you, Samir. Our workforce at the end of the first quarter was",13,positive,0.7380778789520264,0.09340142458677292,0.16852062940597534,0.7380778789520264
TCS,TCS,IT,Q1FY25,"I will now request Krithi to speak on the various demand drivers during
the quarter.
K Krithivasan",Management,"Thank you, Milind. During the quarter, enterprises remained focused on",10,neutral,0.16109588742256165,0.04475290700793266,0.7941511869430542,0.7941511869430542
TCS,TCS,IT,Q1FY25,K Krithivasan,Management,"Sudheer, at this time we are confident the international market will do",12,positive,0.8603167533874512,0.007537133060395718,0.13214612007141113,0.8603167533874512
TCS,TCS,IT,Q1FY25,K Krithivasan,Management,"We have not started seeing that so far, Sudheer. Because as we know,",13,neutral,0.06372129917144775,0.044282715767621994,0.8919960260391235,0.8919960260391235
TCS,TCS,IT,Q1FY25,Kumar Rakesh,Management,"Hi, good evening and thank you for taking my questions and welcome",12,neutral,0.41116833686828613,0.014794684946537018,0.5740370154380798,0.5740370154380798
TCS,TCS,IT,Q1FY25,K Krithivasan,Management,Whatever delays that we had have been to a great extent factored into,13,neutral,0.06245163828134537,0.09588013589382172,0.8416681885719299,0.8416681885719299
TCS,TCS,IT,Q1FY25,Kumar Rakesh,Management,"Thanks for that. My second question was on margins. So, before we",12,neutral,0.04582921415567398,0.057444628328084946,0.8967261910438538,0.8967261910438538
TCS,TCS,IT,Q1FY25,Samir Seksaria,Management,"A good comparison would be the year-on-year margin. And yes, it's 20",12,neutral,0.18803156912326813,0.013571885414421558,0.7983965277671814,0.7983965277671814
TCS,TCS,IT,Q1FY25,Kumar Rakesh,Management,"Thanks, Samir for that. Just one clarification on the international",10,neutral,0.03472943231463432,0.02110421285033226,0.9441663026809692,0.9441663026809692
TCS,TCS,IT,Q1FY25,Kumar Rakesh,Management,Got it. Great. Thanks a lot and that's all from my side.,12,neutral,0.270331472158432,0.01742284931242466,0.7122456431388855,0.7122456431388855
TCS,TCS,IT,Q1FY25,K Krithivasan,Management,"Ankur, pricing has been reasonably stable at an overall level. But if you",13,neutral,0.2722882628440857,0.012230436317622662,0.7154813408851624,0.7154813408851624
TCS,TCS,IT,Q1FY25,K Krithivasan,Management,Ankur the overall pipeline has remained quite strong. We measured it,11,positive,0.9429835081100464,0.015535001643002033,0.041481420397758484,0.9429835081100464
TCS,TCS,IT,Q1FY25,Samir Seksaria,Management,"Ankur, like I said, we invested into capacity, anticipating growth this",11,positive,0.5867348313331604,0.013279891572892666,0.39998528361320496,0.5867348313331604
TCS,TCS,IT,Q1FY25,Samir Seksaria,Management,"We would want to drive revenue growth, but we will look at optimization",13,neutral,0.15693238377571106,0.008404714986681938,0.8346629738807678,0.8346629738807678
TCS,TCS,IT,Q1FY25,Samir Seksaria,Management,"So Ravi, so you would see a 70 basis points decline on positive impact",14,negative,0.0391102060675621,0.8986905813217163,0.062199220061302185,0.8986905813217163
TCS,TCS,IT,Q1FY25,K Krithivasan,Management,"No. Actually Ravi, positive side of it is that BFSI North America and",13,neutral,0.13257622718811035,0.011509757488965988,0.8559140563011169,0.8559140563011169
TCS,TCS,IT,Q1FY25,K Krithivasan,Management,"By and large, we are seeing a growth, with the exception of one or two",15,positive,0.9400017857551575,0.016734633594751358,0.043263643980026245,0.9400017857551575
TCS,TCS,IT,Q1FY25,Samir Seksaria,Management,"Abhishek, first, on the BSNL deal, we just received an advance",11,neutral,0.12768444418907166,0.00972094014286995,0.8625945448875427,0.8625945448875427
TCS,TCS,IT,Q1FY25,Samir Seksaria,Management,"So, two clarifications, Abhishek. One is, if you're comparing sequentially",10,neutral,0.05433959513902664,0.035788796842098236,0.9098716378211975,0.9098716378211975
TCS,TCS,IT,Q1FY25,"Padmanabhan from Investec. Please go ahead.
Nitin Padmanabhan",Management,"Yes. Hi, good evening. Thank you for the opportunity. You sounded",11,neutral,0.3300609886646271,0.012774762697517872,0.6571642160415649,0.6571642160415649
TCS,TCS,IT,Q1FY25,K Krithivasan,Management,"Like every other industry, Nitin, there are some places where there is a",13,neutral,0.051004357635974884,0.019677288830280304,0.9293183088302612,0.9293183088302612
TCS,TCS,IT,Q1FY25,Nitin Padmanabhan,Management,"Right. Just to understand, on a sequential basis, last quarter versus this",12,neutral,0.05487057939171791,0.02899675816297531,0.9161326289176941,0.9161326289176941
TCS,TCS,IT,Q1FY25,K Krithivasan,Management,"If you look at a revenue basis, you can see that the revenue has an",15,neutral,0.2867791950702667,0.022585799917578697,0.6906349658966064,0.6906349658966064
TCS,TCS,IT,Q1FY25,Nitin Padmanabhan,Management,"Got it. But just from a pure -- because there is a dichotomy, our deal",15,neutral,0.061080947518348694,0.02572569064795971,0.9131933450698853,0.9131933450698853
TCS,TCS,IT,Q1FY25,K Krithivasan,Management,"What's happening in some of the deals, where the clients decide that",12,neutral,0.034562692046165466,0.03953242674469948,0.9259049296379089,0.9259049296379089
TCS,TCS,IT,Q1FY25,Nitin Padmanabhan,Management,Got it. Just one last clarification from my end. You are currently,12,neutral,0.03302248567342758,0.06286893039941788,0.9041085839271545,0.9041085839271545
TCS,TCS,IT,Q1FY25,K Krithivasan,Management,"Nitin, as you know, we don’t give any specific guidance, but on the",13,neutral,0.037524428218603134,0.017410101369023323,0.945065438747406,0.945065438747406
TCS,TCS,IT,Q1FY25,Nitin Padmanabhan,Management,Got it. Thank you so much and all the very best.,11,positive,0.693800151348114,0.014791477471590042,0.29140838980674744,0.693800151348114
TCS,TCS,IT,Q1FY25,K Krithivasan,Management,"Abhishek, I will not characterize it as losing any market share in North",13,negative,0.018934709951281548,0.8926454782485962,0.08841991424560547,0.8926454782485962
TCS,TCS,IT,Q1FY25,K Krithivasan,Management,"So, Abhishek, whenever there is a revenue reduction, it's concerning.",10,negative,0.0455017052590847,0.8228277564048767,0.13167056441307068,0.8228277564048767
TCS,TCS,IT,Q1FY25,Samir Seksaria,Management,"As I clarified, it is not just adding people. We have given a higher QVA",15,neutral,0.22104379534721375,0.01223212294280529,0.7667241096496582,0.7667241096496582
TCS,TCS,IT,Q1FY25,K Krithivasan,Management,"Gaurav, you are right. Whenever there is a renewal, we go back to our",14,neutral,0.04498569294810295,0.03463425487279892,0.9203800559043884,0.9203800559043884
TCS,TCS,IT,Q1FY25,K Krithivasan,Management,"Gaurav, this is an evolving space. You will see multiple opportunities.",11,neutral,0.41142773628234863,0.009168611839413643,0.5794036388397217,0.5794036388397217
TCS,TCS,IT,Q1FY25,K Krithivasan,Management,"Thank you, operator. In Q1 FY '26, our revenue declined by 3.1% year-",13,negative,0.00828851480036974,0.9750041365623474,0.016707241535186768,0.9750041365623474
TCS,TCS,IT,Q2FY25,K Krithivasan,Management,"Firstly, I would like to warmly welcome Sudeep Kunnumal who has",11,positive,0.6749253869056702,0.01085655391216278,0.31421807408332825,0.6749253869056702
TCS,TCS,IT,Q2FY25,K Krithivasan,Management,"Moving on to Q2 performance, we have delivered a good",10,positive,0.9534554481506348,0.02026611566543579,0.026278315111994743,0.9534554481506348
TCS,TCS,IT,Q2FY25,"Yogesh Aggarwal from HSBC Securities. Please go ahead.
Yogesh Aggarwal",Management,"Hi. Thank you so much. So, Krithi, couple of questions. Firstly, the",12,neutral,0.047184497117996216,0.03253711760044098,0.9202783703804016,0.9202783703804016
TCS,TCS,IT,Q2FY25,K Krithivasan,Management,"Yogesh, from a capex perspective, while we have set a target of 1",13,neutral,0.12811408936977386,0.010979642160236835,0.8609063029289246,0.8609063029289246
TCS,TCS,IT,Q2FY25,K Krithivasan,Management,"And secondly hoping to sell this to the pure-play AI providers, the",12,neutral,0.11120035499334335,0.007746226154267788,0.8810533881187439,0.8810533881187439
TCS,TCS,IT,Q2FY25,Yogesh Aggarwal,Management,"Thank you. Secondly, on the growth, you said the demand",10,neutral,0.1564987301826477,0.01613781228661537,0.8273634314537048,0.8273634314537048
TCS,TCS,IT,Q2FY25,K Krithivasan,Management,"Yogesh, we had better growth compared to Q1. And as I said,",12,positive,0.7964407801628113,0.09760332107543945,0.10595591366291046,0.7964407801628113
TCS,TCS,IT,Q2FY25,Samir Seksaria,Management,"Sudheer, in terms of both, one, Krithi talked about finance partners,",11,neutral,0.054184794425964355,0.014810343272984028,0.9310048818588257,0.9310048818588257
TCS,TCS,IT,Q2FY25,K Krithivasan,Management,"Ankur, this whole our belief and confidence in becoming the largest",11,neutral,0.27902790904045105,0.009659664705395699,0.711312472820282,0.711312472820282
TCS,TCS,IT,Q2FY25,K Krithivasan,Management,"No. First on the headwind, Ankur, the only headwind was because",11,neutral,0.06361886113882065,0.2598755657672882,0.6765055656433105,0.6765055656433105
TCS,TCS,IT,Q2FY25,K Krithivasan,Management,"Yes. Ravi, we've been looking at opportunities to expand our play in",12,positive,0.8337278962135315,0.00799777451902628,0.15827441215515137,0.8337278962135315
TCS,TCS,IT,Q2FY25,Samir Seksaria,Management,"The business itself, we'll be keeping it separate. It will have separate",12,neutral,0.0401640348136425,0.01814398728311062,0.9416919350624084,0.9416919350624084
TCS,TCS,IT,Q2FY25,Samir Seksaria,Management,"As we said, this is an investment which will have partners coming",12,neutral,0.1935269683599472,0.008335813879966736,0.7981371879577637,0.7981371879577637
TCS,TCS,IT,Q2FY25,Samir Seksaria,Management,"It was about 70 basis points, and it is in constant currency terms.",13,neutral,0.033225443214178085,0.026634305715560913,0.9401402473449707,0.9401402473449707
TCS,TCS,IT,Q2FY25,K Krithivasan,Management,"We've been evaluating multiple opportunities. As I said, this one",10,neutral,0.21493859589099884,0.013933609239757061,0.7711277604103088,0.7711277604103088
TCS,TCS,IT,Q2FY25,Samir Seksaria,Management,"The ROE of this new business, as you all rightly identified, that's",12,neutral,0.09624107927083969,0.009401419200003147,0.894357442855835,0.894357442855835
TCS,TCS,IT,Q2FY25,"Rakesh from BNP Paribas. Please go ahead.
Kumar Rakesh",Management,"Hi, thank you for taking my question. My first question was for",12,neutral,0.06490285694599152,0.025594227015972137,0.9095028638839722,0.9095028638839722
TCS,TCS,IT,Q2FY25,K Krithivasan,Management,"Kumar, based on the discussions that we've been having with",10,neutral,0.11691784113645554,0.009618351235985756,0.8734637498855591,0.8734637498855591
TCS,TCS,IT,Q2FY25,Kumar Rakesh,Management,"Got it. Thank you for that. My second question was on margins. So,",13,neutral,0.06301895529031754,0.045528896152973175,0.8914521336555481,0.8914521336555481
TCS,TCS,IT,Q2FY25,Samir Seksaria,Management,"Kumar, as you know, in H1, we have improved 100 basis points. We",13,positive,0.9604001045227051,0.016527945175766945,0.023071952164173126,0.9604001045227051
TCS,TCS,IT,Q2FY25,K Krithivasan,Management,"Nitin, at that point like we probably as I was alluding to, I would say,",15,neutral,0.04111335799098015,0.03637439385056496,0.9225122928619385,0.9225122928619385
TCS,TCS,IT,Q2FY25,Nitin Padmanabhan,Management,"Sure. So incrementally, we should see better accretion. At least",10,positive,0.9509214758872986,0.015017278492450714,0.03406119719147682,0.9509214758872986
TCS,TCS,IT,Q2FY25,Nitin Padmanabhan,Management,"Correct. Any incremental update on, let's say, BFSI or consumer",10,neutral,0.036618124693632126,0.018469475209712982,0.9449123740196228,0.9449123740196228
TCS,TCS,IT,Q2FY25,K Krithivasan,Management,"See, if you look at the growth momentum, all of them have",12,neutral,0.05567488074302673,0.018685413524508476,0.9256396889686584,0.9256396889686584
TCS,TCS,IT,Q2FY25,Nitin Padmanabhan,Management,"On the data center capex, maybe roughly based on what you said,",12,neutral,0.045747920870780945,0.046629033982753754,0.9076230525970459,0.9076230525970459
TCS,TCS,IT,Q2FY25,K Krithivasan,Management,"Yes, definitely, it will be partially by partners, partly by us. And at this",14,neutral,0.05407696217298508,0.01119796372950077,0.9347251057624817,0.9347251057624817
TCS,TCS,IT,Q2FY25,Nitin Padmanabhan,Management,And just one last one if I may. Any color on the kind of deals in terms,17,neutral,0.028545452281832695,0.0380602702498436,0.933394193649292,0.933394193649292
TCS,TCS,IT,Q2FY25,K Krithivasan,Management,"No significant improvement, but at the same time, when Aarthi",10,positive,0.5766079425811768,0.03353219851851463,0.3898598253726959,0.5766079425811768
TCS,TCS,IT,Q2FY25,Nitin Padmanabhan,Management,"Perfect. Thank you so much, Krithi and all the very best.",11,positive,0.7266910672187805,0.011213929392397404,0.2620949447154999,0.7266910672187805
TCS,TCS,IT,Q2FY25,K Krithivasan,Management,"At this time, we are planning based on the inputs we have, it's likely",14,neutral,0.05950675904750824,0.013595658354461193,0.9268976449966431,0.9268976449966431
TCS,TCS,IT,Q2FY25,K Krithivasan,Management,"It's a passive data center. The likely users could be the hyperscalers,",12,neutral,0.025104595348238945,0.038620635867118835,0.9362747669219971,0.9362747669219971
TCS,TCS,IT,Q2FY25,K Krithivasan,Management,I did not say demand commitment. I'm saying that there is a lot of,14,neutral,0.0998324453830719,0.024755945429205894,0.8754115700721741,0.8754115700721741
TCS,TCS,IT,Q2FY25,K Krithivasan,Management,"We are having quite a few conversations with our customers, to",11,neutral,0.14951388537883759,0.021324271336197853,0.8291618227958679,0.8291618227958679
TCS,TCS,IT,Q2FY25,Samir Seksaria,Management,The increase of the equipment and software expenses this quarter,10,positive,0.5086737871170044,0.3913950026035309,0.09993112832307816,0.5086737871170044
TCS,TCS,IT,Q2FY25,Samir Seksaria,Management,"We have Q3 seasonality, which you'd typically see. Other than that,",11,neutral,0.050836481153964996,0.17633724212646484,0.7728262543678284,0.7728262543678284
TCS,TCS,IT,Q2FY25,K Krithivasan,Management,"Rishi, there are definitely a number of places where we can invest.",12,neutral,0.1395726501941681,0.012014533393085003,0.848412811756134,0.848412811756134
TCS,TCS,IT,Q2FY25,K Krithivasan,Management,"And, it gives another group synergy as well. If you look at the Tata",14,neutral,0.07352174073457718,0.011361565440893173,0.9151167273521423,0.9151167273521423
TCS,TCS,IT,Q2FY25,K Krithivasan,Management,Tata Communication. So there is a different kind of synergy we can,12,neutral,0.09100837260484695,0.011854816228151321,0.8971368074417114,0.8971368074417114
TCS,TCS,IT,Q2FY25,K Krithivasan,Management,Yes. We are very actively looking at more opportunities for,10,positive,0.8316834568977356,0.009519560262560844,0.158797025680542,0.8316834568977356
TCS,TCS,IT,Q2FY25,Samir Seksaria,Management,Of substantial free cash flows and that is after all investments.,11,positive,0.6270958781242371,0.010524332523345947,0.3623797595500946,0.6270958781242371
TCS,TCS,IT,Q2FY25,K Krithivasan,Management,"But so, but if we end up making a huge acquisition that impact our",14,neutral,0.0421520434319973,0.3468240201473236,0.611024022102356,0.611024022102356
TCS,TCS,IT,Q3FY25,K Krithivasan,Management,"Thank you, Nehal. Good evening, everyone. Wish you all a very very",12,positive,0.4996095299720764,0.020916739478707314,0.4794737696647644,0.4996095299720764
TCS,TCS,IT,Q3FY25,K Krithivasan,Management,"Thanks, Sudheer. In Q2, we had called out that the overall demand",12,positive,0.8965791463851929,0.02397225797176361,0.07944855093955994,0.8965791463851929
TCS,TCS,IT,Q3FY25,Samir Seksaria,Management,"First on the other expenses part, the increase both sequentially",10,neutral,0.10867782682180405,0.016144145280122757,0.8751780390739441,0.8751780390739441
TCS,TCS,IT,Q3FY25,K Krithivasan,Management,"In BFSI, it's primarily seasonality that impacted us in this quarter.",11,neutral,0.03158574551343918,0.4547729194164276,0.513641357421875,0.513641357421875
TCS,TCS,IT,Q3FY25,K Krithivasan,Management,"Yes, Vibhor like we did tell in the past that our international market,",13,neutral,0.10576353222131729,0.011053924448788166,0.8831825256347656,0.8831825256347656
TCS,TCS,IT,Q3FY25,Samir Seksaria,Management,"If you look at it from a headwind perspective, Vibhor, apart from",12,neutral,0.0399051234126091,0.027443774044513702,0.9326511025428772,0.9326511025428772
TCS,TCS,IT,Q3FY25,Samir Seksaria,Management,"Basis the guidance received overall on the new labor code, the way",12,neutral,0.12708629667758942,0.017999401316046715,0.8549143075942993,0.8549143075942993
TCS,TCS,IT,Q3FY25,Samir Seksaria,Management,On the labor code we don't expect any incremental one-o(cid:431)’s.,10,neutral,0.03139793500304222,0.11124713718891144,0.8573548793792725,0.8573548793792725
TCS,TCS,IT,Q3FY25,Nitin Padmanabhan,Management,Good evening and Happy New Year. I had few questions. North,11,neutral,0.13967745006084442,0.033583030104637146,0.826739490032196,0.826739490032196
TCS,TCS,IT,Q3FY25,K Krithivasan,Management,"Nitin, I will take the question on North America, BSNL, Credit card",12,neutral,0.03650409355759621,0.017204096540808678,0.9462918043136597,0.9462918043136597
TCS,TCS,IT,Q3FY25,Nitin Padmanabhan,Management,Perfect. That’s helpful. Thank you so much and all the very best.,12,positive,0.7307008504867554,0.012702296487987041,0.2565968334674835,0.7307008504867554
TCS,TCS,IT,Q3FY25,"BNP Paribas. Please go ahead.
Kumar Rakesh",Management,"Hi, good evening. My first question was that you spoke about that",12,neutral,0.07701459527015686,0.028813039883971214,0.8941723108291626,0.8941723108291626
TCS,TCS,IT,Q3FY25,K Krithivasan,Management,"Kumar, if you look at this year, so far in the first three quarters, our",15,neutral,0.11557000130414963,0.01928340457379818,0.8651466369628906,0.8651466369628906
TCS,TCS,IT,Q3FY25,Kumar Rakesh,Management,"Thanks, Krithi. My second question was on the AI services revenue,",11,neutral,0.0651765912771225,0.036123715341091156,0.8986996412277222,0.8986996412277222
TCS,TCS,IT,Q3FY25,Samir Seksaria,Management,The legal expenses has a combination of some ongoing elements,10,neutral,0.025438040494918823,0.048498548567295074,0.9260633587837219,0.9260633587837219
TCS,TCS,IT,Q3FY25,Kumar Rakesh,Management,"So essentially, the SG&A expense in this quarter largely would be",11,neutral,0.039721738547086716,0.2655599117279053,0.6947183012962341,0.6947183012962341
TCS,TCS,IT,Q3FY25,Samir Seksaria,Management,"Partly, it's a mix of both, but I'm not going to hair split into how",15,neutral,0.03583557903766632,0.029309745877981186,0.9348546862602234,0.9348546862602234
TCS,TCS,IT,Q3FY25,"Thank you.
K Krithivasan",Management,"Bachman, if you look at the renewal, most of the renewals would",12,neutral,0.047490328550338745,0.01574195735156536,0.9367677569389343,0.9367677569389343
TCS,TCS,IT,Q3FY25,K Krithivasan,Management,It could vary. I said just to give it as an example. But the point I'm,16,neutral,0.04861339554190636,0.03813299909234047,0.9132536053657532,0.9132536053657532
TCS,TCS,IT,Q3FY25,K Krithivasan,Management,"We have been quite open to that. But at the same time, it's fair to",15,neutral,0.1317422240972519,0.015483885072171688,0.852773904800415,0.852773904800415
TCS,TCS,IT,Q3FY25,Samir Seksaria,Management,"Dhanshree, what we had called out is, that we would be first",12,neutral,0.06389550864696503,0.018113963305950165,0.917990505695343,0.917990505695343
TCS,TCS,IT,Q4FY25,K Krithivasan,Management,"We have not seen that, Sudheer. It's been, as I said, our clients are quite",15,neutral,0.15893037617206573,0.19160334765911102,0.6494662761688232,0.6494662761688232
TCS,TCS,IT,Q4FY25,K Krithivasan,Management,"As we mentioned, we have a good order book getting into FY27. We have",14,positive,0.9284035563468933,0.01095412764698267,0.0606422983109951,0.9284035563468933
TCS,TCS,IT,Q4FY25,Kumar Rakesh,Management,"Hi, good evening and thank you for taking my question. My first question",13,neutral,0.08610311150550842,0.02232326939702034,0.8915735483169556,0.8915735483169556
TCS,TCS,IT,Q4FY25,K Krithivasan,Management,"Kumar, I don't want to put a number, but I would say that, again, as I was",17,neutral,0.03763396665453911,0.03900887072086334,0.9233571290969849,0.9233571290969849
TCS,TCS,IT,Q4FY25,Kumar Rakesh,Management,"Got it. Thanks for that and my second question was around margins, so",13,neutral,0.10050035268068314,0.0304962620139122,0.869003415107727,0.869003415107727
TCS,TCS,IT,Q4FY25,Samir Seksaria,Management,"As you know, we have been investing on the ‘Build-Partner-Acquire’",10,neutral,0.13764558732509613,0.007864522747695446,0.8544898629188538,0.8544898629188538
TCS,TCS,IT,Q4FY25,Kumar Rakesh,Management,"Got that. And just for a clarification, our restructuring is done or there's",13,neutral,0.04500483348965645,0.06954782456159592,0.8854473829269409,0.8854473829269409
TCS,TCS,IT,Q4FY25,Samir Seksaria,Management,"So if you look at Q4, we have not called out any one-offs, so it is business",17,neutral,0.052327223122119904,0.07986324280500412,0.867809534072876,0.867809534072876
TCS,TCS,IT,Q4FY25,Kumar Rakesh,Management,"Yeah. But there is a restructuring charge, which you have booked in the",13,negative,0.0259619802236557,0.7744446396827698,0.19959333539009094,0.7744446396827698
TCS,TCS,IT,Q4FY25,Samir Seksaria,Management,We have not called out any one-off for Q4. The combined one-off for the,14,neutral,0.02586646005511284,0.08665039390325546,0.8874831795692444,0.8874831795692444
TCS,TCS,IT,Q4FY25,K Krithivasan,Management,"But Kumar, just to get the clarity, I will be specific. The restructuring",13,neutral,0.03666184842586517,0.025349002331495285,0.9379891753196716,0.9379891753196716
TCS,TCS,IT,Q4FY25,Yogesh Aggarwal,Management,"Hi. Thanks. Krithi, just firstly on the next few quarters, can we expect the",14,neutral,0.07979703694581985,0.011803329922258854,0.9083995819091797,0.9083995819091797
TCS,TCS,IT,Q4FY25,K Krithivasan,Management,"We are looking at a regular Q1, regular Q2 that we are used to seeing, and",16,neutral,0.09938998520374298,0.01687977835536003,0.8837302327156067,0.8837302327156067
TCS,TCS,IT,Q4FY25,Yogesh Aggarwal,Management,"No, Krithi, I was asking, so usually the first and the second quarter are",14,neutral,0.03252677991986275,0.12409388273954391,0.8433793783187866,0.8433793783187866
TCS,TCS,IT,Q4FY25,K Krithivasan,Management,That is what I said. We are also expecting a stronger 1H. Our planning,14,positive,0.5250637531280518,0.022225569933652878,0.4527105987071991,0.5250637531280518
TCS,TCS,IT,Q4FY25,Yogesh Aggarwal,Management,"Okay, great. And secondly, just going back to this AI stuff. So usually in the",15,neutral,0.03238290920853615,0.10695205628871918,0.8606650829315186,0.8606650829315186
TCS,TCS,IT,Q4FY25,"Padmanabhan from Investec. Please go ahead.
Nitin Padmanabhan",Management,"Yeah. Hi. Good evening. Thank you for the opportunity. Krithi,",10,neutral,0.15421876311302185,0.012603442184627056,0.8331778049468994,0.8331778049468994
TCS,TCS,IT,Q4FY25,K Krithivasan,Management,"See, at this time, if you look at our direct impact from the geopolitical",14,neutral,0.05622100085020065,0.013331076130270958,0.9304479360580444,0.9304479360580444
TCS,TCS,IT,Q4FY25,Nitin Padmanabhan,Management,"The caution that you mentioned was very geo specific, it's not a",12,neutral,0.04769490659236908,0.03363649919629097,0.9186685681343079,0.9186685681343079
TCS,TCS,IT,Q4FY25,Nitin Padmanabhan,Management,"That's very helpful. The second is on, from a margin perspective,",11,neutral,0.10972976684570312,0.013862271793186665,0.8764079809188843,0.8764079809188843
TCS,TCS,IT,Q4FY25,Samir Seksaria,Management,"Nitin, we are exiting FY26 at a four-year high on annual margins at 25%.",14,positive,0.9248515367507935,0.02692374959588051,0.04822471737861633,0.9248515367507935
TCS,TCS,IT,Q4FY25,Nitin Padmanabhan,Management,"Perfect. That's helpful. Just one last from my end. Overall, coming",11,neutral,0.31100907921791077,0.017993608489632607,0.6709972620010376,0.6709972620010376
TCS,TCS,IT,Q4FY25,K Krithivasan,Management,"By and large, most of the headwinds we know probably are behind us,",13,negative,0.0454053170979023,0.7487481236457825,0.20584656298160553,0.7487481236457825
TCS,TCS,IT,Q4FY25,Nitin Padmanabhan,Management,That's helpful. Thank you so much and all the best.,10,positive,0.7931869029998779,0.013377167284488678,0.19343596696853638,0.7931869029998779
TCS,TCS,IT,Q4FY25,K Krithivasan,Management,"Structurally what you are saying is correct, however, I don't know whether",12,neutral,0.07822788506746292,0.08905325829982758,0.8327188491821289,0.8327188491821289
TCS,TCS,IT,Q4FY25,K Krithivasan,Management,"Vibhor, I get the question. Fundamentally, we believe our focus on margin",12,neutral,0.1208757534623146,0.015019216574728489,0.8641050457954407,0.8641050457954407
TCS,TCS,IT,Q4FY25,Samir Seksaria,Management,"On the wage increments, you should expect a similar impact on what we",13,neutral,0.06806368380784988,0.3105906844139099,0.621345579624176,0.621345579624176
TCS,TCS,IT,Q4FY25,K Krithivasan,Management,"In terms of colour or the characteristics of the deals of TCV, I would say",15,neutral,0.0286155603826046,0.02641391009092331,0.9449704885482788,0.9449704885482788
TCS,TCS,IT,Q4FY25,K Krithivasan,Management,"By and large on time, but when we also see an opportunity to go back to a",17,neutral,0.20632654428482056,0.0112532339990139,0.7824202179908752,0.7824202179908752
TCS,TCS,IT,Q4FY25,K Krithivasan,Management,"Rishi, it's a reflection as a first is we want to ensure that we properly",15,neutral,0.10564007610082626,0.013323121704161167,0.8810368180274963,0.8810368180274963
TCS,TCS,IT,Q4FY25,K Krithivasan,Management,"So, Gaurav, first on the client metric improvement. See it's a combination",12,neutral,0.28224247694015503,0.012443489395081997,0.705314040184021,0.705314040184021
TCS,TCS,IT,Q4FY25,Samir Seksaria,Management,"Gaurav, on the AI and data part, the revenue productivity is definitely",12,neutral,0.225464329123497,0.01638466864824295,0.7581509947776794,0.7581509947776794
Tata,Tata Group,Conglomerate,Q1FY25,K Krithivasan,Management,"Thank you, Nehal. Again, good day, everyone. During our April 2025",11,neutral,0.11594902724027634,0.012780203483998775,0.8712707757949829,0.8712707757949829
Tata,Tata Group,Conglomerate,Q1FY25,Milind Lakkad,Management,"Thank you, Samir. Our workforce at the end of the first quarter was",13,positive,0.7380778789520264,0.09340142458677292,0.16852062940597534,0.7380778789520264
Tata,Tata Group,Conglomerate,Q1FY25,"I will now request Krithi to speak on the various demand drivers during
the quarter.
K Krithivasan",Management,"Thank you, Milind. During the quarter, enterprises remained focused on",10,neutral,0.16109588742256165,0.04475290700793266,0.7941511869430542,0.7941511869430542
Tata,Tata Group,Conglomerate,Q1FY25,K Krithivasan,Management,"Sudheer, at this time we are confident the international market will do",12,positive,0.8603167533874512,0.007537133060395718,0.13214612007141113,0.8603167533874512
Tata,Tata Group,Conglomerate,Q1FY25,K Krithivasan,Management,"We have not started seeing that so far, Sudheer. Because as we know,",13,neutral,0.06372129917144775,0.044282715767621994,0.8919960260391235,0.8919960260391235
Tata,Tata Group,Conglomerate,Q1FY25,Kumar Rakesh,Management,"Hi, good evening and thank you for taking my questions and welcome",12,neutral,0.41116833686828613,0.014794684946537018,0.5740370154380798,0.5740370154380798
Tata,Tata Group,Conglomerate,Q1FY25,K Krithivasan,Management,Whatever delays that we had have been to a great extent factored into,13,neutral,0.06245163828134537,0.09588013589382172,0.8416681885719299,0.8416681885719299
Tata,Tata Group,Conglomerate,Q1FY25,Kumar Rakesh,Management,"Thanks for that. My second question was on margins. So, before we",12,neutral,0.04582921415567398,0.057444628328084946,0.8967261910438538,0.8967261910438538
Tata,Tata Group,Conglomerate,Q1FY25,Samir Seksaria,Management,"A good comparison would be the year-on-year margin. And yes, it's 20",12,neutral,0.18803156912326813,0.013571885414421558,0.7983965277671814,0.7983965277671814
Tata,Tata Group,Conglomerate,Q1FY25,Kumar Rakesh,Management,"Thanks, Samir for that. Just one clarification on the international",10,neutral,0.03472943231463432,0.02110421285033226,0.9441663026809692,0.9441663026809692
Tata,Tata Group,Conglomerate,Q1FY25,Kumar Rakesh,Management,Got it. Great. Thanks a lot and that's all from my side.,12,neutral,0.270331472158432,0.01742284931242466,0.7122456431388855,0.7122456431388855
Tata,Tata Group,Conglomerate,Q1FY25,K Krithivasan,Management,"Ankur, pricing has been reasonably stable at an overall level. But if you",13,neutral,0.2722882628440857,0.012230436317622662,0.7154813408851624,0.7154813408851624
Tata,Tata Group,Conglomerate,Q1FY25,K Krithivasan,Management,Ankur the overall pipeline has remained quite strong. We measured it,11,positive,0.9429835081100464,0.015535001643002033,0.041481420397758484,0.9429835081100464
Tata,Tata Group,Conglomerate,Q1FY25,Samir Seksaria,Management,"Ankur, like I said, we invested into capacity, anticipating growth this",11,positive,0.5867348313331604,0.013279891572892666,0.39998528361320496,0.5867348313331604
Tata,Tata Group,Conglomerate,Q1FY25,Samir Seksaria,Management,"We would want to drive revenue growth, but we will look at optimization",13,neutral,0.15693238377571106,0.008404714986681938,0.8346629738807678,0.8346629738807678
Tata,Tata Group,Conglomerate,Q1FY25,Samir Seksaria,Management,"So Ravi, so you would see a 70 basis points decline on positive impact",14,negative,0.0391102060675621,0.8986905813217163,0.062199220061302185,0.8986905813217163
Tata,Tata Group,Conglomerate,Q1FY25,K Krithivasan,Management,"No. Actually Ravi, positive side of it is that BFSI North America and",13,neutral,0.13257622718811035,0.011509757488965988,0.8559140563011169,0.8559140563011169
Tata,Tata Group,Conglomerate,Q1FY25,K Krithivasan,Management,"By and large, we are seeing a growth, with the exception of one or two",15,positive,0.9400017857551575,0.016734633594751358,0.043263643980026245,0.9400017857551575
Tata,Tata Group,Conglomerate,Q1FY25,Samir Seksaria,Management,"Abhishek, first, on the BSNL deal, we just received an advance",11,neutral,0.12768444418907166,0.00972094014286995,0.8625945448875427,0.8625945448875427
Tata,Tata Group,Conglomerate,Q1FY25,Samir Seksaria,Management,"So, two clarifications, Abhishek. One is, if you're comparing sequentially",10,neutral,0.05433959513902664,0.035788796842098236,0.9098716378211975,0.9098716378211975
Tata,Tata Group,Conglomerate,Q1FY25,"Padmanabhan from Investec. Please go ahead.
Nitin Padmanabhan",Management,"Yes. Hi, good evening. Thank you for the opportunity. You sounded",11,neutral,0.3300609886646271,0.012774762697517872,0.6571642160415649,0.6571642160415649
Tata,Tata Group,Conglomerate,Q1FY25,K Krithivasan,Management,"Like every other industry, Nitin, there are some places where there is a",13,neutral,0.051004357635974884,0.019677288830280304,0.9293183088302612,0.9293183088302612
Tata,Tata Group,Conglomerate,Q1FY25,Nitin Padmanabhan,Management,"Right. Just to understand, on a sequential basis, last quarter versus this",12,neutral,0.05487057939171791,0.02899675816297531,0.9161326289176941,0.9161326289176941
Tata,Tata Group,Conglomerate,Q1FY25,K Krithivasan,Management,"If you look at a revenue basis, you can see that the revenue has an",15,neutral,0.2867791950702667,0.022585799917578697,0.6906349658966064,0.6906349658966064
Tata,Tata Group,Conglomerate,Q1FY25,Nitin Padmanabhan,Management,"Got it. But just from a pure -- because there is a dichotomy, our deal",15,neutral,0.061080947518348694,0.02572569064795971,0.9131933450698853,0.9131933450698853
Tata,Tata Group,Conglomerate,Q1FY25,K Krithivasan,Management,"What's happening in some of the deals, where the clients decide that",12,neutral,0.034562692046165466,0.03953242674469948,0.9259049296379089,0.9259049296379089
Tata,Tata Group,Conglomerate,Q1FY25,Nitin Padmanabhan,Management,Got it. Just one last clarification from my end. You are currently,12,neutral,0.03302248567342758,0.06286893039941788,0.9041085839271545,0.9041085839271545
Tata,Tata Group,Conglomerate,Q1FY25,K Krithivasan,Management,"Nitin, as you know, we don’t give any specific guidance, but on the",13,neutral,0.037524428218603134,0.017410101369023323,0.945065438747406,0.945065438747406
Tata,Tata Group,Conglomerate,Q1FY25,Nitin Padmanabhan,Management,Got it. Thank you so much and all the very best.,11,positive,0.693800151348114,0.014791477471590042,0.29140838980674744,0.693800151348114
Tata,Tata Group,Conglomerate,Q1FY25,K Krithivasan,Management,"Abhishek, I will not characterize it as losing any market share in North",13,negative,0.018934709951281548,0.8926454782485962,0.08841991424560547,0.8926454782485962
Tata,Tata Group,Conglomerate,Q1FY25,K Krithivasan,Management,"So, Abhishek, whenever there is a revenue reduction, it's concerning.",10,negative,0.0455017052590847,0.8228277564048767,0.13167056441307068,0.8228277564048767
Tata,Tata Group,Conglomerate,Q1FY25,Samir Seksaria,Management,"As I clarified, it is not just adding people. We have given a higher QVA",15,neutral,0.22104379534721375,0.01223212294280529,0.7667241096496582,0.7667241096496582
Tata,Tata Group,Conglomerate,Q1FY25,K Krithivasan,Management,"Gaurav, you are right. Whenever there is a renewal, we go back to our",14,neutral,0.04498569294810295,0.03463425487279892,0.9203800559043884,0.9203800559043884
Tata,Tata Group,Conglomerate,Q1FY25,K Krithivasan,Management,"Gaurav, this is an evolving space. You will see multiple opportunities.",11,neutral,0.41142773628234863,0.009168611839413643,0.5794036388397217,0.5794036388397217
Tata,Tata Group,Conglomerate,Q1FY25,K Krithivasan,Management,"Thank you, operator. In Q1 FY '26, our revenue declined by 3.1% year-",13,negative,0.00828851480036974,0.9750041365623474,0.016707241535186768,0.9750041365623474
Tata,Tata Group,Conglomerate,Q2FY25,K Krithivasan,Management,"Firstly, I would like to warmly welcome Sudeep Kunnumal who has",11,positive,0.6749253869056702,0.01085655391216278,0.31421807408332825,0.6749253869056702
Tata,Tata Group,Conglomerate,Q2FY25,K Krithivasan,Management,"Moving on to Q2 performance, we have delivered a good",10,positive,0.9534554481506348,0.02026611566543579,0.026278315111994743,0.9534554481506348
Tata,Tata Group,Conglomerate,Q2FY25,"Yogesh Aggarwal from HSBC Securities. Please go ahead.
Yogesh Aggarwal",Management,"Hi. Thank you so much. So, Krithi, couple of questions. Firstly, the",12,neutral,0.047184497117996216,0.03253711760044098,0.9202783703804016,0.9202783703804016
Tata,Tata Group,Conglomerate,Q2FY25,K Krithivasan,Management,"Yogesh, from a capex perspective, while we have set a target of 1",13,neutral,0.12811408936977386,0.010979642160236835,0.8609063029289246,0.8609063029289246
Tata,Tata Group,Conglomerate,Q2FY25,K Krithivasan,Management,"And secondly hoping to sell this to the pure-play AI providers, the",12,neutral,0.11120035499334335,0.007746226154267788,0.8810533881187439,0.8810533881187439
Tata,Tata Group,Conglomerate,Q2FY25,Yogesh Aggarwal,Management,"Thank you. Secondly, on the growth, you said the demand",10,neutral,0.1564987301826477,0.01613781228661537,0.8273634314537048,0.8273634314537048
Tata,Tata Group,Conglomerate,Q2FY25,K Krithivasan,Management,"Yogesh, we had better growth compared to Q1. And as I said,",12,positive,0.7964407801628113,0.09760332107543945,0.10595591366291046,0.7964407801628113
Tata,Tata Group,Conglomerate,Q2FY25,Samir Seksaria,Management,"Sudheer, in terms of both, one, Krithi talked about finance partners,",11,neutral,0.054184794425964355,0.014810343272984028,0.9310048818588257,0.9310048818588257
Tata,Tata Group,Conglomerate,Q2FY25,K Krithivasan,Management,"Ankur, this whole our belief and confidence in becoming the largest",11,neutral,0.27902790904045105,0.009659664705395699,0.711312472820282,0.711312472820282
Tata,Tata Group,Conglomerate,Q2FY25,K Krithivasan,Management,"No. First on the headwind, Ankur, the only headwind was because",11,neutral,0.06361886113882065,0.2598755657672882,0.6765055656433105,0.6765055656433105
Tata,Tata Group,Conglomerate,Q2FY25,K Krithivasan,Management,"Yes. Ravi, we've been looking at opportunities to expand our play in",12,positive,0.8337278962135315,0.00799777451902628,0.15827441215515137,0.8337278962135315
Tata,Tata Group,Conglomerate,Q2FY25,Samir Seksaria,Management,"The business itself, we'll be keeping it separate. It will have separate",12,neutral,0.0401640348136425,0.01814398728311062,0.9416919350624084,0.9416919350624084
Tata,Tata Group,Conglomerate,Q2FY25,Samir Seksaria,Management,"As we said, this is an investment which will have partners coming",12,neutral,0.1935269683599472,0.008335813879966736,0.7981371879577637,0.7981371879577637
Tata,Tata Group,Conglomerate,Q2FY25,Samir Seksaria,Management,"It was about 70 basis points, and it is in constant currency terms.",13,neutral,0.033225443214178085,0.026634305715560913,0.9401402473449707,0.9401402473449707
Tata,Tata Group,Conglomerate,Q2FY25,K Krithivasan,Management,"We've been evaluating multiple opportunities. As I said, this one",10,neutral,0.21493859589099884,0.013933609239757061,0.7711277604103088,0.7711277604103088
Tata,Tata Group,Conglomerate,Q2FY25,Samir Seksaria,Management,"The ROE of this new business, as you all rightly identified, that's",12,neutral,0.09624107927083969,0.009401419200003147,0.894357442855835,0.894357442855835
Tata,Tata Group,Conglomerate,Q2FY25,"Rakesh from BNP Paribas. Please go ahead.
Kumar Rakesh",Management,"Hi, thank you for taking my question. My first question was for",12,neutral,0.06490285694599152,0.025594227015972137,0.9095028638839722,0.9095028638839722
Tata,Tata Group,Conglomerate,Q2FY25,K Krithivasan,Management,"Kumar, based on the discussions that we've been having with",10,neutral,0.11691784113645554,0.009618351235985756,0.8734637498855591,0.8734637498855591
Tata,Tata Group,Conglomerate,Q2FY25,Kumar Rakesh,Management,"Got it. Thank you for that. My second question was on margins. So,",13,neutral,0.06301895529031754,0.045528896152973175,0.8914521336555481,0.8914521336555481
Tata,Tata Group,Conglomerate,Q2FY25,Samir Seksaria,Management,"Kumar, as you know, in H1, we have improved 100 basis points. We",13,positive,0.9604001045227051,0.016527945175766945,0.023071952164173126,0.9604001045227051
Tata,Tata Group,Conglomerate,Q2FY25,K Krithivasan,Management,"Nitin, at that point like we probably as I was alluding to, I would say,",15,neutral,0.04111335799098015,0.03637439385056496,0.9225122928619385,0.9225122928619385
Tata,Tata Group,Conglomerate,Q2FY25,Nitin Padmanabhan,Management,"Sure. So incrementally, we should see better accretion. At least",10,positive,0.9509214758872986,0.015017278492450714,0.03406119719147682,0.9509214758872986
Tata,Tata Group,Conglomerate,Q2FY25,Nitin Padmanabhan,Management,"Correct. Any incremental update on, let's say, BFSI or consumer",10,neutral,0.036618124693632126,0.018469475209712982,0.9449123740196228,0.9449123740196228
Tata,Tata Group,Conglomerate,Q2FY25,K Krithivasan,Management,"See, if you look at the growth momentum, all of them have",12,neutral,0.05567488074302673,0.018685413524508476,0.9256396889686584,0.9256396889686584
Tata,Tata Group,Conglomerate,Q2FY25,Nitin Padmanabhan,Management,"On the data center capex, maybe roughly based on what you said,",12,neutral,0.045747920870780945,0.046629033982753754,0.9076230525970459,0.9076230525970459
Tata,Tata Group,Conglomerate,Q2FY25,K Krithivasan,Management,"Yes, definitely, it will be partially by partners, partly by us. And at this",14,neutral,0.05407696217298508,0.01119796372950077,0.9347251057624817,0.9347251057624817
Tata,Tata Group,Conglomerate,Q2FY25,Nitin Padmanabhan,Management,And just one last one if I may. Any color on the kind of deals in terms,17,neutral,0.028545452281832695,0.0380602702498436,0.933394193649292,0.933394193649292
Tata,Tata Group,Conglomerate,Q2FY25,K Krithivasan,Management,"No significant improvement, but at the same time, when Aarthi",10,positive,0.5766079425811768,0.03353219851851463,0.3898598253726959,0.5766079425811768
Tata,Tata Group,Conglomerate,Q2FY25,Nitin Padmanabhan,Management,"Perfect. Thank you so much, Krithi and all the very best.",11,positive,0.7266910672187805,0.011213929392397404,0.2620949447154999,0.7266910672187805
Tata,Tata Group,Conglomerate,Q2FY25,K Krithivasan,Management,"At this time, we are planning based on the inputs we have, it's likely",14,neutral,0.05950675904750824,0.013595658354461193,0.9268976449966431,0.9268976449966431
Tata,Tata Group,Conglomerate,Q2FY25,K Krithivasan,Management,"It's a passive data center. The likely users could be the hyperscalers,",12,neutral,0.025104595348238945,0.038620635867118835,0.9362747669219971,0.9362747669219971
Tata,Tata Group,Conglomerate,Q2FY25,K Krithivasan,Management,I did not say demand commitment. I'm saying that there is a lot of,14,neutral,0.0998324453830719,0.024755945429205894,0.8754115700721741,0.8754115700721741
Tata,Tata Group,Conglomerate,Q2FY25,K Krithivasan,Management,"We are having quite a few conversations with our customers, to",11,neutral,0.14951388537883759,0.021324271336197853,0.8291618227958679,0.8291618227958679
Tata,Tata Group,Conglomerate,Q2FY25,Samir Seksaria,Management,The increase of the equipment and software expenses this quarter,10,positive,0.5086737871170044,0.3913950026035309,0.09993112832307816,0.5086737871170044
Tata,Tata Group,Conglomerate,Q2FY25,Samir Seksaria,Management,"We have Q3 seasonality, which you'd typically see. Other than that,",11,neutral,0.050836481153964996,0.17633724212646484,0.7728262543678284,0.7728262543678284
Tata,Tata Group,Conglomerate,Q2FY25,K Krithivasan,Management,"Rishi, there are definitely a number of places where we can invest.",12,neutral,0.1395726501941681,0.012014533393085003,0.848412811756134,0.848412811756134
Tata,Tata Group,Conglomerate,Q2FY25,K Krithivasan,Management,"And, it gives another group synergy as well. If you look at the Tata",14,neutral,0.07352174073457718,0.011361565440893173,0.9151167273521423,0.9151167273521423
Tata,Tata Group,Conglomerate,Q2FY25,K Krithivasan,Management,Tata Communication. So there is a different kind of synergy we can,12,neutral,0.09100837260484695,0.011854816228151321,0.8971368074417114,0.8971368074417114
Tata,Tata Group,Conglomerate,Q2FY25,K Krithivasan,Management,Yes. We are very actively looking at more opportunities for,10,positive,0.8316834568977356,0.009519560262560844,0.158797025680542,0.8316834568977356
Tata,Tata Group,Conglomerate,Q2FY25,Samir Seksaria,Management,Of substantial free cash flows and that is after all investments.,11,positive,0.6270958781242371,0.010524332523345947,0.3623797595500946,0.6270958781242371
Tata,Tata Group,Conglomerate,Q2FY25,K Krithivasan,Management,"But so, but if we end up making a huge acquisition that impact our",14,neutral,0.0421520434319973,0.3468240201473236,0.611024022102356,0.611024022102356
Tata,Tata Group,Conglomerate,Q3FY25,K Krithivasan,Management,"Thank you, Nehal. Good evening, everyone. Wish you all a very very",12,positive,0.4996095299720764,0.020916739478707314,0.4794737696647644,0.4996095299720764
Tata,Tata Group,Conglomerate,Q3FY25,K Krithivasan,Management,"Thanks, Sudheer. In Q2, we had called out that the overall demand",12,positive,0.8965791463851929,0.02397225797176361,0.07944855093955994,0.8965791463851929
Tata,Tata Group,Conglomerate,Q3FY25,Samir Seksaria,Management,"First on the other expenses part, the increase both sequentially",10,neutral,0.10867782682180405,0.016144145280122757,0.8751780390739441,0.8751780390739441
Tata,Tata Group,Conglomerate,Q3FY25,K Krithivasan,Management,"In BFSI, it's primarily seasonality that impacted us in this quarter.",11,neutral,0.03158574551343918,0.4547729194164276,0.513641357421875,0.513641357421875
Tata,Tata Group,Conglomerate,Q3FY25,K Krithivasan,Management,"Yes, Vibhor like we did tell in the past that our international market,",13,neutral,0.10576353222131729,0.011053924448788166,0.8831825256347656,0.8831825256347656
Tata,Tata Group,Conglomerate,Q3FY25,Samir Seksaria,Management,"If you look at it from a headwind perspective, Vibhor, apart from",12,neutral,0.0399051234126091,0.027443774044513702,0.9326511025428772,0.9326511025428772
Tata,Tata Group,Conglomerate,Q3FY25,Samir Seksaria,Management,"Basis the guidance received overall on the new labor code, the way",12,neutral,0.12708629667758942,0.017999401316046715,0.8549143075942993,0.8549143075942993
Tata,Tata Group,Conglomerate,Q3FY25,Samir Seksaria,Management,On the labor code we don't expect any incremental one-o(cid:431)’s.,10,neutral,0.03139793500304222,0.11124713718891144,0.8573548793792725,0.8573548793792725
Tata,Tata Group,Conglomerate,Q3FY25,Nitin Padmanabhan,Management,Good evening and Happy New Year. I had few questions. North,11,neutral,0.13967745006084442,0.033583030104637146,0.826739490032196,0.826739490032196
Tata,Tata Group,Conglomerate,Q3FY25,K Krithivasan,Management,"Nitin, I will take the question on North America, BSNL, Credit card",12,neutral,0.03650409355759621,0.017204096540808678,0.9462918043136597,0.9462918043136597
Tata,Tata Group,Conglomerate,Q3FY25,Nitin Padmanabhan,Management,Perfect. That’s helpful. Thank you so much and all the very best.,12,positive,0.7307008504867554,0.012702296487987041,0.2565968334674835,0.7307008504867554
Tata,Tata Group,Conglomerate,Q3FY25,"BNP Paribas. Please go ahead.
Kumar Rakesh",Management,"Hi, good evening. My first question was that you spoke about that",12,neutral,0.07701459527015686,0.028813039883971214,0.8941723108291626,0.8941723108291626
Tata,Tata Group,Conglomerate,Q3FY25,K Krithivasan,Management,"Kumar, if you look at this year, so far in the first three quarters, our",15,neutral,0.11557000130414963,0.01928340457379818,0.8651466369628906,0.8651466369628906
Tata,Tata Group,Conglomerate,Q3FY25,Kumar Rakesh,Management,"Thanks, Krithi. My second question was on the AI services revenue,",11,neutral,0.0651765912771225,0.036123715341091156,0.8986996412277222,0.8986996412277222
Tata,Tata Group,Conglomerate,Q3FY25,Samir Seksaria,Management,The legal expenses has a combination of some ongoing elements,10,neutral,0.025438040494918823,0.048498548567295074,0.9260633587837219,0.9260633587837219
Tata,Tata Group,Conglomerate,Q3FY25,Kumar Rakesh,Management,"So essentially, the SG&A expense in this quarter largely would be",11,neutral,0.039721738547086716,0.2655599117279053,0.6947183012962341,0.6947183012962341
Tata,Tata Group,Conglomerate,Q3FY25,Samir Seksaria,Management,"Partly, it's a mix of both, but I'm not going to hair split into how",15,neutral,0.03583557903766632,0.029309745877981186,0.9348546862602234,0.9348546862602234
Tata,Tata Group,Conglomerate,Q3FY25,"Thank you.
K Krithivasan",Management,"Bachman, if you look at the renewal, most of the renewals would",12,neutral,0.047490328550338745,0.01574195735156536,0.9367677569389343,0.9367677569389343
Tata,Tata Group,Conglomerate,Q3FY25,K Krithivasan,Management,It could vary. I said just to give it as an example. But the point I'm,16,neutral,0.04861339554190636,0.03813299909234047,0.9132536053657532,0.9132536053657532
Tata,Tata Group,Conglomerate,Q3FY25,K Krithivasan,Management,"We have been quite open to that. But at the same time, it's fair to",15,neutral,0.1317422240972519,0.015483885072171688,0.852773904800415,0.852773904800415
Tata,Tata Group,Conglomerate,Q3FY25,Samir Seksaria,Management,"Dhanshree, what we had called out is, that we would be first",12,neutral,0.06389550864696503,0.018113963305950165,0.917990505695343,0.917990505695343
Tata,Tata Group,Conglomerate,Q4FY25,K Krithivasan,Management,"We have not seen that, Sudheer. It's been, as I said, our clients are quite",15,neutral,0.15893037617206573,0.19160334765911102,0.6494662761688232,0.6494662761688232
Tata,Tata Group,Conglomerate,Q4FY25,K Krithivasan,Management,"As we mentioned, we have a good order book getting into FY27. We have",14,positive,0.9284035563468933,0.01095412764698267,0.0606422983109951,0.9284035563468933
Tata,Tata Group,Conglomerate,Q4FY25,Kumar Rakesh,Management,"Hi, good evening and thank you for taking my question. My first question",13,neutral,0.08610311150550842,0.02232326939702034,0.8915735483169556,0.8915735483169556
Tata,Tata Group,Conglomerate,Q4FY25,K Krithivasan,Management,"Kumar, I don't want to put a number, but I would say that, again, as I was",17,neutral,0.03763396665453911,0.03900887072086334,0.9233571290969849,0.9233571290969849
Tata,Tata Group,Conglomerate,Q4FY25,Kumar Rakesh,Management,"Got it. Thanks for that and my second question was around margins, so",13,neutral,0.10050035268068314,0.0304962620139122,0.869003415107727,0.869003415107727
Tata,Tata Group,Conglomerate,Q4FY25,Samir Seksaria,Management,"As you know, we have been investing on the ‘Build-Partner-Acquire’",10,neutral,0.13764558732509613,0.007864522747695446,0.8544898629188538,0.8544898629188538
Tata,Tata Group,Conglomerate,Q4FY25,Kumar Rakesh,Management,"Got that. And just for a clarification, our restructuring is done or there's",13,neutral,0.04500483348965645,0.06954782456159592,0.8854473829269409,0.8854473829269409
Tata,Tata Group,Conglomerate,Q4FY25,Samir Seksaria,Management,"So if you look at Q4, we have not called out any one-offs, so it is business",17,neutral,0.052327223122119904,0.07986324280500412,0.867809534072876,0.867809534072876
Tata,Tata Group,Conglomerate,Q4FY25,Kumar Rakesh,Management,"Yeah. But there is a restructuring charge, which you have booked in the",13,negative,0.0259619802236557,0.7744446396827698,0.19959333539009094,0.7744446396827698
Tata,Tata Group,Conglomerate,Q4FY25,Samir Seksaria,Management,We have not called out any one-off for Q4. The combined one-off for the,14,neutral,0.02586646005511284,0.08665039390325546,0.8874831795692444,0.8874831795692444
Tata,Tata Group,Conglomerate,Q4FY25,K Krithivasan,Management,"But Kumar, just to get the clarity, I will be specific. The restructuring",13,neutral,0.03666184842586517,0.025349002331495285,0.9379891753196716,0.9379891753196716
Tata,Tata Group,Conglomerate,Q4FY25,Yogesh Aggarwal,Management,"Hi. Thanks. Krithi, just firstly on the next few quarters, can we expect the",14,neutral,0.07979703694581985,0.011803329922258854,0.9083995819091797,0.9083995819091797
Tata,Tata Group,Conglomerate,Q4FY25,K Krithivasan,Management,"We are looking at a regular Q1, regular Q2 that we are used to seeing, and",16,neutral,0.09938998520374298,0.01687977835536003,0.8837302327156067,0.8837302327156067
Tata,Tata Group,Conglomerate,Q4FY25,Yogesh Aggarwal,Management,"No, Krithi, I was asking, so usually the first and the second quarter are",14,neutral,0.03252677991986275,0.12409388273954391,0.8433793783187866,0.8433793783187866
Tata,Tata Group,Conglomerate,Q4FY25,K Krithivasan,Management,That is what I said. We are also expecting a stronger 1H. Our planning,14,positive,0.5250637531280518,0.022225569933652878,0.4527105987071991,0.5250637531280518
Tata,Tata Group,Conglomerate,Q4FY25,Yogesh Aggarwal,Management,"Okay, great. And secondly, just going back to this AI stuff. So usually in the",15,neutral,0.03238290920853615,0.10695205628871918,0.8606650829315186,0.8606650829315186
Tata,Tata Group,Conglomerate,Q4FY25,"Padmanabhan from Investec. Please go ahead.
Nitin Padmanabhan",Management,"Yeah. Hi. Good evening. Thank you for the opportunity. Krithi,",10,neutral,0.15421876311302185,0.012603442184627056,0.8331778049468994,0.8331778049468994
Tata,Tata Group,Conglomerate,Q4FY25,K Krithivasan,Management,"See, at this time, if you look at our direct impact from the geopolitical",14,neutral,0.05622100085020065,0.013331076130270958,0.9304479360580444,0.9304479360580444
Tata,Tata Group,Conglomerate,Q4FY25,Nitin Padmanabhan,Management,"The caution that you mentioned was very geo specific, it's not a",12,neutral,0.04769490659236908,0.03363649919629097,0.9186685681343079,0.9186685681343079
Tata,Tata Group,Conglomerate,Q4FY25,Nitin Padmanabhan,Management,"That's very helpful. The second is on, from a margin perspective,",11,neutral,0.10972976684570312,0.013862271793186665,0.8764079809188843,0.8764079809188843
Tata,Tata Group,Conglomerate,Q4FY25,Samir Seksaria,Management,"Nitin, we are exiting FY26 at a four-year high on annual margins at 25%.",14,positive,0.9248515367507935,0.02692374959588051,0.04822471737861633,0.9248515367507935
Tata,Tata Group,Conglomerate,Q4FY25,Nitin Padmanabhan,Management,"Perfect. That's helpful. Just one last from my end. Overall, coming",11,neutral,0.31100907921791077,0.017993608489632607,0.6709972620010376,0.6709972620010376
Tata,Tata Group,Conglomerate,Q4FY25,K Krithivasan,Management,"By and large, most of the headwinds we know probably are behind us,",13,negative,0.0454053170979023,0.7487481236457825,0.20584656298160553,0.7487481236457825
Tata,Tata Group,Conglomerate,Q4FY25,Nitin Padmanabhan,Management,That's helpful. Thank you so much and all the best.,10,positive,0.7931869029998779,0.013377167284488678,0.19343596696853638,0.7931869029998779
Tata,Tata Group,Conglomerate,Q4FY25,K Krithivasan,Management,"Structurally what you are saying is correct, however, I don't know whether",12,neutral,0.07822788506746292,0.08905325829982758,0.8327188491821289,0.8327188491821289
Tata,Tata Group,Conglomerate,Q4FY25,K Krithivasan,Management,"Vibhor, I get the question. Fundamentally, we believe our focus on margin",12,neutral,0.1208757534623146,0.015019216574728489,0.8641050457954407,0.8641050457954407
Tata,Tata Group,Conglomerate,Q4FY25,Samir Seksaria,Management,"On the wage increments, you should expect a similar impact on what we",13,neutral,0.06806368380784988,0.3105906844139099,0.621345579624176,0.621345579624176
Tata,Tata Group,Conglomerate,Q4FY25,K Krithivasan,Management,"In terms of colour or the characteristics of the deals of TCV, I would say",15,neutral,0.0286155603826046,0.02641391009092331,0.9449704885482788,0.9449704885482788
Tata,Tata Group,Conglomerate,Q4FY25,K Krithivasan,Management,"By and large on time, but when we also see an opportunity to go back to a",17,neutral,0.20632654428482056,0.0112532339990139,0.7824202179908752,0.7824202179908752
Tata,Tata Group,Conglomerate,Q4FY25,K Krithivasan,Management,"Rishi, it's a reflection as a first is we want to ensure that we properly",15,neutral,0.10564007610082626,0.013323121704161167,0.8810368180274963,0.8810368180274963
Tata,Tata Group,Conglomerate,Q4FY25,K Krithivasan,Management,"So, Gaurav, first on the client metric improvement. See it's a combination",12,neutral,0.28224247694015503,0.012443489395081997,0.705314040184021,0.705314040184021
Tata,Tata Group,Conglomerate,Q4FY25,Samir Seksaria,Management,"Gaurav, on the AI and data part, the revenue productivity is definitely",12,neutral,0.225464329123497,0.01638466864824295,0.7581509947776794,0.7581509947776794
WIPRO,Wipro,IT,Q1FY25,Aparna Iyer,Management,"Thank you, Srini. Good evening, ladies and gentlemen. Let me give you a brief update on the",17,neutral,0.03987883776426315,0.018821900710463524,0.941299319267273,0.941299319267273
WIPRO,Wipro,IT,Q1FY25,Let me give you a color on our strategic market unit and sector performance,Management,All growth numbers that I will share will be in constant currency. Americas 1 grew 0.2% sequentially,17,neutral,0.44250595569610596,0.06059471145272255,0.4968993365764618,0.4968993365764618
WIPRO,Wipro,IT,Q1FY25,Moving to sectors,Management,BFSI declined 3.8% sequentially and also declined 3.5% on year-on-year terms. Healthcare grew,13,negative,0.01569475047290325,0.9597907662391663,0.024514397606253624,0.9597907662391663
WIPRO,Wipro,IT,Q1FY25,Aparna Iyer,Management,"Thank you, Abhishek for the question. You are correct that our TCV has been growing much faster",17,positive,0.9133888483047485,0.013528356328606606,0.0730828121304512,0.9133888483047485
WIPRO,Wipro,IT,Q1FY25,Aparna Iyer,Management,We raised our capital allocation policy from 45% to 50% of net income to upwards of 70% on a 3,20,positive,0.9370184540748596,0.012940550222992897,0.05004099756479263,0.9370184540748596
WIPRO,Wipro,IT,Q1FY25,Nitin Padmanabhan,Management,"Yes, hi. Good evening. Good quarter. Aparna wanted your thoughts on the margins. Now you did",16,neutral,0.09555785357952118,0.017006805166602135,0.8874353766441345,0.8874353766441345
WIPRO,Wipro,IT,Q1FY25,Aparna Iyer,Management,"We don't guide for margins, Nitin. We have had a very good run on operating margin improvement",17,positive,0.9506995677947998,0.01778501644730568,0.031515367329120636,0.9506995677947998
WIPRO,Wipro,IT,Q1FY25,Nitin Padmanabhan,Management,Sure. Fair enough. That's helpful. Thank you so much and all the best.,13,positive,0.7668514251708984,0.01521258894354105,0.2179359644651413,0.7668514251708984
WIPRO,Wipro,IT,Q1FY25,Aparna Iyer,Management,"So, certainly that remains a band that is where we would like to operate, Gaurav. But having secured",18,neutral,0.25194990634918213,0.007726631592959166,0.7403234243392944,0.7403234243392944
WIPRO,Wipro,IT,Q1FY25,Aparna Iyer,Management,"Surendra, your observation is right. Sometimes these TCV and ACV have different growth trajectory",14,neutral,0.059853240847587585,0.055958185344934464,0.8841885328292847,0.8841885328292847
WIPRO,Wipro,IT,Q1FY25,Aparna Iyer,Management,"I think the ACV growth this quarter has grown well on a year-on-year basis, that is where, so this is",20,positive,0.702735960483551,0.0200282484292984,0.27723580598831177,0.702735960483551
WIPRO,Wipro,IT,Q1FY25,Aparna Iyer,Management,"So, we are not calling out the sequential growth rate for Capco. It's a part of all the units. One",20,neutral,0.0349026694893837,0.01988816447556019,0.9452090859413147,0.9452090859413147
WIPRO,Wipro,IT,Q1FY25,Aparna Iyer,Management,"It continues to look good for the coming quarters, Vibhor.",10,positive,0.9397245645523071,0.014914480037987232,0.04536091163754463,0.9397245645523071
WIPRO,Wipro,IT,Q1FY25,Aparna Iyer,Management,"So, we do not guide for margins unlike some of our peers. We have in the past shared that there is an",22,neutral,0.26871293783187866,0.014190182089805603,0.7170968651771545,0.7170968651771545
WIPRO,Wipro,IT,Q1FY25,Aparna Iyer,Management,"You know, I said that, this is what we have delivered in Q1. We have done well in order to improve",21,positive,0.8785092234611511,0.008875519037246704,0.11261522024869919,0.8785092234611511
WIPRO,Wipro,IT,Q1FY25,Aparna Iyer,Management,The restructuring costs pertain to restructuring in Europe that we did. This is very limited to a few,18,neutral,0.025216950103640556,0.09980752319097519,0.8749755024909973,0.8749755024909973
WIPRO,Wipro,IT,Q1FY25,Aparna Iyer,Management,"Sure, Manik. In Europe, we have said that it's a combination of both the macroeconomic environment,",16,neutral,0.06989894062280655,0.032160770148038864,0.8979403376579285,0.8979403376579285
WIPRO,Wipro,IT,Q1FY25,Aparna Iyer,Management,"I now recollect your question. Yes, in some sense, if you look at the total number of active clients",19,neutral,0.041685137897729874,0.02709013596177101,0.9312247037887573,0.9312247037887573
WIPRO,Wipro,IT,Q1FY25,Kumar Rakesh,Management,"Hi, good evening. And thank you for taking my question. I have just one question, more of a",18,neutral,0.0690699890255928,0.02051415480673313,0.9104158282279968,0.9104158282279968
WIPRO,Wipro,IT,Q1FY25,Aparna Iyer,Management,"We do not guide for either the full year revenues or the profits, right? Yes, in the last few quarters,",20,neutral,0.0592556931078434,0.030380286276340485,0.9103640913963318,0.9103640913963318
WIPRO,Wipro,IT,Q1FY25,Kumar Rakesh,Management,"Got it. Thanks, Aparna, for that. The only reason I was trying to ask this question was to understand",19,neutral,0.06977636367082596,0.04415983334183693,0.886063814163208,0.886063814163208
WIPRO,Wipro,IT,Q1FY25,Aparna Iyer,Management,"Yes. Right now, we are not sharing any commentary on that. Like I said, we will now focus on this",20,neutral,0.0382542610168457,0.028968043625354767,0.9327777028083801,0.9327777028083801
WIPRO,Wipro,IT,Q1FY25,Aparna Iyer,Management,"No, I do not think so. In fact, we have a good mix of both renewal and with an element of expansion",22,neutral,0.2591605484485626,0.010060707107186317,0.7307787537574768,0.7307787537574768
WIPRO,Wipro,IT,Q1FY25,Sandeep Shah,Management,"Yes, thanks for the opportunity and congrats on deal wins action. The first question is, when we say",18,neutral,0.0380912646651268,0.03127096965909004,0.930637776851654,0.930637776851654
WIPRO,Wipro,IT,Q1FY25,Sandeep Shah,Management,And any comment on pricing? Are you believing competitive pressure is very high because of macro?,16,neutral,0.08521579205989838,0.16743269562721252,0.7473514676094055,0.7473514676094055
WIPRO,Wipro,IT,Q1FY25,Sandeep Shah,Management,"Okay. And Aparna, you also mentioned we have to offset this with the new levers, and you believe",18,neutral,0.2944810390472412,0.009278099983930588,0.6962408423423767,0.6962408423423767
WIPRO,Wipro,IT,Q1FY25,Aparna Iyer,Management,I think productivity and fixed price programs; they continue to be a theme. I know we talk about it,19,neutral,0.07179281860589981,0.02040860429406166,0.9077985882759094,0.9077985882759094
WIPRO,Wipro,IT,Q1FY25,Aparna Iyer,Management,"I think these are largely ramp downs that have happened. We have spoken about even within BFSI,",17,neutral,0.0551835298538208,0.3183828592300415,0.6264336705207825,0.6264336705207825
WIPRO,Wipro,IT,Q1FY25,Aparna Iyer,Management,They're across the board in Europe but very contained. The number of employees that would have,16,neutral,0.027504216879606247,0.42191627621650696,0.5505795478820801,0.5505795478820801
WIPRO,Wipro,IT,Q2FY25,Turning to our industry sectors now,Management,"We continue to see momentum in BFSI with clients prioritizing cost optimization, vendor",13,positive,0.949535608291626,0.01486270036548376,0.0356016606092453,0.949535608291626
WIPRO,Wipro,IT,Q2FY25,Aparna Iyer,Management,"Thank you, Srini. Good evening everybody. Let me share with you an update on the financial",16,neutral,0.06056547164916992,0.014036843553185463,0.9253976941108704,0.9253976941108704
WIPRO,Wipro,IT,Q2FY25,Nitin Padmanabhan,Management,"Yes. Hi, good evening. Thanks for the opportunity. So, the first is just wanted your thoughts on the",18,neutral,0.04057486355304718,0.022124161943793297,0.9373009204864502,0.9373009204864502
WIPRO,Wipro,IT,Q2FY25,Aparna Iyer,Management,"I will take this one, Nitin. Obviously, we have several large deal wins in the BFSI space. We had one",20,neutral,0.475469172000885,0.011221158318221569,0.5133096575737,0.5133096575737
WIPRO,Wipro,IT,Q2FY25,Nitin Padmanabhan,Management,Got it. Got it. Just one last one on margins. I sort of missed the margin walk that you sort of provided.,22,neutral,0.07667975127696991,0.3870411217212677,0.5362790822982788,0.5362790822982788
WIPRO,Wipro,IT,Q2FY25,Aparna Iyer,Management,"So, you know, when we started Quarter 2, we had alluded to headwinds as some of these large deals",19,neutral,0.05728413537144661,0.47116953134536743,0.47154632210731506,0.47154632210731506
WIPRO,Wipro,IT,Q2FY25,Nitin Padmanabhan,Management,Perfect. That's helpful. Thank you so much. I will fall back in the queue. All the very best.,18,neutral,0.07680778950452805,0.0293045025318861,0.8938876986503601,0.8938876986503601
WIPRO,Wipro,IT,Q2FY25,Kumar Rakesh,Management,"Hey, hi. Good evening, ma'am. Thank you for taking my question. My first question was around the",17,neutral,0.0830216333270073,0.021624160930514336,0.8953542709350586,0.8953542709350586
WIPRO,Wipro,IT,Q2FY25,Aparna Iyer,Management,"So, Rakesh, when we guide, we guide based on the visibility that we have at the start of the quarter.",20,neutral,0.05983866751194,0.015496200881898403,0.924665093421936,0.924665093421936
WIPRO,Wipro,IT,Q2FY25,Kumar Rakesh,Management,"Thanks, Aparna. My second question was around margins. So, today you spoke about that you would",16,neutral,0.09116219729185104,0.028941728174686432,0.8798960447311401,0.8798960447311401
WIPRO,Wipro,IT,Q2FY25,Aparna Iyer,Management,"Yes, you know, so like I said, we do not guide for a range on the margin, right? Our endeavor has to",22,neutral,0.042413726449012756,0.022132014855742455,0.9354543089866638,0.9354543089866638
WIPRO,Wipro,IT,Q2FY25,Aparna Iyer,Management,"Yes. So, I will take a few questions and then, Srini, you can also add in. From a net new standpoint,",21,neutral,0.0658586174249649,0.014752749353647232,0.9193885922431946,0.9193885922431946
WIPRO,Wipro,IT,Q2FY25,Aparna Iyer,Management,"So, you are right. Net new is fully new, so that will add to the revenues directly. In terms of just",21,neutral,0.3184720277786255,0.011121565476059914,0.6704064607620239,0.6704064607620239
WIPRO,Wipro,IT,Q2FY25,Aparna Iyer,Management,"Yes. So, therefore, what happens is, yes, there is a timing difference, there is a productivity that gets",18,neutral,0.06204262375831604,0.042380884289741516,0.8955764770507812,0.8955764770507812
WIPRO,Wipro,IT,Q2FY25,Aparna Iyer,Management,"No, nothing. No, there was no impact on the revenue. We have actually made a provision for barren",18,neutral,0.07478706538677216,0.02480681985616684,0.9004060626029968,0.9004060626029968
WIPRO,Wipro,IT,Q2FY25,Nitin Padmanabhan,Management,"Yes. Hi. Thank you for the opportunity again. Earlier, you had called out some large SAP",16,neutral,0.36718323826789856,0.01400104258209467,0.6188157200813293,0.6188157200813293
WIPRO,Wipro,IT,Q2FY25,Nitin Padmanabhan,Management,"Got it. The second is within the EMR vertical, so I think last quarter, you were a little hopeful that as",21,neutral,0.28560590744018555,0.0253731831908226,0.6890209317207336,0.6890209317207336
WIPRO,Wipro,IT,Q2FY25,Nitin Padmanabhan,Management,Perfect. Just one last one from my end. You alluded to a very strong sort of deal pipeline. Are you,20,neutral,0.11760177463293076,0.015076132491230965,0.8673221468925476,0.8673221468925476
WIPRO,Wipro,IT,Q2FY25,Nitin Padmanabhan,Management,Perfect. Very helpful. Thank you so much and all the best.,11,positive,0.7740288376808167,0.011750749312341213,0.21422041952610016,0.7740288376808167
WIPRO,Wipro,IT,Q3FY25,"Aparna.
Aparna Iyer",Management,"Thank you, Srini. Good evening, ladies and gentlemen, and wish you all a very, very Happy New",17,neutral,0.27172017097473145,0.025197511538863182,0.7030823230743408,0.7030823230743408
WIPRO,Wipro,IT,Q3FY25,"We will take our first question from the line of Nitin Padmanabhan from Investec. Please go ahead.
Nitin Padmanabhan",Management,"Hello, good evening. Wishing you a very happy New Year. I had a couple of questions. So, one is, I",20,neutral,0.06409113109111786,0.029162459075450897,0.9067464470863342,0.9067464470863342
WIPRO,Wipro,IT,Q3FY25,Aparna Iyer,Management,"So, Nitin, I will take your second question. And then on EMR, I will ask Srini to answer. And on",20,neutral,0.03832966089248657,0.020954005420207977,0.9407162666320801,0.9407162666320801
WIPRO,Wipro,IT,Q3FY25,Nitin Padmanabhan,Management,Perfect. That's helpful. Just one clarification. Do you think EMR should start getting back to growth,16,positive,0.6164808869361877,0.011286444962024689,0.37223273515701294,0.6164808869361877
WIPRO,Wipro,IT,Q3FY25,Nitin Padmanabhan,Management,Perfect. Very helpful. Thank you so much and all the very best.,12,positive,0.7637133598327637,0.011293250136077404,0.22499336302280426,0.7637133598327637
WIPRO,Wipro,IT,Q3FY25,Aparna Iyer,Management,"You know, in some sense, in Healthcare, we have been consistently doing well. And we have had a",18,positive,0.951292097568512,0.014704120345413685,0.03400368615984917,0.951292097568512
WIPRO,Wipro,IT,Q3FY25,Aparna Iyer,Management,"You know, Vibhor, for some reason, we are not able to hear it clearly. Can you just load on your",20,neutral,0.030311839655041695,0.09994620829820633,0.8697419166564941,0.8697419166564941
WIPRO,Wipro,IT,Q3FY25,Aparna Iyer,Management,"I will ask Srini to talk through the demand environment. You know, we guide based on the visibility",18,neutral,0.05702052265405655,0.013717538677155972,0.9292619228363037,0.9292619228363037
WIPRO,Wipro,IT,Q3FY25,Sandeep Shah,Management,"The first question is, because of delay in ramp-up of deal wins of the last 2-3 Quarters, is it fair to",21,neutral,0.044875118881464005,0.08925321698188782,0.8658716678619385,0.8658716678619385
WIPRO,Wipro,IT,Q3FY25,Aparna Iyer,Management,"Sandeep, yes, in some sense, that will be the objective that we ramp up enough so that we can offset",20,positive,0.6749941110610962,0.009213940240442753,0.3157919943332672,0.6749941110610962
WIPRO,Wipro,IT,Q3FY25,Sandeep Shah,Management,"Aparna, I wanted to understand the guidance on the margins which you said narrow band. Narrow",16,neutral,0.07568009942770004,0.02127411961555481,0.9030457735061646,0.9030457735061646
WIPRO,Wipro,IT,Q3FY25,Aparna Iyer,Management,"Again, no, we don't guide for margins. You've seen our performance over the last 8 Quarters. We've",17,neutral,0.2683927118778229,0.021789468824863434,0.7098177671432495,0.7098177671432495
WIPRO,Wipro,IT,Q3FY25,Sandeep Shah,Management,"Last couple of questions. The deal TCV in this quarter, both on large deal and total has been slightly",19,neutral,0.11512549221515656,0.11403630673885345,0.77083820104599,0.77083820104599
WIPRO,Wipro,IT,Q3FY25,Aparna Iyer,Management,"Typically, like I said, some of these deals, they tend to club. We are contesting a lot of large deals.",20,neutral,0.1147785410284996,0.31081923842430115,0.5744022130966187,0.5744022130966187
WIPRO,Wipro,IT,Q3FY25,Sandeep Shah,Management,"A last question, Aparna, with a war chest of $6.1 billion, though we are distributing dividend. But is",18,neutral,0.061914559453725815,0.016451599076390266,0.9216338396072388,0.9216338396072388
WIPRO,Wipro,IT,Q3FY25,Aparna Iyer,Management,We have said that buyback will continue to be a means by which we will return cash to our,19,neutral,0.4067586064338684,0.009331589564681053,0.583909809589386,0.583909809589386
WIPRO,Wipro,IT,Q3FY25,Kumar Rakesh,Management,I have just one question. Do you think given the kind of mix which you have both of vertical and the,21,neutral,0.04318419098854065,0.0250939279794693,0.9317218661308289,0.9317218661308289
WIPRO,Wipro,IT,Q3FY25,Aparna Iyer,Management,"We have taken a provision for about full debt charge, and I think that has the line item that will show",21,neutral,0.08134157955646515,0.015961358323693275,0.9026970863342285,0.9026970863342285
WIPRO,Wipro,IT,Q3FY25,Aparna Iyer,Management,"Okay. And typically, we do assess the intangibles every year. And based on the expected forecast,",16,neutral,0.07288152724504471,0.017072925344109535,0.9100455641746521,0.9100455641746521
WIPRO,Wipro,IT,Q3FY25,Aparna Iyer,Management,"Okay. You are right. We did note that we have been having excess cash and as a result of that, last",21,negative,0.014862611889839172,0.9628649950027466,0.022272339090704918,0.9628649950027466
WIPRO,Wipro,IT,Q3FY25,Aparna Iyer,Management,"So, I said, there are some statutory considerations that you cannot do a buyback within 12 months. If",18,neutral,0.03784937039017677,0.039667464792728424,0.9224831461906433,0.9224831461906433
WIPRO,Wipro,IT,Q3FY25,Aparna Iyer,Management,"Obviously, we cannot talk about it quantitatively, Kawal. And qualitatively, like I have said, it is only",17,neutral,0.0388827845454216,0.05588254705071449,0.905234694480896,0.905234694480896
WIPRO,Wipro,IT,Q4FY25,Aparna Iyer,Management,"Good evening, everyone. Let me share a quick update, and then we can open it up for Q&A.",18,neutral,0.0658988356590271,0.014187254942953587,0.9199138283729553,0.9199138283729553
WIPRO,Wipro,IT,Q4FY25,Sandeep Shah,Management,"Sir, the first question is, there has been a good large deal wins, which has happened early H’1",18,neutral,0.08431487530469894,0.03054899163544178,0.8851361870765686,0.8851361870765686
WIPRO,Wipro,IT,Q4FY25,Sandeep Shah,Management,"Okay. And do you believe second quarter onwards, there could be a delayed ramp-up can",15,negative,0.0594053752720356,0.6426824927330017,0.2979121804237366,0.6426824927330017
WIPRO,Wipro,IT,Q4FY25,Sandeep Shah,Management,"Okay. And just last two, there has been a notable decline in our top clients. What is the reason",19,negative,0.013224184513092041,0.9517074227333069,0.03506838530302048,0.9517074227333069
WIPRO,Wipro,IT,Q4FY25,Aparna Iyer,Management,"So these two deals that we've announced in this month, Sandeep, are a part of our guidance. At",18,neutral,0.06481537967920303,0.01535803359001875,0.9198266267776489,0.9198266267776489
WIPRO,Wipro,IT,Q4FY25,Sandeep Shah,Management,Okay. Okay. Is it possible to quantify inorganic growth in the guidance?,12,neutral,0.05424848943948746,0.015066326595842838,0.9306851625442505,0.9306851625442505
WIPRO,Wipro,IT,Q4FY25,Aparna Iyer,Management,"They are not inorganic. They are actually strategic deal wins. If you look at it, Olam is a",18,neutral,0.03381327912211418,0.021294906735420227,0.9448918104171753,0.9448918104171753
WIPRO,Wipro,IT,Q4FY25,Sandeep Shah,Management,Okay. We'll come in the follow-up. Thanks. All the best.,10,neutral,0.17782914638519287,0.015126589685678482,0.807044267654419,0.807044267654419
WIPRO,Wipro,IT,Q4FY25,Aparna Iyer,Management,"Ravi, if you look at it, our top client has been producing a healthy growth for us a fairly long",20,positive,0.9451460838317871,0.015644902363419533,0.03920896723866463,0.9451460838317871
WIPRO,Wipro,IT,Q4FY25,Aparna Iyer,Management,"No. So I don't think -- see, the unbilled revenue that has gone up is more a quarterly aberration.",19,negative,0.09565892815589905,0.649391770362854,0.25494933128356934,0.649391770362854
WIPRO,Wipro,IT,Q4FY25,Aparna Iyer,Management,We have said that the client-specific issue that we have seen in one of our clients in Americas,18,neutral,0.07319294661283493,0.04478474333882332,0.8820223212242126,0.8820223212242126
WIPRO,Wipro,IT,Q4FY25,Aparna Iyer,Management,"Yes. So if I have to characterize, we've had several large deal bookings, right? Now the one",17,neutral,0.0941137969493866,0.05870121717453003,0.847184956073761,0.847184956073761
WIPRO,Wipro,IT,Q4FY25,Aparna Iyer,Management,"We guide in a range. There is -- like I said, we guided a range and there is a midpoint, and we",22,neutral,0.05386743322014809,0.028484370559453964,0.9176482558250427,0.9176482558250427
WIPRO,Wipro,IT,Q4FY25,Aparna Iyer,Management,You know DTS HARMAN is fully in our Q4 numbers...,10,positive,0.6254338026046753,0.015170827507972717,0.35939541459083557,0.6254338026046753
WIPRO,Wipro,IT,Q4FY25,Aparna Iyer,Management,No. Q4 was all 3 months. In Q3 we have this.,11,neutral,0.044501859694719315,0.04624444618821144,0.9092536568641663,0.9092536568641663
WIPRO,Wipro,IT,Q4FY25,Aparna Iyer,Management,"Yes. So that is not -- that is the only inorganic piece and our growth for Q1 is -- yes, there are",22,neutral,0.11288216710090637,0.01347567792981863,0.8736421465873718,0.8736421465873718
WIPRO,Wipro,IT,Q4FY25,Aparna Iyer,Management,"Yes. If you look at it as a organic growth, these are strategic deals we have taken. Yes.",18,neutral,0.1323980689048767,0.010027343407273293,0.8575746417045593,0.8575746417045593
WIPRO,Wipro,IT,Q4FY25,Aparna Iyer,Management,"Yes, there are three areas where we are going to be investing in. We've already rolled out the",18,neutral,0.21103741228580475,0.012814723886549473,0.7761479020118713,0.7761479020118713
WIPRO,Wipro,IT,Q4FY25,Aparna Iyer,Management,So your question is around how much did the HARMAN acquisition contribute in Q4? Is that,16,neutral,0.04973771795630455,0.03656255081295967,0.913699746131897,0.913699746131897
WIPRO,Wipro,IT,Q4FY25,Aparna Iyer,Management,So we actually made a stock exchange filing around the revenues of the organization. You can,16,neutral,0.04205465316772461,0.026720896363258362,0.9312244653701782,0.9312244653701782
WIPRO,Wipro,IT,Q4FY25,Aparna Iyer,Management,"I think our overall growth rate also tend to reflect in our top client metric growth rates as well,",19,neutral,0.38972237706184387,0.010693959891796112,0.5995836853981018,0.5995836853981018
