ticker,company,sector,quarter,speaker,role,utterance,word_count
BAJAJFIN,Bajaj Finance,NBFC,Q1FY25,Moderator,Moderator,"Ladies and gentlemen, good day, and welcome to the Q1 FY '26 Earnings",13
BAJAJFIN,Bajaj Finance,NBFC,Q1FY25,Ajit Kumar,Analyst,"Thank you, Dorwin. Good evening, everyone. This is Ajit Kumar from JM Financial.",13
BAJAJFIN,Bajaj Finance,NBFC,Q1FY25,Rajeev Jain,Management,"Thank you. Thank you, Ajit. Thank you, JM, for hosting this call. Good evening, all.",15
BAJAJFIN,Bajaj Finance,NBFC,Q1FY25,Sandeep Jain,Management,"So that other number is the net gain on fair value change, where we have INR 79",17
BAJAJFIN,Bajaj Finance,NBFC,Q1FY25,Rajeev Jain,Management,"Adjusted for this, the number is flat on a sequential quarter basis. I thought I'll just",16
BAJAJFIN,Bajaj Finance,NBFC,Q1FY25,Moderator,Moderator,Our first question comes from the line of Viral Shah from IIFL Capital.,13
BAJAJFIN,Bajaj Finance,NBFC,Q1FY25,Viral Shah,Analyst,"Rajeev, I have 3 questions. But first, to begin with, I would say, it's glad to have you",18
BAJAJFIN,Bajaj Finance,NBFC,Q1FY25,Rajeev Jain,Management,"Viral, the only point I would like to make is that every incident must have learnings",16
BAJAJFIN,Bajaj Finance,NBFC,Q1FY25,Viral Shah,Analyst,"Got it, very fair, Rajeev. My second question is more for Sandeep. Sandeep, on the",15
BAJAJFIN,Bajaj Finance,NBFC,Q1FY25,Sandeep Jain,Management,Yes. I think Viral this question was asked last quarter as well. We have given a,16
BAJAJFIN,Bajaj Finance,NBFC,Q1FY25,Viral Shah,Analyst,"Got it. And secondly, Sandeep, on the, say, growth guidance numbers on the non-",14
BAJAJFIN,Bajaj Finance,NBFC,Q1FY25,Sandeep Jain,Management,"So I think on the fee income side, we have guided for 13% to 15% for the current",18
BAJAJFIN,Bajaj Finance,NBFC,Q1FY25,Rajeev Jain,Management,"Last time I do want to make that, the fee income grew 17%, just to add what Sandeep",18
BAJAJFIN,Bajaj Finance,NBFC,Q1FY25,Sandeep Jain,Management,"And last year's quarter was partially impacted by embargo as well, so to the extent on",16
BAJAJFIN,Bajaj Finance,NBFC,Q1FY25,Viral Shah,Analyst,"Got it. And my last question, Rajeev, is for you. So on the SME portfolio, you",16
BAJAJFIN,Bajaj Finance,NBFC,Q1FY25,Rajeev Jain,Management,"Not between unsecured to secured. Anyway, it's a tail effect. The secured gets a tail",15
BAJAJFIN,Bajaj Finance,NBFC,Q1FY25,Sandeep Jain,Management,"And Viral, in the same context, I think it's important that we call out, MSA business",16
BAJAJFIN,Bajaj Finance,NBFC,Q1FY25,Viral Shah,Analyst,"Got it, very clear. Thank you so much. And all the very best.",13
BAJAJFIN,Bajaj Finance,NBFC,Q1FY25,Moderator,Moderator,Thank you. Our next question comes from the line of Piran Engineer from CLSA.,14
BAJAJFIN,Bajaj Finance,NBFC,Q1FY25,"Please go ahead.
Piran Engineer",Analyst,"Congrats on the quarter. Actually, my question was kind of answered you’re here,",13
BAJAJFIN,Bajaj Finance,NBFC,Q1FY25,Rajeev Jain,Management,No. The only way to do it is to offer the remediation. That's why as when I talked,18
BAJAJFIN,Bajaj Finance,NBFC,Q1FY25,Piran Engineer,Analyst,"Okay. Okay, sir. Fair enough. And also on the B2C side, earlier we used to share",16
BAJAJFIN,Bajaj Finance,NBFC,Q1FY25,Rajeev Jain,Management,"No, no. It was 5.5 , and it is down to 4.",12
BAJAJFIN,Bajaj Finance,NBFC,Q1FY25,Rajeev Jain,Management,"This metric is being tracked. The only thing and where we've got -- partially, if I may",17
BAJAJFIN,Bajaj Finance,NBFC,Q1FY25,Piran Engineer,Analyst,"Okay. Fair enough. And just lastly on growth or just in terms of scale-up, in car",16
BAJAJFIN,Bajaj Finance,NBFC,Q1FY25,Piran Engineer,Analyst,I thought you said the loan book is very small. I just want to get a sense of the,19
BAJAJFIN,Bajaj Finance,NBFC,Q1FY25,Rajeev Jain,Management,"It can be very big. Piran, the issue is used car and new car put together must make",18
BAJAJFIN,Bajaj Finance,NBFC,Q1FY25,Piran Engineer,Analyst,Got it. Okay. That's it from my end. Thank you and wish you all the best.,16
BAJAJFIN,Bajaj Finance,NBFC,Q1FY25,Moderator,Moderator,Thank you. We have our next question from the line of Kunal Shah from Citigroup.,15
BAJAJFIN,Bajaj Finance,NBFC,Q1FY25,"Please go ahead.
Kunal Shah",Analyst,"Yes. Thanks for taking the question. Sorry, again, touching upon the leadership",12
BAJAJFIN,Bajaj Finance,NBFC,Q1FY25,Rajeev Jain,Management,"Yes. As Viral said, what are the learnings is one of the learnings.",13
BAJAJFIN,Bajaj Finance,NBFC,Q1FY25,Kunal Shah,Analyst,"Okay. But anything with respect to the corporate structuring, maybe it was quite",13
BAJAJFIN,Bajaj Finance,NBFC,Q1FY25,Kunal Shah,Analyst,No changes in terms of the corporate structure which has been planned or maybe,14
BAJAJFIN,Bajaj Finance,NBFC,Q1FY25,Kunal Shah,Analyst,"Yes. Sure. And secondly, with respect to MSME, so you indicated maybe that's going",14
BAJAJFIN,Bajaj Finance,NBFC,Q1FY25,Sandeep Jain,Management,"The overall provisioning coverage has plenty of assets, including the composition of",12
BAJAJFIN,Bajaj Finance,NBFC,Q1FY25,Kunal Shah,Analyst,"Sir, fair to assume this restructuring is in SME because that's the only SME and",15
BAJAJFIN,Bajaj Finance,NBFC,Q1FY25,Moderator,Moderator,Thank you. Our next question is from the line of Kuntal Shah from Oaklane Capital.,15
BAJAJFIN,Bajaj Finance,NBFC,Q1FY25,"Please go ahead.
Kuntal Shah",Analyst,"Hi, thanks for taking my call and Rajeev thanks to have you back on the call. So we",18
BAJAJFIN,Bajaj Finance,NBFC,Q1FY25,Rajeev Jain,Management,"Yes. So Kuntal, 4.7 million new customer acquisition after last 2 years of record 15",15
BAJAJFIN,Bajaj Finance,NBFC,Q1FY25,Kuntal Shah,Analyst,Partially but common unified super app was what I think makes sense from tech,14
BAJAJFIN,Bajaj Finance,NBFC,Q1FY25,Rajeev Jain,Management,"Okay. So let me make the point, if you're an Apple now, if you go to share market on",19
BAJAJFIN,Bajaj Finance,NBFC,Q1FY25,Kuntal Shah,Analyst,"So Rajeev, Does it mean you will tie up with more fintech, which are a lot of",17
BAJAJFIN,Bajaj Finance,NBFC,Q1FY25,Kuntal Shah,Analyst,More profit pools and nothing like that because you have...,10
BAJAJFIN,Bajaj Finance,NBFC,Q1FY25,Moderator,Moderator,Our next question is from the line of Abhishek M. from HSBC.,12
BAJAJFIN,Bajaj Finance,NBFC,Q1FY25,Abhishek M.,Analyst,"Good to have you back, Rajeev. So the first one is going back to SME. Can you give",18
BAJAJFIN,Bajaj Finance,NBFC,Q1FY25,Rajeev Jain,Management,"As I said, Abhishek, at this point in time, it will remain slow. I think, as I said, 17",19
BAJAJFIN,Bajaj Finance,NBFC,Q1FY25,Abhishek Murarka,Analyst,"Okay. How much would be the total unsecured in this book? In the INR 50,000...",15
BAJAJFIN,Bajaj Finance,NBFC,Q1FY25,Rajeev Jain,Management,"The mortgage, sit’s in mortgage and so on and so forth. If you see in the panel, you",18
BAJAJFIN,Bajaj Finance,NBFC,Q1FY25,Abhishek Murarka,Analyst,"Sir, the other observation I had is that since it is mostly unsecured, typically when",15
BAJAJFIN,Bajaj Finance,NBFC,Q1FY25,Sandeep Jain,Management,Abhishek that's what I was trying to clarify earlier as well because the number of,15
BAJAJFIN,Bajaj Finance,NBFC,Q1FY25,Abhishek Murarka,Analyst,"The second question is on -- yes, the second question is on growth. So if I put all the",19
BAJAJFIN,Bajaj Finance,NBFC,Q1FY25,Rajeev Jain,Management,"I would think about one more quarter, Abhishek, before we give you a very clear",15
BAJAJFIN,Bajaj Finance,NBFC,Q1FY25,Rajeev Jain,Management,"Though, numbers plus minus happens all the time. We are not talking about any big",15
BAJAJFIN,Bajaj Finance,NBFC,Q1FY25,Moderator,Moderator,The next question comes from the line of Chintan from Autonomous.,11
BAJAJFIN,Bajaj Finance,NBFC,Q1FY25,Chintan,Analyst,"Hi. Good evening. Thanks for taking my question. Sir, can I come back on the NII?",16
BAJAJFIN,Bajaj Finance,NBFC,Q1FY25,Sandeep Jain,Management,Yes. You're right on Chintan. I think the liquidity buffers were deployed more in,14
BAJAJFIN,Bajaj Finance,NBFC,Q1FY25,Chintan,Analyst,"And how long will you hold this position? This is a duration of six months’ timeline,",16
BAJAJFIN,Bajaj Finance,NBFC,Q1FY25,Sandeep Jain,Management,"I think that was specific for quarter, because as the rates were coming down, the",15
BAJAJFIN,Bajaj Finance,NBFC,Q1FY25,Chintan,Analyst,"So, Sandeep, why should this go back up? Because if it becomes liquidity buffer",14
BAJAJFIN,Bajaj Finance,NBFC,Q1FY25,Sandeep Jain,Management,"It'll go into the interest income line, right? What you see as NIM…",13
BAJAJFIN,Bajaj Finance,NBFC,Q1FY25,Sandeep Jain,Management,"Some has interest cost, right? So they go into interest cost.",11
BAJAJFIN,Bajaj Finance,NBFC,Q1FY25,Chintan,Analyst,"Then the second one was on MSME. You gave some numbers, 2.5 went to 11 and",16
BAJAJFIN,Bajaj Finance,NBFC,Q1FY25,Chintan,Analyst,"Monthly disbursements, okay. And can you -- do you have a view on why this has",16
BAJAJFIN,Bajaj Finance,NBFC,Q1FY25,Rajeev Jain,Management,"Look, business loans we've done for 18 years. We have seen other than one lender in",16
BAJAJFIN,Bajaj Finance,NBFC,Q1FY25,Rajeev Jain,Management,It didn't come slowly; it came a little too suddenly is the only point I would make.,17
BAJAJFIN,Bajaj Finance,NBFC,Q1FY25,"We are also a little surprised by it.
Chintan",Analyst,"I mean, it's primarily unsecured. So I suppose that's why banks aren't talking about it.",15
BAJAJFIN,Bajaj Finance,NBFC,Q1FY25,Chintan,Analyst,That you talked about on the macro is very broad based.,11
BAJAJFIN,Bajaj Finance,NBFC,Q1FY25,Chintan,Analyst,We can see it in a lot of economic indicators. And it is quite -- it's already slowed,18
BAJAJFIN,Bajaj Finance,NBFC,Q1FY25,Chintan,Analyst,"I'm just wondering incrementally, how does this evolve over the next six months,",13
BAJAJFIN,Bajaj Finance,NBFC,Q1FY25,Rajeev Jain,Management,"I think, as I said, Chintan, earlier, we are just focusing on early MOB. As the",16
BAJAJFIN,Bajaj Finance,NBFC,Q1FY25,Rajeev Jain,Management,"AUM may grow 15% odd, as Sidhant is saying, but in terms of disbursement growth,",15
BAJAJFIN,Bajaj Finance,NBFC,Q1FY25,Chintan,Analyst,"Okay. And the final one, perhaps, for Sandeep, could you just give us some sense of",16
BAJAJFIN,Bajaj Finance,NBFC,Q1FY25,Sandeep Jain,Management,"Yes. So the liability side, very clearly, NCD has seen almost 90-basis-point of",13
BAJAJFIN,Bajaj Finance,NBFC,Q1FY25,Sandeep Jain,Management,We have 85% of the bank moneys on external benchmark rate. That has seen,14
BAJAJFIN,Bajaj Finance,NBFC,Q1FY25,Chintan,Analyst,Okay. So the NIM improvement is now driven by the better liability transmission as,14
BAJAJFIN,Bajaj Finance,NBFC,Q1FY25,Rajeev Jain,Management,Yes. Yes. Yes. Just to reinforce the point. That's why the decision even on slowing,15
BAJAJFIN,Bajaj Finance,NBFC,Q1FY25,Sandeep Jain,Management,"In fact, that's an important one. I forgot to make that point. Deposits, we were",15
BAJAJFIN,Bajaj Finance,NBFC,Q1FY25,Sandeep Jain,Management,Retail deposits. We were paying probably 70 - 80 basis points higher than the,14
BAJAJFIN,Bajaj Finance,NBFC,Q1FY25,Moderator,Moderator,The next question is from the line of Abhijit Tibrewal from Motilal Oswal.,13
BAJAJFIN,Bajaj Finance,NBFC,Q1FY25,Abhijit Tibrewal,Analyst,I stepped away from my desk for a couple of minutes. So let me know if any of my,19
BAJAJFIN,Bajaj Finance,NBFC,Q1FY25,Rajeev Jain,Management,I was seeing you guys at decimal; we move a percentage like. Don't read anything,15
BAJAJFIN,Bajaj Finance,NBFC,Q1FY25,Abhijit Tibrewal,Analyst,"Got it. Look, sir, the reason -- the only reason why I was asking is -- in the past, we",20
BAJAJFIN,Bajaj Finance,NBFC,Q1FY25,Rajeev Jain,Management,"I think earlier also question was asked. I mean gold loan is adding net INR 2,000",16
BAJAJFIN,Bajaj Finance,NBFC,Q1FY25,Abhijit Tibrewal,Analyst,"Got it, sir. Sir, the second question I had was about this working capital loans, fresh",16
BAJAJFIN,Bajaj Finance,NBFC,Q1FY25,Rajeev Jain,Management,"No. The only difference I would make, this is a customer between INR 7 crores to",16
BAJAJFIN,Bajaj Finance,NBFC,Q1FY25,Abhijit Tibrewal,Analyst,"Got it, sir. And then just a related question because you spoke about leverage, even",15
BAJAJFIN,Bajaj Finance,NBFC,Q1FY25,Rajeev Jain,Management,"As I said, it's come a little too suddenly Abhijit. -- wait for 1 more quarter, we'll have",18
BAJAJFIN,Bajaj Finance,NBFC,Q1FY25,Management,Analyst,"So we just add to what Rajeev has been saying, and I know that we've discussed",16
BAJAJFIN,Bajaj Finance,NBFC,Q1FY25,Moderator,Moderator,Yes. That would be our last question for today. I would now like to hand the,16
BAJAJFIN,Bajaj Finance,NBFC,Q1FY25,Ajit Kumar,Analyst,"Thank you, Rajeev sir, Sandeep and Bajaj Finance team. Do you want to make any",15
BAJAJFIN,Bajaj Finance,NBFC,Q1FY25,Rajeev Jain,Management,Good night is the only closing comment – it’s been a long day. Thank you all.,16
BAJAJFIN,Bajaj Finance,NBFC,Q1FY25,Moderator,Moderator,"Thank you. On behalf of Bajaj Finance Limited, that concludes this conference.",12
BAJAJFIN,Bajaj Finance,NBFC,Q2FY25,Moderator,Moderator,"Ladies and gentlemen, good evening, and welcome to Bajaj Finance Limited Q2 FY '26 Earnings",15
BAJAJFIN,Bajaj Finance,NBFC,Q2FY25,Anuj Singla,Analyst,"Thank you, Neerav. Good evening, everyone. This is Anuj Singla from JP Morgan. Thank you",15
BAJAJFIN,Bajaj Finance,NBFC,Q2FY25,Rajeev Jain,Management,"Good evening all of you, the investor deck for Q2 FY '26 has already been uploaded on our",18
BAJAJFIN,Bajaj Finance,NBFC,Q2FY25,Rajeev Jain,Management,"18 to 20 basis points as Sandeep is correcting me, which is really how it is for the last 2-3 years,",21
BAJAJFIN,Bajaj Finance,NBFC,Q2FY25,Rajeev Jain,Management,35-day period. It's Navratri to Bhai Dooj or 35-day peak kick-off of the festival and end of the,18
BAJAJFIN,Bajaj Finance,NBFC,Q2FY25,Moderator,Moderator,"Thank you, Rajeev. We will now begin the question and answer session. First question is from",16
BAJAJFIN,Bajaj Finance,NBFC,Q2FY25,Kunal Shah,Analyst,"Rajeev, so firstly, with respect to growth, you indicated mortgages and SME growing slightly",14
BAJAJFIN,Bajaj Finance,NBFC,Q2FY25,Rajeev Jain,Management,"Both these contribute to 31% and 14%, 45% of the balance sheet, right? They contribute to 45%",17
BAJAJFIN,Bajaj Finance,NBFC,Q2FY25,Kunal Shah,Analyst,"Okay. And in fact, now rural B2C would also start given that now it's starting into green, so that",19
BAJAJFIN,Bajaj Finance,NBFC,Q2FY25,Kunal Shah,Analyst,"Okay. And secondly, with respect to asset quality, so stage 3, it's moving up. Would it be fair to",19
BAJAJFIN,Bajaj Finance,NBFC,Q2FY25,Sandeep Jain,Management,"Yes. So I think if you look at even last year quarter 2, you would see that the GNPA sequentially",20
BAJAJFIN,Bajaj Finance,NBFC,Q2FY25,Rajeev Jain,Management,"And correspondingly, just to -- correspondingly, there is a benefit that appears because of fewer",15
BAJAJFIN,Bajaj Finance,NBFC,Q2FY25,Sandeep Jain,Management,"Correct. Having said so, the number has gone up between, say, last year same time to now. Last",18
BAJAJFIN,Bajaj Finance,NBFC,Q2FY25,Rajeev Jain,Management,"So sequentially is purely number of days, Kunal? Yes. And year-on-year, it is principally on",15
BAJAJFIN,Bajaj Finance,NBFC,Q2FY25,Sandeep Jain,Management,And the last point on that is -- to the point that you're making on stage 2 to stage 3. The overall,22
BAJAJFIN,Bajaj Finance,NBFC,Q2FY25,Moderator,Moderator,Next question is from the line of Jay from Nirmal Bang.,11
BAJAJFIN,Bajaj Finance,NBFC,Q2FY25,Moderator,Moderator,"Jay, sorry to interrupt you. Can you please speak through the handset?",12
BAJAJFIN,Bajaj Finance,NBFC,Q2FY25,Jay,Analyst,"Sir, my first question would be on the MFI lending. Sir, we see there is a 217% growth year-on-",19
BAJAJFIN,Bajaj Finance,NBFC,Q2FY25,Rajeev Jain,Management,So we are too small in MFI. Balance sheet is only INR 1750-odd crores. So we're not the right,19
BAJAJFIN,Bajaj Finance,NBFC,Q2FY25,Rajeev Jain,Management,"99.22% current. So we continue to tread carefully, knowing fully well as to what's happening in",16
BAJAJFIN,Bajaj Finance,NBFC,Q2FY25,Jay,Analyst,"Okay. Understood. And sir, do we have a partnership with the OEMs? Or does -- how does the",18
BAJAJFIN,Bajaj Finance,NBFC,Q2FY25,Rajeev Jain,Management,"Like in a typical B2B business, this is a B2B business. We work closely -- they are mostly very",19
BAJAJFIN,Bajaj Finance,NBFC,Q2FY25,Rajeev Jain,Management,We are in 400 towns in India at this point in time. So -- and predominantly South and West...,19
BAJAJFIN,Bajaj Finance,NBFC,Q2FY25,Rajeev Jain,Management,"North and west, sorry, dominated. So which is building out, it's too small as yet, but promising.",17
BAJAJFIN,Bajaj Finance,NBFC,Q2FY25,Jay,Analyst,"Okay. And sir, last question on MSME lending. Sir, we see GNPA growing up significantly. Is",16
BAJAJFIN,Bajaj Finance,NBFC,Q2FY25,Rajeev Jain,Management,"As we had outlined, we are seeing in last -- first quarter, we talked about it that we are seeing",20
BAJAJFIN,Bajaj Finance,NBFC,Q2FY25,Moderator,Moderator,Next question is from the line of Sucrit Patil from Eyesight Fintrade.,12
BAJAJFIN,Bajaj Finance,NBFC,Q2FY25,Sucrit Patil,Analyst,I have 2 questions. The first is it's a forward looking question. As more fintechs and NBFCs,17
BAJAJFIN,Bajaj Finance,NBFC,Q2FY25,Rajeev Jain,Management,"I mean we could spend 1 hour on this question, quite honestly. But on a more serious note, we",19
BAJAJFIN,Bajaj Finance,NBFC,Q2FY25,Sucrit Patil,Analyst,"My final question, again, a forward-looking one, is about margins and cost planning. As growth",15
BAJAJFIN,Bajaj Finance,NBFC,Q2FY25,Rajeev Jain,Management,"No. So at a fundamental level, process automation, technology leadership -- technology",12
BAJAJFIN,Bajaj Finance,NBFC,Q2FY25,Moderator,Moderator,Next question is from the line of Abhijit Tibrewal from Motilal Oswal.,12
BAJAJFIN,Bajaj Finance,NBFC,Q2FY25,Abhijit Tibrewal,Analyst,Just 2 questions that I had. First is in addition to what we have already shared on the MSME,19
BAJAJFIN,Bajaj Finance,NBFC,Q2FY25,Rajeev Jain,Management,"We're mostly done with restructuring, Abhijit. We're mostly done with restructuring. It is used",14
BAJAJFIN,Bajaj Finance,NBFC,Q2FY25,Sandeep Jain,Management,"Yes, the other point that I want to make, I think it's in the interest of all the participants on the",21
BAJAJFIN,Bajaj Finance,NBFC,Q2FY25,Rajeev Jain,Management,"And actions have been outlined to all the investors. And as Sandeep said, it's not changing the",17
BAJAJFIN,Bajaj Finance,NBFC,Q2FY25,Abhijit Tibrewal,Analyst,"Got it. And then the only other question I had was, I mean, maybe 15 days that the festive season",20
BAJAJFIN,Bajaj Finance,NBFC,Q2FY25,Rajeev Jain,Management,"Yes, momentum, Abhijit is -- yes, yes. I think we're surprised by the -- given that the festive",18
BAJAJFIN,Bajaj Finance,NBFC,Q2FY25,Abhijit Tibrewal,Analyst,"Got it. And sir, would you also agree that, I mean, this momentum has sustained across most of",18
BAJAJFIN,Bajaj Finance,NBFC,Q2FY25,Rajeev Jain,Management,Answer is yes. Answer is yes. Except I would just add...,11
BAJAJFIN,Bajaj Finance,NBFC,Q2FY25,Rajeev Jain,Management,"Abhijit, just to be fair, I would just add, we are very dominant in electronics, so we can -- what",20
BAJAJFIN,Bajaj Finance,NBFC,Q2FY25,Moderator,Moderator,Next question is from the line of Piran Engineer from CLSA.,11
BAJAJFIN,Bajaj Finance,NBFC,Q2FY25,Moderator,Moderator,"Piran sorry to interrupt you, but we are missing your audio.",11
BAJAJFIN,Bajaj Finance,NBFC,Q2FY25,Piran Engineer,Analyst,"Yes, yes. No. So just wanted to get some sense on how things stand in rural unsecured, rural",18
BAJAJFIN,Bajaj Finance,NBFC,Q2FY25,Rajeev Jain,Management,"The answer is -- and principally, that was -- Piran, it's a fair question. Across businesses that we",18
BAJAJFIN,Bajaj Finance,NBFC,Q2FY25,Rajeev Jain,Management,"Les than 1%, is what somebody with 2PL would be. In urban, it would be 4% -- 3% or 4%?",20
BAJAJFIN,Bajaj Finance,NBFC,Q2FY25,Rajeev Jain,Management,"4.8%. So we have cut business. This number used to be 13% and a year ago, 13% and 3%. So I",21
BAJAJFIN,Bajaj Finance,NBFC,Q2FY25,Piran Engineer,Analyst,Okay. And this is on incremental or it is on your book? Like 4%...,14
BAJAJFIN,Bajaj Finance,NBFC,Q2FY25,Rajeev Jain,Management,"Since February, whatever you're originating is on these numbers. So it's incremental, but the",14
BAJAJFIN,Bajaj Finance,NBFC,Q2FY25,Sandeep Jain,Management,"And talking about rural B2C, after a long time, we have now revised the management assessment",16
BAJAJFIN,Bajaj Finance,NBFC,Q2FY25,Piran Engineer,Analyst,"Got it. Got it. And just secondly, you had mentioned captive 2-wheelers, which is 1.5% of the",17
BAJAJFIN,Bajaj Finance,NBFC,Q2FY25,Piran Engineer,Analyst,And what would -- so the non-captive would be how much? Just want to get a sense of what's,19
BAJAJFIN,Bajaj Finance,NBFC,Q2FY25,Rajeev Jain,Management,"Equal size -- now, equal size virtually. As you can see on Panel 47.",14
BAJAJFIN,Bajaj Finance,NBFC,Q2FY25,Rajeev Jain,Management,"That if you see the number at -- if you go to -- we have separated it in the portfolio quality, that",22
BAJAJFIN,Bajaj Finance,NBFC,Q2FY25,Sandeep Jain,Management,"And Piran, to the question that you're asking on open market 2-wheeler financing, while the",15
BAJAJFIN,Bajaj Finance,NBFC,Q2FY25,Moderator,Moderator,Next question is from the line of Ashish Sharma from Oaklane Capital Management.,13
BAJAJFIN,Bajaj Finance,NBFC,Q2FY25,Ashish Sharma,Analyst,Yes. Just one question on credit cost. So have we given the guidance for FY'27? So given that,18
BAJAJFIN,Bajaj Finance,NBFC,Q2FY25,Sandeep Jain,Management,"So we are not giving an absolute guidance at this point in time, Ashish. But very clearly,",17
BAJAJFIN,Bajaj Finance,NBFC,Q2FY25,Rajeev Jain,Management,"The gold loan business, the new car financing business are much lower risk business. So -- and",17
BAJAJFIN,Bajaj Finance,NBFC,Q2FY25,Sandeep Jain,Management,"And my hunch would be that while the range currently is 185 to 195 for the current year, and",19
BAJAJFIN,Bajaj Finance,NBFC,Q2FY25,Ashish Sharma,Analyst,"Just reconfirming one thing in terms of the MSME guidance of 10-12%, do you think given the",17
BAJAJFIN,Bajaj Finance,NBFC,Q2FY25,Ashish Sharma,Analyst,"Sure, sure, perfect. That's helpful. Thank you, sir, and all the best for the next quarter. Thank",17
BAJAJFIN,Bajaj Finance,NBFC,Q2FY25,Sandeep Jain,Management,"The last point probably, Ashish, on that, as an organization, we have never shied away from",16
BAJAJFIN,Bajaj Finance,NBFC,Q2FY25,Moderator,Moderator,Next question is from the line of Priyanshu Ahuja from IIFL Capital.,12
BAJAJFIN,Bajaj Finance,NBFC,Q2FY25,Viral,Analyst,"This is Viral here from IIFL Capital. Just 2 questions from my end. Sandeep, first one for you.",18
BAJAJFIN,Bajaj Finance,NBFC,Q2FY25,Sandeep Jain,Management,"I would love to have that, Viral. But I think the best assumption that we have at this point in time",21
BAJAJFIN,Bajaj Finance,NBFC,Q2FY25,"Idea would be that work with improving the overall cost of fund environment as far as Bajaj
Finance is concerned and use that opportunity to pass on the benefit to the customers and
maintain the NIM at current level.
Viral",Analyst,"And just as a clarification, Sandeep, in this guidance on cost of fund, you have taken only 100",18
BAJAJFIN,Bajaj Finance,NBFC,Q2FY25,Sandeep Jain,Management,Yes. We are not privy to any further rate cut that is being discussed or has been announced,18
BAJAJFIN,Bajaj Finance,NBFC,Q2FY25,Rajeev Jain,Management,"Benefit will flow in next year, not in the current year.",11
BAJAJFIN,Bajaj Finance,NBFC,Q2FY25,Viral,Analyst,"Got it. But there will be a benefit then, right? Once there is a cost of fund...",17
BAJAJFIN,Bajaj Finance,NBFC,Q2FY25,Viral,Analyst,"Of course. And second question, Rajeev, for you. On the gold loan piece, more so from, say, a",18
BAJAJFIN,Bajaj Finance,NBFC,Q2FY25,Rajeev Jain,Management,"Three scenarios, right? It goes up further, good. Remains flat, good. Goes down, we have seen",16
BAJAJFIN,Bajaj Finance,NBFC,Q2FY25,Moderator,Moderator,"Thank you. I request you to come back for a follow-up question, please.",13
BAJAJFIN,Bajaj Finance,NBFC,Q2FY25,Rajeev Jain,Management,"Okay. It's okay. Let him -- sorry, go ahead, go ahead. And after this, you stop, Viral. Go ahead,",19
BAJAJFIN,Bajaj Finance,NBFC,Q2FY25,Viral,Analyst,"Sure. So just on the second scenario, you mentioned that, say, assuming the gold prices don't go",17
BAJAJFIN,Bajaj Finance,NBFC,Q2FY25,Rajeev Jain,Management,"Yes, I will tell you. No, it's a good point.",10
BAJAJFIN,Bajaj Finance,NBFC,Q2FY25,Rajeev Jain,Management,"I should have covered that at a fundamental level, see, one of the key modes that we've developed",18
BAJAJFIN,Bajaj Finance,NBFC,Q2FY25,Moderator,Moderator,"Ladies and gentlemen, we'll take the last 2 questions. Next question is from the line of Avinash",17
BAJAJFIN,Bajaj Finance,NBFC,Q2FY25,"Singh from Emkay Global.
Avinash Singh",Analyst,"Quickly, if you can help, I mean, the softness in other operating income, is it -- I mean, lower",19
BAJAJFIN,Bajaj Finance,NBFC,Q2FY25,Sandeep Jain,Management,"I'll take the first question. The other operating income, as you rightly called out, is on account",17
BAJAJFIN,Bajaj Finance,NBFC,Q2FY25,Rajeev Jain,Management,"No, but we had also guided that in the current year...",11
BAJAJFIN,Bajaj Finance,NBFC,Q2FY25,Sandeep Jain,Management,That's overall fee and other income put together. We are guided for the full year that between,17
BAJAJFIN,Bajaj Finance,NBFC,Q2FY25,Rajeev Jain,Management,The second question was going down the curve; we keep reiterating that is risk first. That's one,17
BAJAJFIN,Bajaj Finance,NBFC,Q2FY25,Moderator,Moderator,"Participants, we'll take the last question from the line of Marukh Adajaniya from Nuvama",14
BAJAJFIN,Bajaj Finance,NBFC,Q2FY25,"Wealth.
Marukh Adajaniya",Analyst,You transparently laid out all the SME-related issues. And I guess you were the first to flag it,18
BAJAJFIN,Bajaj Finance,NBFC,Q2FY25,Rajeev Jain,Management,I have no view on the sector. I'm a bigger believer in micro than macro. I had made the point,20
BAJAJFIN,Bajaj Finance,NBFC,Q2FY25,Moderator,Moderator,Thank you very much. I now hand the conference over to the management for closing comments.,16
BAJAJFIN,Bajaj Finance,NBFC,Q2FY25,Rajeev Jain,Management,Nothing. Thank you. Good night. I thought you're referring to Anuj. Thank you so much. Thank,16
BAJAJFIN,Bajaj Finance,NBFC,Q2FY25,Anuj Singla,Analyst,"Thank you, Rajeev. Thank you Bajaj Finance team for the opportunity.",11
BAJAJFIN,Bajaj Finance,NBFC,Q3FY25,Moderator,Moderator,"Ladies and gentlemen, good evening, and welcome to Bajaj Finance Limited Q3 FY '26 Earnings Call hosted by",18
BAJAJFIN,Bajaj Finance,NBFC,Q3FY25,Subramanian Iyer,Moderator,"Thank you, Emily. Good evening, everyone. This is Subramanian Iyer from Morgan Stanley. Thank you very",16
BAJAJFIN,Bajaj Finance,NBFC,Q3FY25,Rajeev Jain,Management,"Thank you, Subbu. Thank you, Morgan Stanley, for hosting this call. I have with me in the room, Sandeep Jain,",20
BAJAJFIN,Bajaj Finance,NBFC,Q3FY25,Moderator,Moderator,Our first question today comes from Viral Shah with IIFL Capital Services Limited.,13
BAJAJFIN,Bajaj Finance,NBFC,Q3FY25,Viral Shah,Analyst,"Hi, thank you for the opportunity for letting me ask the question. So, Rajeev first with regards to the ECL",20
BAJAJFIN,Bajaj Finance,NBFC,Q3FY25,Rajeev Jain,Management,I'll give the easier one first. The first one requires a little longer explanation. We'll provide FY '27 guidance along,20
BAJAJFIN,Bajaj Finance,NBFC,Q3FY25,Sandeep Jain,Management,"Yes. So, I think as Rajeev called out, these are the actions that we have taken on a voluntary basis. We looked at",23
BAJAJFIN,Bajaj Finance,NBFC,Q3FY25,Rajeev Jain,Management,"We could have taken a view to do an overlay, given the environment, global environment, not local environment,",18
BAJAJFIN,Bajaj Finance,NBFC,Q3FY25,Sandeep Jain,Management,"And as the Board and committee approved the change, I think they were also very clear in communication that",19
BAJAJFIN,Bajaj Finance,NBFC,Q3FY25,Viral Shah,Analyst,"Got it. And just an additional thing over here. So, I understand that this is a decision by the Board to do this. But",24
BAJAJFIN,Bajaj Finance,NBFC,Q3FY25,Rajeev Jain,Management,"I want to correct you, this is by management, point number one. Two, fully supported and ratified by the Board.",20
BAJAJFIN,Bajaj Finance,NBFC,Q3FY25,Moderator,Moderator,The next question comes from Abhijit Tibrewal with Motilal Oswal.,10
BAJAJFIN,Bajaj Finance,NBFC,Q3FY25,Abhijit Tibrewal,Analyst,"Yes, good evening. And thank you for taking my question. Just two things. One is, Rajeev, you just explained this",20
BAJAJFIN,Bajaj Finance,NBFC,Q3FY25,Sandeep Jain,Management,"So, Abhijit as you would recollect, the recent times have been extremely volatile, not only in terms of just the",20
BAJAJFIN,Bajaj Finance,NBFC,Q3FY25,Rajeev Jain,Management,I'll just make added point from -- so that the question is in addition to why now to the direction of travel on credit,24
BAJAJFIN,Bajaj Finance,NBFC,Q3FY25,Sandeep Jain,Management,"I think on a lighter note, Rajeev, there could not be a better occasion to communicate and give the message to",21
BAJAJFIN,Bajaj Finance,NBFC,Q3FY25,Abhijit Tibrewal,Analyst,"And then just a follow-up on that. I mean, this quarter, maybe it was just a coincidence that, I mean, we sold a",23
BAJAJFIN,Bajaj Finance,NBFC,Q3FY25,Sandeep Jain,Management,We were expecting that this question will be raised regarding the timing of the provisioning. I think as I recollect,20
BAJAJFIN,Bajaj Finance,NBFC,Q3FY25,Abhijit Tibrewal,Analyst,"I just wanted to squeeze in one last question on business. On the MSME side, I mean, you've explained for the",21
BAJAJFIN,Bajaj Finance,NBFC,Q3FY25,Rajeev Jain,Management,"We saw some -- not material. So, it is yet to play through. And we are mostly -- as I was making a point that over",26
BAJAJFIN,Bajaj Finance,NBFC,Q3FY25,Sandeep Jain,Management,"Yes, if I may just add on the MSME point, I think we had called out this last quarter as well that looking at the",25
BAJAJFIN,Bajaj Finance,NBFC,Q3FY25,Piran Engineer,Analyst,"Congrats and thanks for the extra slides on FINAI. Before my question, just to confirm, when you say the stake",20
BAJAJFIN,Bajaj Finance,NBFC,Q3FY25,Sandeep Jain,Management,"Yes, Piran, you're right. It goes and directly sits in the reserves. It doesn't come in the P&L at all.",20
BAJAJFIN,Bajaj Finance,NBFC,Q3FY25,Piran Engineer,Analyst,"And the full INR 1,400 crores or is there a tax impact?",12
BAJAJFIN,Bajaj Finance,NBFC,Q3FY25,Sandeep Jain,Management,"The entire amount net of tax goes and sits in the reserve line. And it's obvious, right? In the consolidated financial",21
BAJAJFIN,Bajaj Finance,NBFC,Q3FY25,Piran Engineer,Analyst,"Yes. I mean it's like a re-valuation. But anyway, I don't want to argue on that. Secondly, now that you've put a",22
BAJAJFIN,Bajaj Finance,NBFC,Q3FY25,Sandeep Jain,Management,"I think as regards write-off policy is concerned, Piran, we are -- which is reasonably prudent. We ensure that all",20
BAJAJFIN,Bajaj Finance,NBFC,Q3FY25,Piran Engineer,Analyst,"Got it. And just secondly, your fee income growth of 30% Y-o-Y is pretty strong compared to what we've seen in",21
BAJAJFIN,Bajaj Finance,NBFC,Q3FY25,Rajeev Jain,Management,"Piran, this should gravitate closer to -- from the next fiscal gravitate closer to between 18% and 20%. It’s just",20
BAJAJFIN,Bajaj Finance,NBFC,Q3FY25,Sandeep Jain,Management,"There were one-timers in the last year, we had some INR 80 crores of gain sitting in the other operating income",21
BAJAJFIN,Bajaj Finance,NBFC,Q3FY25,Piran Engineer,Analyst,"No, Sandeep, I'm referring only to the fee and commission line item, the INR 1,960 crore line item.",18
BAJAJFIN,Bajaj Finance,NBFC,Q3FY25,Sandeep Jain,Management,"There's no one-timer. This is core growth. Yes, core growth. And as Rajeev alluded to, as we get into FY '27",21
BAJAJFIN,Bajaj Finance,NBFC,Q3FY25,Abhishek Murarka,Analyst,"Yes, good evening. And thanks for the opportunity. So, two questions. One, just on cost of funds, can you talk",20
BAJAJFIN,Bajaj Finance,NBFC,Q3FY25,Rajeev Jain,Management,"No, no, the plan is very clear. If you actually go to the first nine months of growth in AUM, okay, I mean, MFI is",25
BAJAJFIN,Bajaj Finance,NBFC,Q3FY25,Abhishek Murarka,Analyst,"If you're targeting a profitability metric, it's more ROE than ROA.",11
BAJAJFIN,Bajaj Finance,NBFC,Q3FY25,Rajeev Jain,Management,It is ROE and ROA both. I mean we give same amount of leverage to each business other than the mortgage,21
BAJAJFIN,Bajaj Finance,NBFC,Q3FY25,Shreya Shivani,Analyst,"Yes, thank you for the opportunity. I have two questions. My first question is on the urban B2C or rural B2C these",22
BAJAJFIN,Bajaj Finance,NBFC,Q3FY25,Rajeev Jain,Management,"No, just I think just related to businesses, and I want to refer back to even Abhishek's point, I want you guys when",23
BAJAJFIN,Bajaj Finance,NBFC,Q3FY25,Shreya Shivani,Analyst,"Yes, just a follow-up. So, you're saying that pre-COVID till now -- from 2019 till now, our market share probably",20
BAJAJFIN,Bajaj Finance,NBFC,Q3FY25,Rajeev Jain,Management,"Yes. Yes. That's correct. Between 7% and 10% is what it gravitated around. Mind you, Shivani, if I may make a",21
BAJAJFIN,Bajaj Finance,NBFC,Q3FY25,Shreya Shivani,Analyst,"So, then that probably explains the revision in the LGD floors. Would that be correct? What you were talking",19
BAJAJFIN,Bajaj Finance,NBFC,Q3FY25,Rajeev Jain,Management,"Partially, it's true. I mean if there is only one red flag that I would have is that the overall consumer leverage",22
BAJAJFIN,Bajaj Finance,NBFC,Q3FY25,Sandeep Jain,Management,"Just on the LGD piece, I think as you see Slide #54, where we have provided provisioning coverage ratio by",20
BAJAJFIN,Bajaj Finance,NBFC,Q3FY25,Shreya Shivani,Analyst,"Got it, sir. Sir, just my question on the gold loan. What will be the strategy for next year, if you're going to share",24
BAJAJFIN,Bajaj Finance,NBFC,Q3FY25,Rajeev Jain,Management,"Sustained distribution expansion, that's one part. We will continue to expand. We foresee business continue to",16
BAJAJFIN,Bajaj Finance,NBFC,Q3FY25,Moderator,Moderator,Our final question today comes from Chintan Joshi with Autonomous.,10
BAJAJFIN,Bajaj Finance,NBFC,Q3FY25,Chintan Joshi,Analyst,"Hi. Thank you for taking my question. Can I come back on the ECL? Perhaps an academic point, but why was",21
BAJAJFIN,Bajaj Finance,NBFC,Q3FY25,Rajeev Jain,Management,"Yes. I mean I've used the word quite optimistic if you see in my investor deck as well. So, we are quite optimistic.",23
BAJAJFIN,Bajaj Finance,NBFC,Q3FY25,Chintan Joshi,Analyst,Yes. I might have misunderstood you then before. And perhaps one last one on LRS since we didn't get a chance,21
BAJAJFIN,Bajaj Finance,NBFC,Q3FY25,Chintan Joshi,Analyst,"The differences like -- as you compare the two LRS, you went through the exercise, what did you think was more",21
BAJAJFIN,Bajaj Finance,NBFC,Q3FY25,Rajeev Jain,Management,"So, all LRS in general or any management strategy is on a continuum, okay. It's on a continuum. At a design level,",22
BAJAJFIN,Bajaj Finance,NBFC,Q3FY25,Chintan Joshi,Analyst,"There is plenty to unpick there, but we don't have the time.",12
BAJAJFIN,Bajaj Finance,NBFC,Q3FY25,Moderator,Moderator,"Those are all the questions we have time for today. And so, I'll hand the call back to Mr. Subramanian Iyer for",22
BAJAJFIN,Bajaj Finance,NBFC,Q3FY25,Subramanian Iyer,Moderator,"Thank you, Rajeev. Thank you, Sandeep. Any closing remarks from your side?",12
BAJAJFIN,Bajaj Finance,NBFC,Q3FY25,Rajeev Jain,Management,"No. Thank you. I would just say focus on core operating performance remains strong, and we are quite excited",19
BAJAJFIN,Bajaj Finance,NBFC,Q3FY25,Moderator,Moderator,"Thank you. On behalf of Morgan Stanley, that concludes this conference call. Thank you for joining us, and you",19
BAJAJFIN,Bajaj Finance,NBFC,Q4FY25,Moderator,Moderator,"Ladies and gentlemen, good day, and welcome to Bajaj Finance Limited Q4 FY'26",13
BAJAJFIN,Bajaj Finance,NBFC,Q4FY25,Ajit Kumar,Analyst,"Thank you, Neerav. Good evening, everyone. This is Ajit Kumar from JM Financial.",13
BAJAJFIN,Bajaj Finance,NBFC,Q4FY25,Rajeev Jain,Management,"Thank you, Ajit. Thank you, JM. Good evening or good morning, depending on the",14
BAJAJFIN,Bajaj Finance,NBFC,Q4FY25,"We are happy to take questions with management.
Moderator",Moderator,Thank you very much. We will now begin with the question and answer session. The,15
BAJAJFIN,Bajaj Finance,NBFC,Q4FY25,Abhishek Murarka,Analyst,"Hi, Rajeev, hi Sandeep. Thanks for taking my question. So just to get this whole",15
BAJAJFIN,Bajaj Finance,NBFC,Q4FY25,Abhishek Murarka,Analyst,"Yes, so there, your number is gross loan provisions of INR 2,126 crores and then",15
BAJAJFIN,Bajaj Finance,NBFC,Q4FY25,Abhishek Murarka,Analyst,"And just the annual number, INR 7,934 that works out to 175. So on an annual basis,",17
BAJAJFIN,Bajaj Finance,NBFC,Q4FY25,Abhishek Murarka,Analyst,"Perfect. Okay. So now in this 145 to 160, as you said this takes into account the de-",18
BAJAJFIN,Bajaj Finance,NBFC,Q4FY25,Abhishek Murarka,Analyst,"If anything comes up second half or something, then this may go up depending on",15
BAJAJFIN,Bajaj Finance,NBFC,Q4FY25,Rajeev Jain,Management,I would just say the more important point or a meta point in this is we are entering,18
BAJAJFIN,Bajaj Finance,NBFC,Q4FY25,Sandeep Jain,Management,So I think what Rajeev is trying to say is some level of conservatism in terms of,17
BAJAJFIN,Bajaj Finance,NBFC,Q4FY25,"We have to wait and see how situation evolves eventually.
Rajeev Jain",Management,"No, I'm also making a point that we have tailwinds on credit cost. We don't have",16
BAJAJFIN,Bajaj Finance,NBFC,Q4FY25,Moderator,Moderator,"Thank you. Abhishek, I will request you to come back for a follow-up question. Next",15
BAJAJFIN,Bajaj Finance,NBFC,Q4FY25,Shreya Shivani,Analyst,Yes. Thank you for the opportunity. My question is on the long-term guidance of,14
BAJAJFIN,Bajaj Finance,NBFC,Q4FY25,Shreya Shivani,Analyst,"So for FY27 also, as per my math, you will need a NIM expansion also or at least a",19
BAJAJFIN,Bajaj Finance,NBFC,Q4FY25,Rajeev Jain,Management,"Yes. Okay. Got it. See, the answer is to the second part is, no. See, look, if you go",19
BAJAJFIN,Bajaj Finance,NBFC,Q4FY25,Sandeep Jain,Management,"Yes. And just to help you with the math on 4.6%, the guidance metric for the next",17
BAJAJFIN,Bajaj Finance,NBFC,Q4FY25,Moderator,Moderator,Thank you very much. Next question is from the line of Kunal Shah from Citigroup.,15
BAJAJFIN,Bajaj Finance,NBFC,Q4FY25,Kunal Shah,Analyst,"Yes. So on the growth guidance, 22% to 24% apart from SME, which is almost",15
BAJAJFIN,Bajaj Finance,NBFC,Q4FY25,Sandeep Jain,Management,"Yes. So Kunal, the idea would be to maintain the portfolio mix. I think that's very,",16
BAJAJFIN,Bajaj Finance,NBFC,Q4FY25,Rajeev Jain,Management,"Just the last point I'll make, Kunal, if you plot Panel 63 of composition of our",16
BAJAJFIN,Bajaj Finance,NBFC,Q4FY25,Moderator,Moderator,Thank you. Next question is from the line of Piran Engineer from CLSA. Please go,15
BAJAJFIN,Bajaj Finance,NBFC,Q4FY25,Piran Engineer,Analyst,"Yes, hi, team. Congrats on the really strong set of numbers. I'll try to squeeze in two",17
BAJAJFIN,Bajaj Finance,NBFC,Q4FY25,Rajeev Jain,Management,"Yes. So Piran, if you recall, in Q3, I made a point that I'm not necessarily a very big",19
BAJAJFIN,Bajaj Finance,NBFC,Q4FY25,Rajeev Jain,Management,"For new businesses, it's a metric that we drive. So let's say, if you take 2-wheeler",16
BAJAJFIN,Bajaj Finance,NBFC,Q4FY25,Moderator,Moderator,Next question is from the line of Kuntal Shah from Oaklane Capital.,12
BAJAJFIN,Bajaj Finance,NBFC,Q4FY25,Kuntal Shah,Analyst,I have 2 questions. One is what kind of capex or investment we are going into AI,17
BAJAJFIN,Bajaj Finance,NBFC,Q4FY25,Rajeev Jain,Management,"Kuntal, yes, so benefits, as I said, consumers and employees both should",12
BAJAJFIN,Bajaj Finance,NBFC,Q4FY25,Rajeev Jain,Management,"We don't. Otherwise, it will become a new added metric. And we anyway publish",14
BAJAJFIN,Bajaj Finance,NBFC,Q4FY25,Anurag Chottani,Analyst,"Yes Kuntal, Rajeev covered a lot of use cases. I must also say, we are parallelly",16
BAJAJFIN,Bajaj Finance,NBFC,Q4FY25,Rajeev Jain,Management,"You will experience, Kuntal, as consumers, on the app very soon, AI summaries will",14
BAJAJFIN,Bajaj Finance,NBFC,Q4FY25,"We are in the process of implementing.
Anurag Chottani",Analyst,"And just as an added point. Last year, we processed -- on peak of Diwali on a single",18
BAJAJFIN,Bajaj Finance,NBFC,Q4FY25,Moderator,Moderator,Next question is from the line of Viral Shah from IIFL Capital.,12
BAJAJFIN,Bajaj Finance,NBFC,Q4FY25,Viral Shah,Analyst,I have 2 questions more connected to each other. So first thing is when I look at,17
BAJAJFIN,Bajaj Finance,NBFC,Q4FY25,Sandeep Jain,Management,So I think your assessment is correct versus 165 to 175 that Rajeev -- that becomes,16
BAJAJFIN,Bajaj Finance,NBFC,Q4FY25,Moderator,Moderator,Next question is from the line of Shubhranshu Mishra from PhillipCapital.,11
BAJAJFIN,Bajaj Finance,NBFC,Q4FY25,Shubhranshu Mishra,Analyst,"Two or three questions. The first one is, how do we split the opex into cost of",17
BAJAJFIN,Bajaj Finance,NBFC,Q4FY25,Rajeev Jain,Management,"Shubhranshu, I need AI for all the 3 questions. They're all 3 different. But on a",16
BAJAJFIN,Bajaj Finance,NBFC,Q4FY25,Sandeep Jain,Management,"Yes. So on the opex side, I think the results sheet carries additional breakups in",15
BAJAJFIN,Bajaj Finance,NBFC,Q4FY25,Rajeev Jain,Management,"But we have tailwinds. I made the point earlier. I would just make a point,",15
BAJAJFIN,Bajaj Finance,NBFC,Q4FY25,Moderator,Moderator,Next question is from the line of Omkar from Shree Investments.,11
BAJAJFIN,Bajaj Finance,NBFC,Q4FY25,Omkar,Analyst,"So in the Investor meet, which you do every year, you have guided that it's not",16
BAJAJFIN,Bajaj Finance,NBFC,Q4FY25,Sandeep Jain,Management,I think the long-term guidance that we give at this point in time is between 22%,16
BAJAJFIN,Bajaj Finance,NBFC,Q4FY25,Rajeev Jain,Management,"I'll just make a point that, look, for INR100,000 crore addition in balance sheet, the",15
BAJAJFIN,Bajaj Finance,NBFC,Q4FY25,Moderator,Moderator,Next question is from the line of Bharat Shah from BCS Capital Ideas.,13
BAJAJFIN,Bajaj Finance,NBFC,Q4FY25,Bharat Shah,Analyst,Delighted to see the good results. I just had one broad question. If we see the,16
BAJAJFIN,Bajaj Finance,NBFC,Q4FY25,Rajeev Jain,Management,"Okay, your observation is correct. I think first point. Point number two, I think pre-",15
BAJAJFIN,Bajaj Finance,NBFC,Q4FY25,Moderator,Moderator,"Thank you very much. Ladies and gentlemen, we will take that as the last question.",15
BAJAJFIN,Bajaj Finance,NBFC,Q4FY25,Ajit Kumar,Analyst,"Thank you, Rajeev, Sandeep and Bajaj Finance team. Do you want to make any",14
BAJAJFIN,Bajaj Finance,NBFC,Q4FY25,Rajeev Jain,Management,Thank you. Wish us luck. Wish the world luck. Thank you. Thank you all.,14
BAJAJFIN,Bajaj Finance,NBFC,Q4FY25,Moderator,Moderator,"Thank you very much. On behalf of JM Financial Limited, that concludes this",13
HDFC,HDFC Bank,Banking,Q1FY25,Moderator,Moderator,"Ladies and gentlemen, good day and welcome to HDFC Bank Limited Q1 FY26 Earnings",14
HDFC,HDFC Bank,Banking,Q1FY25,"Vaidyanathan.
Srinivasan Vaidyanathan",Management,"Thank you, thank you Neerav. Good evening and welcome to all the participants today. We have",16
HDFC,HDFC Bank,Banking,Q1FY25,Sashidhar Jagdishan,Management,Thank you Srini and thank you all in the call to join us on a Saturday evening. Let me just start off,22
HDFC,HDFC Bank,Banking,Q1FY25,Srinivasan Vaidyanathan,Management,"Thank you, Sashi. We go straight to Q&A; we can open it up and proceed. Neerav, please open",18
HDFC,HDFC Bank,Banking,Q1FY25,Moderator,Moderator,Thank you very much. We will now begin with the question and answer session. The first question,17
HDFC,HDFC Bank,Banking,Q1FY25,Mahrukh Adajania,Analyst,"Hi, good evening. So I had a couple of questions. Firstly, on your margins. So just wanted to recap",19
HDFC,HDFC Bank,Banking,Q1FY25,Srinivasan Vaidyanathan,Management,"Okay. Thank you. Thank you, Mahrukh. Good evening. Let's talk about the margin. And you asked",16
HDFC,HDFC Bank,Banking,Q1FY25,Sashidhar Jagdishan,Management,So we are seeing some amount of healthy demand from the rural side. I think the segment which,18
HDFC,HDFC Bank,Banking,Q1FY25,Moderator,Moderator,Next question is from Rikin Shah from IIFL Capital. Please go ahead.,12
HDFC,HDFC Bank,Banking,Q1FY25,Rikin Shah,Analyst,"Just had a couple of questions. The first one, notice that the CRB loan classification has been",17
HDFC,HDFC Bank,Banking,Q1FY25,Srinivasan Vaidyanathan,Management,"Okay. Yes. A few things. One, on the rejig of the portfolio, you'll see it on Page 11. You'll see that",21
HDFC,HDFC Bank,Banking,Q1FY25,Rikin Shah,Analyst,Sure. But has the business allocation to different heads also been rejigged along with this? If you,17
HDFC,HDFC Bank,Banking,Q1FY25,Bhavin Lakhpatwala,Management,"Rikin, the respective product heads, like for example, the SLI head is continuing to be the same",17
HDFC,HDFC Bank,Banking,Q1FY25,Srinivasan Vaidyanathan,Management,"How you do a settlement? If you do a settlement, one-time settlement, it's now part of the NPA.",18
HDFC,HDFC Bank,Banking,Q1FY25,Rikin Shah,Analyst,"Got it. Lastly, on the credit cost. It moved up slightly. How does that behave in the next 12 to 24",21
HDFC,HDFC Bank,Banking,Q1FY25,Srinivasan Vaidyanathan,Management,"Credit costs, normally, in the June and December quarters are slightly elevated, because of the agri",16
HDFC,HDFC Bank,Banking,Q1FY25,Moderator,Moderator,Next question is from the line of Pranav from Bernstein.,10
HDFC,HDFC Bank,Banking,Q1FY25,Pranav,Management,Two questions. One on the CASA deposit. The bank hasn't really gained CASA market share or,16
HDFC,HDFC Bank,Banking,Q1FY25,Sashidhar Jagdishan,Management,"Pranav, let me answer this and then Srini can sort of complement what I'm trying to tell. So, number",19
HDFC,HDFC Bank,Banking,Q1FY25,Sashidhar Jagdishan,Management,"HDB, we have maintained this. I think the segment that they cater to is about a notch or two below",20
HDFC,HDFC Bank,Banking,Q1FY25,Srinivasan Vaidyanathan,Management,"One other aspect of what you had asked also, Pranav, if I venture to say, in our customer base,",19
HDFC,HDFC Bank,Banking,Q1FY25,Pranav,Management,Thanks. Very clear on the HDB one. Just a quick follow-up on the CASA one. I was more,18
HDFC,HDFC Bank,Banking,Q1FY25,Sashidhar Jagdishan,Management,"No, I don't think, Pranav, if I have understood you right, are you saying that the slowdown in",18
HDFC,HDFC Bank,Banking,Q1FY25,Sashidhar Jagdishan,Management,"Not really. You see, the thing is, corporate contributes to just a very smaller segment or proportion",17
HDFC,HDFC Bank,Banking,Q1FY25,Moderator,Moderator,Thank you. Next question is from the line of Kunal Shah from Citigroup. Please go ahead. Kunal,17
HDFC,HDFC Bank,Banking,Q1FY25,Kunal Shah,Analyst,Yes. Hi. Thanks for taking the question. So in annual report also you have indicated that you have,18
HDFC,HDFC Bank,Banking,Q1FY25,Sashidhar Jagdishan,Management,"No. See, on the employee front, while I think Srini and the team will give you greater colour. But",19
HDFC,HDFC Bank,Banking,Q1FY25,Srinivasan Vaidyanathan,Management,"A lot of the people, we have added in the sales force. That is part of the approach, both asset sales",21
HDFC,HDFC Bank,Banking,Q1FY25,Sashidhar Jagdishan,Management,"Yes. That is, as I said, that is the thing. I mean, see, the thing is I am not sort of here to say that I",26
HDFC,HDFC Bank,Banking,Q1FY25,Srinivasan Vaidyanathan,Management,"I think you answered the segment of growth, if any specific segment.",12
HDFC,HDFC Bank,Banking,Q1FY25,Sashidhar Jagdishan,Management,"That I have just mentioned a few questions ago, Kunal. I mentioned about the fact that where we",18
HDFC,HDFC Bank,Banking,Q1FY25,Srinivasan Vaidyanathan,Management,"Even in this quarter, we did see approximately 1,000 people migration from back office to front",16
HDFC,HDFC Bank,Banking,Q1FY25,Kunal Shah,Analyst,"Okay, got it. And lastly, with respect to margins, so maybe what would be the average duration of",18
HDFC,HDFC Bank,Banking,Q1FY25,Srinivasan Vaidyanathan,Management,"I'll start on the deposits. See, we have a significant portion of deposits, which are call it 12 to 18",20
HDFC,HDFC Bank,Banking,Q1FY25,Moderator,Moderator,Next question is from the line of Rahul Jain from Goldman Sachs. Please go ahead.,15
HDFC,HDFC Bank,Banking,Q1FY25,Rahul Jain,Analyst,"Yes, thank you and good evening, everyone. This first question is on the loan growth. So, can you",18
HDFC,HDFC Bank,Banking,Q1FY25,Srinivasan Vaidyanathan,Management,"Yes. See, the disbursal growth in mortgages, if you see, is consciously down. The reason being",16
HDFC,HDFC Bank,Banking,Q1FY25,Rahul Jain,Analyst,"Thanks Srini. And so it's fair to assume that by the time we get into the second and third quarter,",20
HDFC,HDFC Bank,Banking,Q1FY25,Srinivasan Vaidyanathan,Management,"See, fee income this quarter has been subdued due to the third-party distribution fees. That's where",16
HDFC,HDFC Bank,Banking,Q1FY25,"And again we believe it is timing through the year that this quarter industry-wide we did not see
much of that third-party distribution fees coming through or distribution sales coming through
there by the fees. But the overall outlook for the full year in terms of the distribution remains quite
optimistic and quite strong.
Rahul Jain",Analyst,So disbursal growth and loan growth in second and third quarter should start getting similar. Is,16
HDFC,HDFC Bank,Banking,Q1FY25,Srinivasan Vaidyanathan,Management,"No, I don't want to give one particular outlook, but then certainly it depends. I think Sashi alluded",18
HDFC,HDFC Bank,Banking,Q1FY25,Rahul Jain,Analyst,All right. Just one last question and more a directional question on cost-to-income except actually,15
HDFC,HDFC Bank,Banking,Q1FY25,Srinivasan Vaidyanathan,Management,"Cost-to-income is always a priority, even at the rate of growth that we aspire to do. We are at a",20
HDFC,HDFC Bank,Banking,Q1FY25,Moderator,Moderator,Thank you. Next question is from Abhishek Murarka from HSBC. Please go ahead.,13
HDFC,HDFC Bank,Banking,Q1FY25,Abhishek Murarka,Analyst,"Hi, good evening and thanks for taking my question. Sashi, you said that there's a bit of a breather",19
HDFC,HDFC Bank,Banking,Q1FY25,Srinivasan Vaidyanathan,Management,"See, I'm going to take that, Abhishek, from a CD ratio. We are at 95, 96. Last quarter was 96. We",21
HDFC,HDFC Bank,Banking,Q1FY25,Abhishek Murarka,Analyst,"Yes, Srini, the thought was that actually with now a little bit of leeway, if you target something a",19
HDFC,HDFC Bank,Banking,Q1FY25,Sashidhar Jagdishan,Management,"Yes, theoretically, I agree with you, Abhishek. But as I said, it will have a certain amount of",18
HDFC,HDFC Bank,Banking,Q1FY25,Abhishek Murarka,Analyst,"Sure, that sounds good, Sashi. And the second question is on this contingent provision of INR1,700",16
HDFC,HDFC Bank,Banking,Q1FY25,Srinivasan Vaidyanathan,Management,"Abhishek, we should look at what is contingent provision. As the name suggests, it is contingent",16
HDFC,HDFC Bank,Banking,Q1FY25,Abhishek Murarka,Analyst,"Perfect. And finally, can you give some colour on asset quality and outlook on asset quality in PL,",18
HDFC,HDFC Bank,Banking,Q1FY25,Sashidhar Jagdishan,Management,"While Srini may probably give some numbers, if at all he does, but I can tell you that that continues",20
HDFC,HDFC Bank,Banking,Q1FY25,"I think this is something that we are proud of.
Srinivasan Vaidyanathan",Management,"On the particular number, if you look at the NPA on the retail segment excluding agri, it’s at about",19
HDFC,HDFC Bank,Banking,Q1FY25,Abhishek Murarka,Analyst,Right. So essentially you’re saying there’s no real stress and it’s stable. The asset quality there is,17
HDFC,HDFC Bank,Banking,Q1FY25,Abhishek Murarka,Analyst,"Yes, perfect. Thank you so much. Thanks and all the best.",11
HDFC,HDFC Bank,Banking,Q1FY25,Moderator,Moderator,Thank you. Next question is from line of Chintan from Autonomous. Please go ahead.,14
HDFC,HDFC Bank,Banking,Q1FY25,Chintan,Analyst,"Can I ask you a couple of detailed questions from your 20F? The first one is last quarter, you had",20
HDFC,HDFC Bank,Banking,Q1FY25,Bhavin Lakhpatwala,Management,"Chintan, that 20F is a consolidation of all the subsidiaries. If you look at any numbers there and",18
HDFC,HDFC Bank,Banking,Q1FY25,Chintan,Analyst,Can you cover on non-e-limited borrowings? Any opportunities there to do any liability,13
HDFC,HDFC Bank,Banking,Q1FY25,Bhavin Lakhpatwala,Management,"If you see the borrowings that we do give a breakup, we constantly have something which comes",17
HDFC,HDFC Bank,Banking,Q1FY25,Sashidhar Jagdishan,Management,"Little two bits on this one, Chintan. Even if there are opportunities, you have to take a fair value",19
HDFC,HDFC Bank,Banking,Q1FY25,Srinivasan Vaidyanathan,Management,"On the PSL, you touched upon the PSL. Yes, right, PSL is an active management book in terms",18
HDFC,HDFC Bank,Banking,Q1FY25,Sashidhar Jagdishan,Management,"Even as we speak, I think, we are reasonably Comfortable at an overall private sector portfolio",16
HDFC,HDFC Bank,Banking,Q1FY25,Srinivasan Vaidyanathan,Management,The the only thing we always look for to get is the small and marginal farmer and the micro,19
HDFC,HDFC Bank,Banking,Q1FY25,Chintan,Analyst,"Yes. Okay. And can I slip in one more? Will 2Q be the trough of NIMS for the bank, given that a",22
HDFC,HDFC Bank,Banking,Q1FY25,Bhavin Lakhpatwala,Management,It will depend on if there is another rate cut coming or not during the year.,16
HDFC,HDFC Bank,Banking,Q1FY25,Chintan,Analyst,Yes. Assuming no more rate cuts. Assuming no more rate cuts.,11
HDFC,HDFC Bank,Banking,Q1FY25,Bhavin Lakhpatwala,Management,"Then you should expect that to happen subject to repricing on the liability side, which should come",17
HDFC,HDFC Bank,Banking,Q1FY25,Srinivasan Vaidyanathan,Management,"The deposit costs are managed deposit costs, and the deposit costs do not reflect yet fully pricing",17
HDFC,HDFC Bank,Banking,Q1FY25,Sashidhar Jagdishan,Management,"Having said that, I sort of mentioned in the past, liabilities are more fixed in nature. So even",18
HDFC,HDFC Bank,Banking,Q1FY25,Srinivasan Vaidyanathan,Management,"I would urge to look at these things only annually, not quarterly.",12
HDFC,HDFC Bank,Banking,Q1FY25,Sashidhar Jagdishan,Management,"Absolutely. Which is what you have been mentioning, even in your last earnings call.",14
HDFC,HDFC Bank,Banking,Q1FY25,Moderator,Moderator,Next question is from the line of Piran Engineer from CLSA India.,12
HDFC,HDFC Bank,Banking,Q1FY25,Piran Engineer,Analyst,"Yes. Hi, team. Congrats on the strong results. Most of my questions are answered, just a couple of",18
HDFC,HDFC Bank,Banking,Q1FY25,Srinivasan Vaidyanathan,Management,"Look, again, it's a question of the overall credit cost in the industry or at the bank remains pretty",19
HDFC,HDFC Bank,Banking,Q1FY25,Piran Engineer,Analyst,"But there's nothing on the horizon, at least in the foreseeable future that we see?",15
HDFC,HDFC Bank,Banking,Q1FY25,Piran Engineer,Analyst,"Okay. Okay. That's good. And just secondly, in terms of fixed rate lending products, like car loans,",17
HDFC,HDFC Bank,Banking,Q1FY25,Bhavin Lakhpatwala,Management,"It'll be difficult to gauge that, right? Because there's a large segment there and different players",16
HDFC,HDFC Bank,Banking,Q1FY25,Piran Engineer,Analyst,Okay. Okay. Fair enough. That's it from my end. Thank you and wish you all the best.,17
HDFC,HDFC Bank,Banking,Q1FY25,Moderator,Moderator,"Thank you very much. Participants, we have come to an end of time allotted for the call. I would",19
HDFC,HDFC Bank,Banking,Q1FY25,Srinivasan Vaidyanathan,Management,"Okay. Thank you all for participating today. If you have any more questions, queries, comments",15
HDFC,HDFC Bank,Banking,Q1FY25,Moderator,Moderator,"Thank you very much. On behalf of HDFC Bank Limited, that concludes this conference. Thank",15
HDFC,HDFC Bank,Banking,Q2FY25,Moderator,Moderator,"Ladies and Gentlemen, Good Day and welcome to HDFC Bank Limited Q2 FY'26 Earnings",14
HDFC,HDFC Bank,Banking,Q2FY25,Srinivasan Vaidyanathan,Management,"Thank you, Nirav. Good evening, and welcome to all the participants on a very busy day.",16
HDFC,HDFC Bank,Banking,Q2FY25,Sashidhar Jagdishan,Management,"Good evening, friends. First, let me wish all of you Shubha Dhanteras and Shubha Deepavali.",15
HDFC,HDFC Bank,Banking,Q2FY25,Moderator,Moderator,We will now begin with the question-and-answer session. The first question is from the line of,16
HDFC,HDFC Bank,Banking,Q2FY25,"Mahrukh Adajania from Nuvama Wealth. Please go ahead.
Mahrukh Adajania",Analyst,"Hi, I had a few questions. My first question is on the recoveries in the NPL movement, they look",19
HDFC,HDFC Bank,Banking,Q2FY25,Srinivasan Vaidyanathan,Management,": Yes. The recoveries, I have a one-off there, where there was an NPA, which performed satisfactorily",17
HDFC,HDFC Bank,Banking,Q2FY25,Srinivasan Vaidyanathan,Management,"10 basis points. 1.4% was the prior quarter NPA, we ended up at 1.24%, about 10 basis points was",19
HDFC,HDFC Bank,Banking,Q2FY25,Mahrukh Adajania,Analyst,"All right. Got it. Makes sense. And then in terms of margins, you had been guiding that the exit",19
HDFC,HDFC Bank,Banking,Q2FY25,Srinivasan Vaidyanathan,Management,"Okay. So, let me take that. See, there are two things, Mahrukh. If you look at the yield on assets,",20
HDFC,HDFC Bank,Banking,Q2FY25,Mahrukh Adajania,Analyst,Okay. And how do you view the deposit growth? This time loan growth was very good. And while,18
HDFC,HDFC Bank,Banking,Q2FY25,Srinivasan Vaidyanathan,Management,"Okay. Good question. Thank you for asking that. See, our LDR, we started the year at about 96 and",19
HDFC,HDFC Bank,Banking,Q2FY25,Moderator,Moderator,Next question is from the line of Chintan from Autonomous.,10
HDFC,HDFC Bank,Banking,Q2FY25,Chintan,Analyst,Thank you. Happy Diwali to all. Can I start with capital? The recent draft proposal seem to suggest,18
HDFC,HDFC Bank,Banking,Q2FY25,Sashidhar Jagdishan,Management,Let me come in out here. It is obvious you are seeing this kind of a buildup of the capital ratios in the,23
HDFC,HDFC Bank,Banking,Q2FY25,Chintan,Analyst,Yes. I mean the only thing I would say to that is I don’t think you are in a place where you consume,23
HDFC,HDFC Bank,Banking,Q2FY25,Srinivasan Vaidyanathan,Management,"You are right. Even in this quarter if you look at it, our capital generated is 60 basis points and the",21
HDFC,HDFC Bank,Banking,Q2FY25,Sashidhar Jagdishan,Management,"Having said that, if there are any opportunities that may arise in terms of other options that are",18
HDFC,HDFC Bank,Banking,Q2FY25,Chintan,Analyst,"Yes. And my second question was on margins. LDR seems to have benefited this quarter, but when",17
HDFC,HDFC Bank,Banking,Q2FY25,Srinivasan Vaidyanathan,Management,Yes. Our cost of funds moved down by about 18 - 19 basis points or so in this quarter. Deposit cost,21
HDFC,HDFC Bank,Banking,Q2FY25,Sashidhar Jagdishan,Management,"Yes, that is right. Chintan, it is also about duration. Because we need stability in our balance sheet,",18
HDFC,HDFC Bank,Banking,Q2FY25,Chintan,Analyst,"Okay. And a quick data question. Borrowings from erstwhile limited, how much is left on your books",17
HDFC,HDFC Bank,Banking,Q2FY25,Srinivasan Vaidyanathan,Management,"Yes, annual report reflects the maturity profile of this over the next few years.",14
HDFC,HDFC Bank,Banking,Q2FY25,Moderator,Moderator,Next question is from the line of Kunal Shah from Citi Group. Please go ahead.,15
HDFC,HDFC Bank,Banking,Q2FY25,Kunal Shah,Analyst,"Hi. So, the first question is particularly with respect to deposit market share. So, obviously, we would",17
HDFC,HDFC Bank,Banking,Q2FY25,Srinivasan Vaidyanathan,Management,"On the deposits, the market share is an outcome, and our approach is as granular as possible and as",19
HDFC,HDFC Bank,Banking,Q2FY25,Sashidhar Jagdishan,Management,"Kunal, when I did my opening remarks, I did mention that there was an element of disciplined pricing",18
HDFC,HDFC Bank,Banking,Q2FY25,Kunal Shah,Analyst,"Got it. And this increase in contingency provisions, so you indicated that on the recoveries, there was",17
HDFC,HDFC Bank,Banking,Q2FY25,Srinivasan Vaidyanathan,Management,"Yes, that is exactly, there is an opportunity space. Contingent provision as the name suggests, it is",17
HDFC,HDFC Bank,Banking,Q2FY25,Kunal Shah,Analyst,"Sure. And lastly, on fee income side, the sequential uptick is more volume related or is there any",18
HDFC,HDFC Bank,Banking,Q2FY25,Srinivasan Vaidyanathan,Management,"No. The fee element, if you look at it, the fee has grown by about 9% or thereabouts. In fact, the",21
HDFC,HDFC Bank,Banking,Q2FY25,Kunal Shah,Analyst,Okay. Got it. Some element of wholesale would be there because that proportion is going.,15
HDFC,HDFC Bank,Banking,Q2FY25,Sashidhar Jagdishan,Management,"No, not wholesale. Kunal, the fact of the matter is you started to see the asset buildup happening, the",19
HDFC,HDFC Bank,Banking,Q2FY25,Kunal Shah,Analyst,Okay. Thank you and wish you all a very best happy diwali.,12
HDFC,HDFC Bank,Banking,Q2FY25,Moderator,Moderator,Next question is from the line of Anand Swaminathan from BofA. Please go ahead.,14
HDFC,HDFC Bank,Banking,Q2FY25,Anand Swaminathan,Analyst,"I have a couple of questions. One, we have just crossed the two-year mark post-merger as well. If we",19
HDFC,HDFC Bank,Banking,Q2FY25,Sashidhar Jagdishan,Management,"So, let me try and attempt this and maybe later on, Kaizad or Srini can just jump in. Number one is,",21
HDFC,HDFC Bank,Banking,Q2FY25,Kaizad Bharucha,Analyst,"So, thank you, Sashi. Without going through all the pointers that Sashi mentioned, I think one of the",18
HDFC,HDFC Bank,Banking,Q2FY25,Srinivasan Vaidyanathan,Management,"I will add to Kaizad, so that this number we can keep talking and tracking - credit cards for when a",21
HDFC,HDFC Bank,Banking,Q2FY25,Sashidhar Jagdishan,Management,And the end result in terms of the balance buildup in such accounts are far higher than the normal,19
HDFC,HDFC Bank,Banking,Q2FY25,Anand Swaminathan,Analyst,Any comments on the ROA trajectory? Our intention always was to go back to the upper end of that,19
HDFC,HDFC Bank,Banking,Q2FY25,Srinivasan Vaidyanathan,Management,"Yes. Anand, those opportunity space on the ROA, yes, we are between 1.8% to 1.85% to 1.95%.",17
HDFC,HDFC Bank,Banking,Q2FY25,Moderator,Moderator,Next question is from the line of Rikin Shah from IIFL Capital.,12
HDFC,HDFC Bank,Banking,Q2FY25,Rikin Shah,Analyst,Good evening and thank you for the opportunity. Two questions. First one is on cost of fund,17
HDFC,HDFC Bank,Banking,Q2FY25,Rikin Shah,Analyst,"Yes. So, I was asking on the cost of fund trajectory in this quarter for us relative to the peers. It has",22
HDFC,HDFC Bank,Banking,Q2FY25,Srinivasan Vaidyanathan,Management,"Yes. Rikin, the first thing is in terms of the cost of funds, every balance sheet has got a structure, a",21
HDFC,HDFC Bank,Banking,Q2FY25,Rikin Shah,Analyst,Okay. Thank you so much and happy diwali to the entire team.,12
HDFC,HDFC Bank,Banking,Q2FY25,Moderator,Moderator,Next question is from the line of Abhishek Murarka from HSBC.,11
HDFC,HDFC Bank,Banking,Q2FY25,Abhishek Murarka,Analyst,"So, I have a couple of questions on some of the individual loan segments. First is on personal loans.",19
HDFC,HDFC Bank,Banking,Q2FY25,Kaizad Bharucha,Analyst,"Okay. So, your first question is being on the unsecured book. We have always had an approach where",18
HDFC,HDFC Bank,Banking,Q2FY25,Abhishek Murarka,Analyst,Yes. I just had a very quick follow-up here. Is the pragmatism on pricing returning? Or is it just still,20
HDFC,HDFC Bank,Banking,Q2FY25,Kaizad Bharucha,Analyst,"It is coming back to some levels of sanity, but I would think it is yet a little distance away, because",21
HDFC,HDFC Bank,Banking,Q2FY25,Abhishek Murarka,Analyst,"Yes. Is the yield here higher than your retail blended yield or at par, just the retail portfolio?",18
HDFC,HDFC Bank,Banking,Q2FY25,Srinivasan Vaidyanathan,Management,"Abhishek, so going into one particular product rate, all I will tell you is that this is incremental to the",20
HDFC,HDFC Bank,Banking,Q2FY25,Abhishek Murarka,Analyst,"Okay, yes. That helps. Alright. Thank you so much and happy diwali to the team.",15
HDFC,HDFC Bank,Banking,Q2FY25,Moderator,Moderator,Next question is from the line of Jayant from Axis Capital. Please go ahead.,14
HDFC,HDFC Bank,Banking,Q2FY25,Jayant,Analyst,Yes. My question was regarding credit cards. The cards book has not grown as much in this quarter.,18
HDFC,HDFC Bank,Banking,Q2FY25,Srinivasan Vaidyanathan,Management,"First on the card overall, first is that the card growth I alluded to, I think it is 1-1.5 million new card",22
HDFC,HDFC Bank,Banking,Q2FY25,Sashidhar Jagdishan,Management,"See, very similar to what Kaizad and Srini have mentioned, I just wanted to add that there will be",19
HDFC,HDFC Bank,Banking,Q2FY25,Jayant,Analyst,Understood. And second question was the mix of the new acquisitions. How much would be existing,16
HDFC,HDFC Bank,Banking,Q2FY25,Srinivasan Vaidyanathan,Management,"Normally, it has been between 65% to 75% or so is existing, and that has been the level at which we",21
HDFC,HDFC Bank,Banking,Q2FY25,Jayant,Analyst,Thank you. That was my question. Happy Diwali to the team.,11
HDFC,HDFC Bank,Banking,Q2FY25,Moderator,Moderator,Next question is from the line of Ravi Purohit from SIMPL.,11
HDFC,HDFC Bank,Banking,Q2FY25,Ravi Purohit,Management,"Thanks for the opportunity and happy Diwali to the entire team of HDFC Bank. So, I have two",18
HDFC,HDFC Bank,Banking,Q2FY25,Srinivasan Vaidyanathan,Management,"The first one is simple. Yes, I did mention to Mahrukh and to another person that the 10 basis points",20
HDFC,HDFC Bank,Banking,Q2FY25,Kaizad Bharucha,Analyst,"As regards to the SME part of it, I think we have seen at a ground level a fair amount of positivity",22
HDFC,HDFC Bank,Banking,Q2FY25,Ravi Purohit,Management,"And sir, in the RBI policy recently, they had mentioned about Indian banks being allowed to",16
HDFC,HDFC Bank,Banking,Q2FY25,Kaizad Bharucha,Analyst,"Yes. So, I think this certainly opens an avenue for large banks to participate, in fact, for most banks",19
HDFC,HDFC Bank,Banking,Q2FY25,Ravi Purohit,Management,Okay. Great. Thanks a lot and once again seasons greetings to everyone.,12
HDFC,HDFC Bank,Banking,Q2FY25,Moderator,Moderator,"Ladies and gentlemen, we will take that as the last question. I will now hand the conference over to",19
HDFC,HDFC Bank,Banking,Q2FY25,"Mr. Vaidyanathan for closing comments.
Srinivasan Vaidyanathan",Management,Thank you. I want to take this opportune time to wish all of you a very happy festival time with your,21
HDFC,HDFC Bank,Banking,Q2FY25,Moderator,Moderator,"Thank you very much. On behalf of HDFC Bank Limited, that concludes this conference. Thank you",16
HDFC,HDFC Bank,Banking,Q3FY25,Moderator,Moderator,"Ladies and gentlemen, good day, and welcome to HDFC Bank Limited Q3 FY '26 Earnings",15
HDFC,HDFC Bank,Banking,Q3FY25,Srinivasan Vaidyanathan,Management,"Okay. Thank you, Nirav. Good evening, and a warm welcome to all the participants. At the outset,",17
HDFC,HDFC Bank,Banking,Q3FY25,Sashidhar Jagdishan,Management,"Good evening, friends. Thank you very much for joining in on a Saturday evening. I know it's",17
HDFC,HDFC Bank,Banking,Q3FY25,Moderator,Moderator,Thank you very much. We now begin with the question-and-answer session. First question is from,15
HDFC,HDFC Bank,Banking,Q3FY25,Mahrukh Adajania,Analyst,"Sir, my first question is on the LDR. You did allude to it. But when do you think now you would",21
HDFC,HDFC Bank,Banking,Q3FY25,Srinivasan Vaidyanathan,Management,"Okay. Thank you, Mahrukh. I'll take that. The first thing you touched upon is the LDR from a",18
HDFC,HDFC Bank,Banking,Q3FY25,Mahrukh Adajania,Analyst,But did the 5 billion come this quarter only then?,10
HDFC,HDFC Bank,Banking,Q3FY25,Mahrukh Adajania,Analyst,In December. Okay. And what would be the size of the portfolio? Any such indication you could,17
HDFC,HDFC Bank,Banking,Q3FY25,Srinivasan Vaidyanathan,Management,Our agri portfolio is published. You'll be able to see the...,11
HDFC,HDFC Bank,Banking,Q3FY25,Mahrukh Adajania,Analyst,"No, the size of the portfolio on which the provision was taken.",12
HDFC,HDFC Bank,Banking,Q3FY25,Srinivasan Vaidyanathan,Management,"No, that's not consequent to this at all because it depends on loan item and what is the scale of",20
HDFC,HDFC Bank,Banking,Q3FY25,Moderator,Moderator,Next question is from the line of Kunal Shah from Citigroup.,11
HDFC,HDFC Bank,Banking,Q3FY25,Kunal Shah,Analyst,"Yes. So again, getting on to the question on LDR and deposit growth in particular. So if we want",19
HDFC,HDFC Bank,Banking,Q3FY25,Sashidhar Jagdishan,Management,"See, let me take this and maybe Srini and Kaizad can add into this if required. Kunal, if you recall,",20
HDFC,HDFC Bank,Banking,Q3FY25,Kunal Shah,Analyst,"Sure. And anything on bulk deposits rundown, quantification, if possible?",10
HDFC,HDFC Bank,Banking,Q3FY25,Srinivasan Vaidyanathan,Management,"Like more than quantification. I mean, Kunal, that's part of the business. There are certain segments",16
HDFC,HDFC Bank,Banking,Q3FY25,Sashidhar Jagdishan,Management,"So you're right, Kunal. Just to supplement what Srini is saying. The good part is retail has grown",18
HDFC,HDFC Bank,Banking,Q3FY25,Kunal Shah,Analyst,"Got it. And one last question on labor code. So the impact of almost 8-odd billion, looking at our",19
HDFC,HDFC Bank,Banking,Q3FY25,Srinivasan Vaidyanathan,Management,"Good point. Thanks for raising that. One, it is an estimate given whatever information that we",16
HDFC,HDFC Bank,Banking,Q3FY25,Moderator,Moderator,Thank you very much. Next question is from the line of Chintan from Autonomous. Please go,16
HDFC,HDFC Bank,Banking,Q3FY25,Chintan,Analyst,"Hi, good evening. May I get into the LDR again, please? So Sashi, please did I hear you correctly",19
HDFC,HDFC Bank,Banking,Q3FY25,Sashidhar Jagdishan,Management,"Chintan, thanks for asking. I've given you a broad range because I don't want to box myself with",18
HDFC,HDFC Bank,Banking,Q3FY25,Chintan,Analyst,"Appreciate that. I mean if you're trading off EPS growth for slightly slower ROA improvement,",15
HDFC,HDFC Bank,Banking,Q3FY25,Kaizad Bharucha,Analyst,"So if I got the question right, you want to know the trend for asset quality and how it is looking.",21
HDFC,HDFC Bank,Banking,Q3FY25,Srinivasan Vaidyanathan,Management,"Perfectly good. There will be seasonality in agri segment. Outside of that, every segment, including",15
HDFC,HDFC Bank,Banking,Q3FY25,Chintan,Analyst,"Yes. Thank you. And just on growth momentum, are you seeing things improve generally in the",16
HDFC,HDFC Bank,Banking,Q3FY25,Srinivasan Vaidyanathan,Management,"In the economy, the growth momentum, yes, if you look at some of those indicators that we have",18
HDFC,HDFC Bank,Banking,Q3FY25,Moderator,Moderator,Thank you. Next question is from the line of Nitin Aggarwal from Motilal Oswal. Please go ahead.,17
HDFC,HDFC Bank,Banking,Q3FY25,Nitin Aggarwal,Analyst,"Yes, hi. Good evening and thanks a lot for the opportunity. I have a question on the branch",18
HDFC,HDFC Bank,Banking,Q3FY25,Sashidhar Jagdishan,Management,"Nitin, repeat that. Nitin, repeat that? We could not hear you?",11
HDFC,HDFC Bank,Banking,Q3FY25,Nitin Aggarwal,Analyst,"Sorry. So I was also saying that related to this, if you look at the branch expansion run rate, every",20
HDFC,HDFC Bank,Banking,Q3FY25,Srinivasan Vaidyanathan,Management,"Okay. So I'll get started with the last one first, which is to do with the branches. Nitin, you can't",20
HDFC,HDFC Bank,Banking,Q3FY25,Nitin Aggarwal,Analyst,"Right. See, the reason to ask this is also because while advances side is still in our control, we can",20
HDFC,HDFC Bank,Banking,Q3FY25,Srinivasan Vaidyanathan,Management,"See Nitin these get benchmarked by district, by our presence in those districts, that's how we",16
HDFC,HDFC Bank,Banking,Q3FY25,Nitin Aggarwal,Analyst,"Okay, Sure. Thanks, Srini. Thanks for providing that color. Wish you all the best.",14
HDFC,HDFC Bank,Banking,Q3FY25,Moderator,Moderator,Thank you. Next question is from the line of Suresh Ganapathy from Macquarie Capital. Please,15
HDFC,HDFC Bank,Banking,Q3FY25,Suresh Ganapathy,Analyst,Yes. So first question is on LCR. What would be this quarter? And how it would move post the,19
HDFC,HDFC Bank,Banking,Q3FY25,Srinivasan Vaidyanathan,Management,"No. The new guidelines, we don't expect any material change that can impact us.",14
HDFC,HDFC Bank,Banking,Q3FY25,Suresh Ganapathy,Analyst,"Okay. And just a question on margins itself. It's been almost 9 quarters since the merger, your",17
HDFC,HDFC Bank,Banking,Q3FY25,Srinivasan Vaidyanathan,Management,"Suresh, if you think about the margin, the most important lever on the margin is the cost of funds,",19
HDFC,HDFC Bank,Banking,Q3FY25,Moderator,Moderator,Thank you. Next question is from the line of Prakhar Sharma from Jefferies India. Please go ahead.,17
HDFC,HDFC Bank,Banking,Q3FY25,Prakhar Sharma,Analyst,"Thank you, everyone and congratulations on the results. Just wanted to delve on this deposit",15
HDFC,HDFC Bank,Banking,Q3FY25,Srinivasan Vaidyanathan,Management,"The second aspect of the question I didn't get, probably we will see. But as far as the rate of growth",21
HDFC,HDFC Bank,Banking,Q3FY25,Srinivasan Vaidyanathan,Management,"No, I didn't give you a number. I said it's a good double-digit, and everything else was in single",19
HDFC,HDFC Bank,Banking,Q3FY25,Prakhar Sharma,Analyst,"Okay. And is there a way to just give a context of within your total deposits, 83% is classified as",20
HDFC,HDFC Bank,Banking,Q3FY25,Srinivasan Vaidyanathan,Management,"I don't think we have published that. But yes, when we say that is a branch-driven deposits where",18
HDFC,HDFC Bank,Banking,Q3FY25,Moderator,Moderator,Next question is from the line of Abhishek Murarka from HSBC.,11
HDFC,HDFC Bank,Banking,Q3FY25,Abhishek Murarka,Analyst,"So Srini, going back to the branch addition question, and thanks for giving so much color. But just",18
HDFC,HDFC Bank,Banking,Q3FY25,Srinivasan Vaidyanathan,Management,"Yes. To answer in short, 5% to 7% implies 500 to 700 branches annual. I don't believe that, that",19
HDFC,HDFC Bank,Banking,Q3FY25,Sashidhar Jagdishan,Management,"Abhishek, just to add to what Srini is saying. If you've seen the last cohort of what he just said in",21
HDFC,HDFC Bank,Banking,Q3FY25,Abhishek Murarka,Analyst,"Sure. So Sashi, as I understand, that's a great point for making that point. So today, about 50% of",19
HDFC,HDFC Bank,Banking,Q3FY25,Sashidhar Jagdishan,Management,"Whether it's 40%, 50%, 60%, we will keep on recalibrating because there are a lot of things that",18
HDFC,HDFC Bank,Banking,Q3FY25,Abhishek Murarka,Analyst,"Sure. Thank you for that. And the second thing is on credit cost. Now if I look at your net slippages,",21
HDFC,HDFC Bank,Banking,Q3FY25,Srinivasan Vaidyanathan,Management,"Abhishek, a couple of things. One is the slippages. If you're looking at excluding agri slippages,",16
HDFC,HDFC Bank,Banking,Q3FY25,Abhishek Murarka,Analyst,"Sure, that's what I was referring to. So net of your recoveries, etcetera, it should keep coming down",18
HDFC,HDFC Bank,Banking,Q3FY25,Srinivasan Vaidyanathan,Management,"See, in a growing book, if the slippage is steady, the losses are steady, recoveries are steady. I don't",19
HDFC,HDFC Bank,Banking,Q3FY25,Abhishek Murarka,Analyst,"So 50, 55 is more or less BAU is what you're seeing?",12
HDFC,HDFC Bank,Banking,Q3FY25,Abhishek Murarka,Analyst,"No, no, no, no credit cost. Okay. I'll take this offline. Never mind. That’s probably not saying",17
HDFC,HDFC Bank,Banking,Q3FY25,Sashidhar Jagdishan,Management,"No, actually, great question, Abhishek. I think if you really look at it, the segment that we are",18
HDFC,HDFC Bank,Banking,Q3FY25,Srinivasan Vaidyanathan,Management,"I want to add one thing on the card, particularly the card revolving aspect of it, right, which is if",20
HDFC,HDFC Bank,Banking,Q3FY25,Abhishek Murarka,Analyst,Got it. Got it. Thank you so much for answering all those questions and all the best. Thank you.,19
HDFC,HDFC Bank,Banking,Q3FY25,Moderator,Moderator,Thank you very much. Next question is from the line of Jayant Kharote from Axis Capital. Please,17
HDFC,HDFC Bank,Banking,Q3FY25,Jayant Kharote,Analyst,"Thanks for the opportunity. Sir, one question is on your loan growth broad guidance of above",16
HDFC,HDFC Bank,Banking,Q3FY25,Kaizad Bharucha,Analyst,"So our understanding as of now is next year, we expect system growth to be between 12% to 13%,",19
HDFC,HDFC Bank,Banking,Q3FY25,Jayant Kharote,Analyst,"Great, sir. I think this answers you're working with the 12 to 13 range at least. Second part is, on a",21
HDFC,HDFC Bank,Banking,Q3FY25,Srinivasan Vaidyanathan,Management,"See, we are addressing competition only through relationship and not through pricing. Mortgage",13
HDFC,HDFC Bank,Banking,Q3FY25,Kaizad Bharucha,Analyst,"Having said that, Srini, absolutely in order. I think we do continue to be the largest financiers in",18
HDFC,HDFC Bank,Banking,Q3FY25,Jayant Kharote,Analyst,"And your market reading is, as of now, we are not in that situation where aggression is eroding",18
HDFC,HDFC Bank,Banking,Q3FY25,Kaizad Bharucha,Analyst,"I'm sorry, I didn't catch your question. Can you repeat it, please?",12
HDFC,HDFC Bank,Banking,Q3FY25,Jayant Kharote,Analyst,"So not for HDFC, but probably for broader system. Are you seeing that aggression in the auto",17
HDFC,HDFC Bank,Banking,Q3FY25,Kaizad Bharucha,Analyst,"Yes. We've seen it not only in auto, but also in the home loan product. So these are two products",20
HDFC,HDFC Bank,Banking,Q3FY25,Jayant Kharote,Analyst,Great. This is very helpful. Thank you and all the best.,11
HDFC,HDFC Bank,Banking,Q3FY25,Moderator,Moderator,"Thank you very much. Ladies and gentlemen, we have come to the end of the allotted time for the",19
HDFC,HDFC Bank,Banking,Q3FY25,Srinivasan Vaidyanathan,Management,"Okay. Thank you, Nirav, and thanks to all the participants for taking the time to attend. At the",18
HDFC,HDFC Bank,Banking,Q3FY25,Sashidhar Jagdishan,Management,Thank you all. Thank you very much for all the hard work.,12
HDFC,HDFC Bank,Banking,Q3FY25,Moderator,Moderator,"On behalf of HDFC Bank Limited, that concludes this conference. Thank you for joining us, and",16
HDFC,HDFC Bank,Banking,Q4FY25,Moderator,Moderator,"Ladies and gentlemen, good day, and welcome to HDFC Bank Limited Q4 and Full Year FY 2026",17
HDFC,HDFC Bank,Banking,Q4FY25,Srinivasan Vaidyanathan,Management,"Thank you, Neerav. Good evening, and warm welcome to all the participants. Today, we have with",16
HDFC,HDFC Bank,Banking,Q4FY25,Sashidhar Jagdishan,Management,"Thank you, Srini, and thank you all. Good afternoon to you, and welcome to the full year FY26",18
HDFC,HDFC Bank,Banking,Q4FY25,Srinivasan Vaidyanathan,Management,"Thank you, Sashi. Nirav, with that, we can open it up for questions, please.",14
HDFC,HDFC Bank,Banking,Q4FY25,Moderator,Moderator,Thank you very much. We will now begin with the question-and-answer session. The first question,15
HDFC,HDFC Bank,Banking,Q4FY25,Mahrukh Adajania,Analyst,"Hi. I just have a few questions. Firstly, in terms of growth next year, what would be the key drivers?",20
HDFC,HDFC Bank,Banking,Q4FY25,Kaizad Bharucha,Analyst,"So Mahrukh, Kaizad here. If I got your question as to what would be the growth drivers. First, on",19
HDFC,HDFC Bank,Banking,Q4FY25,Mahrukh Adajania,Analyst,Got it. So what kind of growth trajectory should we look at for FY27? Because I guess the earlier,19
HDFC,HDFC Bank,Banking,Q4FY25,Kaizad Bharucha,Analyst,"Yes. So Mahrukh, if you really see, our loan growth last year was 5%, and our loan growth this",19
HDFC,HDFC Bank,Banking,Q4FY25,Moderator,Moderator,Next question is from the line of Nitin Aggarwal from Motilal Oswal.,12
HDFC,HDFC Bank,Banking,Q4FY25,Nitin Aggarwal,Analyst,"So firstly, congrats on a good quarter in a very challenging environment. So my question is like 2",18
HDFC,HDFC Bank,Banking,Q4FY25,Srinivasan Vaidyanathan,Management,"Okay. Let me take that, if that's okay. See, if you look at the quarter, the INR 2.45 lakh crores of",21
HDFC,HDFC Bank,Banking,Q4FY25,Nitin Aggarwal,Analyst,"Right. And Srini, like also the other part of the question is like any color if you can share on the -",22
HDFC,HDFC Bank,Banking,Q4FY25,Srinivasan Vaidyanathan,Management,"Yes. If you look at it, the liquidity, you look at the system, what kind of funds that have been",20
HDFC,HDFC Bank,Banking,Q4FY25,Moderator,Moderator,Next question is from the line of Kunal Shah from Citigroup.,11
HDFC,HDFC Bank,Banking,Q4FY25,Kunal Shah,Analyst,"So firstly, again, touching upon on the growth side. So, we indicated like we will try to grow in",19
HDFC,HDFC Bank,Banking,Q4FY25,Sashidhar Jagdishan,Management,Okay. Let me take one by one. The first one is on the growth in the system. At least if you see,22
HDFC,HDFC Bank,Banking,Q4FY25,Sashidhar Jagdishan,Management,"So if we have mobilized INR 3.9 2.7 lakh crores for the full year, 47% is that. Now in terms of the",22
HDFC,HDFC Bank,Banking,Q4FY25,Kunal Shah,Analyst,So that gives the confidence on LCR at 114%-odd because now we are below 115%. So how would,18
HDFC,HDFC Bank,Banking,Q4FY25,Srinivasan Vaidyanathan,Management,"Kunal, in the past, we have mentioned that our endeavor for LCR is to be between 110% and",18
HDFC,HDFC Bank,Banking,Q4FY25,Moderator,Moderator,Thank you. Next question is from the line of Pranav from Bernstein. Please go ahead.,15
HDFC,HDFC Bank,Banking,Q4FY25,Pranav,Management,"Thanks for taking my questions. My first question, Srini, is more on the guidance. I think if I heard",19
HDFC,HDFC Bank,Banking,Q4FY25,Srinivasan Vaidyanathan,Management,"So let me talk about what you ascribed to the borrowings mix changing. But yes, changing of the",18
HDFC,HDFC Bank,Banking,Q4FY25,Pranav,Management,"Understood. See, if I may just ask a follow-up. My question is more on relative. So hypothetically,",17
HDFC,HDFC Bank,Banking,Q4FY25,Srinivasan Vaidyanathan,Management,"Yes. If all else remaining same, that means no other factors play in, borrowing percentage coming",16
HDFC,HDFC Bank,Banking,Q4FY25,Pranav,Management,"Okay. Got it. On the first question on the metric, I think I heard you say that you focus more on",21
HDFC,HDFC Bank,Banking,Q4FY25,Srinivasan Vaidyanathan,Management,"ROA is what we should focus on. PPOP is an intermediate, right? I mean you take higher risk and",19
HDFC,HDFC Bank,Banking,Q4FY25,Srinivasan Vaidyanathan,Management,"Yes, profit growth and returns. Top line growth and returns",10
HDFC,HDFC Bank,Banking,Q4FY25,Moderator,Moderator,"Thank you. Next question is from the line of Seshadri Sen from Emkay Global. Seshadri, can I",17
HDFC,HDFC Bank,Banking,Q4FY25,Seshadri Sen,Analyst,"Thank you for the opportunity. Two questions. One is, I was hearing Sashi with interest in terms",17
HDFC,HDFC Bank,Banking,Q4FY25,Srinivasan Vaidyanathan,Management,"Yes. Seshadri, if you look at the cost growth that we have, we have seen that at a level almost at,",21
HDFC,HDFC Bank,Banking,Q4FY25,Sashidhar Jagdishan,Management,"Which is what I mentioned, Seshadri, that if we just focus on the investments that we have made",18
HDFC,HDFC Bank,Banking,Q4FY25,Seshadri Sen,Analyst,Thanks. The second question is on retail loan growth. You've done well in terms of recovering the,17
HDFC,HDFC Bank,Banking,Q4FY25,Kaizad Bharucha,Analyst,So I think I did cover it in my opening response to Mahrukh. We have seen good traction across,19
HDFC,HDFC Bank,Banking,Q4FY25,Kaizad Bharucha,Analyst,"That wasn't the question, but I'm happy to cover it. So, another aspect just to leave on the consumer",19
HDFC,HDFC Bank,Banking,Q4FY25,Sashidhar Jagdishan,Management,"Thank you, Kaizad. That's extremely important as to what we are looking at from a mortgage book",17
HDFC,HDFC Bank,Banking,Q4FY25,Kaizad Bharucha,Analyst,We have the lowest NPA percentages as we understand in the industry on a book of our size on,19
HDFC,HDFC Bank,Banking,Q4FY25,Moderator,Moderator,Next question is from the line of Rikin Shah from IIFL Capital. Please go ahead.,15
HDFC,HDFC Bank,Banking,Q4FY25,Rikin Shah,Analyst,"So, I had three questions. The first one is on the yield on investments. So this number is down",19
HDFC,HDFC Bank,Banking,Q4FY25,"Thank you.
Srinivasan Vaidyanathan",Management,Okay. One thing that you touched upon is about the investment yield. Investment yields have been,16
HDFC,HDFC Bank,Banking,Q4FY25,Rikin Shah,Analyst,"Srini, If I can, even though the geopolitics, the 10-year G-Sec were decisively moving up, right, in",17
HDFC,HDFC Bank,Banking,Q4FY25,Srinivasan Vaidyanathan,Management,"See, Rikin, I do want you to realize that you should appreciate that there is something called",17
HDFC,HDFC Bank,Banking,Q4FY25,Rikin Shah,Analyst,"Yes, fair enough. And on the other two questions sir?",10
HDFC,HDFC Bank,Banking,Q4FY25,Srinivasan Vaidyanathan,Management,"The other one you talked about the cost of funds, I think we published the cost of funds, which is",20
HDFC,HDFC Bank,Banking,Q4FY25,Rikin Shah,Analyst,"But the residual repricing, if any, any comments on that? Or are we already at the bottom in terms",19
HDFC,HDFC Bank,Banking,Q4FY25,Srinivasan Vaidyanathan,Management,"Residual repricing, if everything else remains the same, there will be further reduction coming on",15
HDFC,HDFC Bank,Banking,Q4FY25,Rikin Shah,Analyst,"Got it, sir. And so the last question on the treasury and FX, any comments, if any, there seems to",20
HDFC,HDFC Bank,Banking,Q4FY25,Srinivasan Vaidyanathan,Management,There is some negative impact. If you see that the rate of growth on the treasury income is modest.,19
HDFC,HDFC Bank,Banking,Q4FY25,Moderator,Moderator,Next question is from the line of Abhishek Murarka from HSBC. Please go ahead.,14
HDFC,HDFC Bank,Banking,Q4FY25,Abhishek Murarka,Analyst,"Hi, good evening. Thanks for taking my question. So I had a question on the third-party distribution",17
HDFC,HDFC Bank,Banking,Q4FY25,Srinivasan Vaidyanathan,Management,"Again, I'll first take the third-party products. Yes, the third-party products revenue growth has been",15
HDFC,HDFC Bank,Banking,Q4FY25,Abhishek Murarka,Analyst,"So Srini, on the mix, so lower life sales, is it? And is that like temporary? Or is some change in",21
HDFC,HDFC Bank,Banking,Q4FY25,Srinivasan Vaidyanathan,Management,Nothing really to read into it. It's just a question of our RMs are engaged as much as they are,20
HDFC,HDFC Bank,Banking,Q4FY25,Moderator,Moderator,"Ladies and gentlemen, we will take that as the last question as we have come to the end of the time",21
HDFC,HDFC Bank,Banking,Q4FY25,Srinivasan Vaidyanathan,Management,"Thank you. Thank you all for participating today. We are closing at the appointed time, which is",17
HDFC,HDFC Bank,Banking,Q4FY25,Moderator,Moderator,"Thank you very much. On behalf of HDFC Bank Limited, that concludes this conference. Thank",15
HUL,Hindustan Unilever,FMCG,Q1FY25,Speakers,Moderator,Mr. Rohit Jawa - Chief Executive Officer & Managing Director,10
HUL,Hindustan Unilever,FMCG,Q1FY25,Moderator,Moderator,"Ladies and gentlemen, good day and welcome to the Hindustan Unilever Limited",12
HUL,Hindustan Unilever,FMCG,Q1FY25,Yogesh Mulgaonkar,Management,"Welcome to the conference call of Hindustan Unilever Limited. This evening, we",12
HUL,Hindustan Unilever,FMCG,Q1FY25,Rohit Jawa,Management,"Thank you, Yogesh. Good afternoon, everyone. Thank you for joining us on the",13
HUL,Hindustan Unilever,FMCG,Q1FY25,"Makers.
Let me take you through some of the key actions that we are driving across each
portfolio",Analyst,"In our Core portfolio, our objective is to keep our brands healthy, contemporary,",13
HUL,Hindustan Unilever,FMCG,Q1FY25,"Lifebuoy.
Let me demonstrate our strategy in action with the example of the Tea business",Analyst,"In Tea, we have market leadership and a comprehensive portfolio that spans the",13
HUL,Hindustan Unilever,FMCG,Q1FY25,"Over to you.
Priya Nair",Management,"Thank you, Rohit. I am honored to be back. HUL is an exceptional business with a",16
HUL,Hindustan Unilever,FMCG,Q1FY25,Rohit Jawa,Management,I will now hand over to Ritesh to follow the next section.,12
HUL,Hindustan Unilever,FMCG,Q1FY25,Ritesh Tiwari,Management,"Thank you, Rohit. Thank you, Priya. Good evening, everyone. I will now cover",13
HUL,Hindustan Unilever,FMCG,Q1FY25,Yogesh Mulgaonkar,Management,"Thank you, Rohit, Priya and Ritesh. With this, we now move to Q&A. The Q&A",15
HUL,Hindustan Unilever,FMCG,Q1FY25,Moderator,Moderator,Thank you very much. We will now begin with the question-and-answer session.,12
HUL,Hindustan Unilever,FMCG,Q1FY25,"The first question is from the line of Abneesh Roy from Nuvama. Please go ahead.
Abneesh Roy",Analyst,"Yeah, thanks for the opportunity and congrats on good recovery in many of your",14
HUL,Hindustan Unilever,FMCG,Q1FY25,Ritesh Tiwari,Management,"Yes, thanks Abneesh. So, let me pick this up. So, Beverage, as you know the tea",16
HUL,Hindustan Unilever,FMCG,Q1FY25,Abneesh Roy,Analyst,"Understood. Very helpful. Thanks. My second question is on the two acquisitions,",12
HUL,Hindustan Unilever,FMCG,Q1FY25,Ritesh Tiwari,Management,"Yeah. So, talking about OZiva and Minimalist, both put together now, it's a Rs. 1,000",15
HUL,Hindustan Unilever,FMCG,Q1FY25,Abneesh Roy,Analyst,"Thanks. I'll ask a very quick question. I know I'm going beyond my two questions,",15
HUL,Hindustan Unilever,FMCG,Q1FY25,Rohit Jawa,Management,"What we are really saying is basically, we started building liquid detergents",12
HUL,Hindustan Unilever,FMCG,Q1FY25,Abneesh Roy,Analyst,"Sure. Thanks for the opportunity, and thanks to Rohit for his insights, time, and",14
HUL,Hindustan Unilever,FMCG,Q1FY25,Rohit Jawa,Management,"Thanks, Abneesh, for being always the first. We like that very much. Thank you",14
HUL,Hindustan Unilever,FMCG,Q1FY25,Moderator,Moderator,Thank you. Next question is from Arnab Mitra from Goldman Sachs. Please go,13
HUL,Hindustan Unilever,FMCG,Q1FY25,Arnab Mitra,Analyst,"Hi. My first question actually is on the Foods business, where you've seen the",14
HUL,Hindustan Unilever,FMCG,Q1FY25,Ritesh Tiwari,Management,"Yeah. So if I just segment the foods business into its component, so Tea has seen",16
HUL,Hindustan Unilever,FMCG,Q1FY25,Rohit Jawa,Management,If I may add that we have seen broad-based growth in foods this time. We have,16
HUL,Hindustan Unilever,FMCG,Q1FY25,Arnab Mitra,Analyst,Got it. Thanks for that answer. My second question was on the overall growth,14
HUL,Hindustan Unilever,FMCG,Q1FY25,Rohit Jawa,Management,Let me paint the picture of the market and request Ritesh to talk about the future.,16
HUL,Hindustan Unilever,FMCG,Q1FY25,Ritesh Tiwari,Management,"Yes. So, as Rohit mentioned that if I look at the overall FMCG market, we have",16
HUL,Hindustan Unilever,FMCG,Q1FY25,Arnab Mitra,Analyst,"Thanks. That's it from my side. All the best, Rohit for your future journey and",15
HUL,Hindustan Unilever,FMCG,Q1FY25,Moderator,Moderator,Thank you very much. Next question is from Latika Chopra from JP Morgan.,13
HUL,Hindustan Unilever,FMCG,Q1FY25,"Please go ahead.
Latika Chopra",Analyst,"Hi Team, Thank you for the opportunity. First of all, thank you, Rohit, for all the",16
HUL,Hindustan Unilever,FMCG,Q1FY25,Rohit Jawa,Management,Let me just address the first question on our confidence in skin growth part of the,16
HUL,Hindustan Unilever,FMCG,Q1FY25,Ritesh Tiwari,Management,"So, let me pick it up. So, overall, Laitka the margin that we made in this quarter for",18
HUL,Hindustan Unilever,FMCG,Q1FY25,Laitka Chopra,Analyst,Understood. The second question that I had was on Skin Cleansing. There was a,14
HUL,Hindustan Unilever,FMCG,Q1FY25,Rohit Jawa,Management,"So, we're very happy with our Skin Cleansing performance. We have had an all-",14
HUL,Hindustan Unilever,FMCG,Q1FY25,Moderator,Moderator,"Thank you. Next question is from Manoj Menon from ICICI Securities. Please, go",13
HUL,Hindustan Unilever,FMCG,Q1FY25,Manoj Menon,Analyst,"Hi, team. Just continuing with the question or clarification which Arnab had on",13
HUL,Hindustan Unilever,FMCG,Q1FY25,Ritesh Tiwari,Management,"Yes. So, when you ask, Manoj, volume and mix part, are you talking HUL, are you",16
HUL,Hindustan Unilever,FMCG,Q1FY25,Manoj Menon,Analyst,"HUL. Let's say, what your portfolio is telling, because you are a large player. So,",15
HUL,Hindustan Unilever,FMCG,Q1FY25,Ritesh Tiwari,Management,"Yes. So, if I talk about HUL numbers to start with. So, this quarter, for example, we",17
HUL,Hindustan Unilever,FMCG,Q1FY25,Manoj Menon,Analyst,"Very clear. Ritesh, just a quick follow-up on this link to the Skin Cleansing",14
HUL,Hindustan Unilever,FMCG,Q1FY25,Ritesh Tiwari,Management,"Skin Cleansing, Manoj, remember, I've spoken sometime back as well. It is one of",14
HUL,Hindustan Unilever,FMCG,Q1FY25,Manoj Menon,Analyst,"Understood. Just second and last question is, you did speak a lot about the",14
HUL,Hindustan Unilever,FMCG,Q1FY25,Rohit Jawa,Management,"On Glow & Lovely, which is an iconic brand used by more than half the",15
HUL,Hindustan Unilever,FMCG,Q1FY25,"Core brand but on the way and Horlicks more work to be done but Boost already
showing signs of promise this quarter.
Manoj Menon",Analyst,"Thank you, Rohit and Ritesh for the comprehensive response and good luck to",13
HUL,Hindustan Unilever,FMCG,Q1FY25,Rohit Jawa,Management,It's there because it's done very well in the summers and it's really a summer focus,16
HUL,Hindustan Unilever,FMCG,Q1FY25,Manoj Menon,Analyst,"Sure, absolutely. I can't agree more because we have not seen it in a long time.",16
HUL,Hindustan Unilever,FMCG,Q1FY25,"Thank you.
Rohit Jawa",Management,We are focused on it especially in the summer season and that's why we did a,16
HUL,Hindustan Unilever,FMCG,Q1FY25,Moderator,Moderator,Thank you very much. Next question is from line of Vivek from Jefferies India.,14
HUL,Hindustan Unilever,FMCG,Q1FY25,"Please go ahead.
Vivek",Analyst,"Hi good evening team. So, one more question on your slide #4 which is operating",15
HUL,Hindustan Unilever,FMCG,Q1FY25,Ritesh Tiwari,Management,"Yeah, so rural to start with, Vivek, first of all as a context is one third of the business",19
HUL,Hindustan Unilever,FMCG,Q1FY25,Rohit Jawa,Management,And the growth is sustaining. It's not that we are suddenly seeing a massive,14
HUL,Hindustan Unilever,FMCG,Q1FY25,Ritesh Tiwari,Management,And hence to Rohit's point the operating word I will add to it is gradual recovery,16
HUL,Hindustan Unilever,FMCG,Q1FY25,Vivek,Analyst,Got it. It's just that the chart shows the trend drifting down starting December last,15
HUL,Hindustan Unilever,FMCG,Q1FY25,Ritesh Tiwari,Management,"The chart, Vivek, just to clarify it's an MAT trend as we called out and if you see",18
HUL,Hindustan Unilever,FMCG,Q1FY25,Vivek,Analyst,"Okay, got it. So, exit is better. Got it. The second thing, Ritesh, you mentioned",15
HUL,Hindustan Unilever,FMCG,Q1FY25,Ritesh Tiwari,Management,"Yes, so overall if I look, Vivek, we have a Rs. 2,000 crore portfolio I had mentioned",17
HUL,Hindustan Unilever,FMCG,Q1FY25,Rohit Jawa,Management,"But just to specifically talk about say OZiva, in fact just a few weeks back we had",17
HUL,Hindustan Unilever,FMCG,Q1FY25,Vivek,Analyst,"Got it and the last one on the same theme, with platforms becoming more and",15
HUL,Hindustan Unilever,FMCG,Q1FY25,Rohit Jawa,Management,"We look at it more as a portfolio play, so we have as we have said before we have",19
HUL,Hindustan Unilever,FMCG,Q1FY25,Vivek,Analyst,"Got it. Thank you very much. And Rohit and Priya, wishing you all the very best.",16
HUL,Hindustan Unilever,FMCG,Q1FY25,Moderator,Moderator,Thank you. The next question is from line of Amit from UBS Group. Please go,15
HUL,Hindustan Unilever,FMCG,Q1FY25,Amit,Management,"Hi, Thank you so much for taking my question. So, my question is on Minimalist",15
HUL,Hindustan Unilever,FMCG,Q1FY25,Ritesh Tiwari,Management,"Yes, so just to clarify when we quoted the number of more than 25% growth, we",16
HUL,Hindustan Unilever,FMCG,Q1FY25,"Hindustan Unilever.
Amit",Management,"Got it. That's very helpful and let me just stretch it a little bit on, because I think",18
HUL,Hindustan Unilever,FMCG,Q1FY25,Rohit Jawa,Management,"We acknowledge that you need more than just a few big core brands, which is",15
HUL,Hindustan Unilever,FMCG,Q1FY25,Amit,Management,"That's very helpful, Rohit. Thank you so much for that and can I ask just one small",17
HUL,Hindustan Unilever,FMCG,Q1FY25,Rohit Jawa,Management,"So, we are doing three main actions. First of all, we are not yet above water fully",17
HUL,Hindustan Unilever,FMCG,Q1FY25,Amit,Management,"Okay. Thanks so much, Rohit. Thanks for the details this time. Wish you all the best.",16
HUL,Hindustan Unilever,FMCG,Q1FY25,Moderator,Moderator,Thank you. Next question is from the line of Percy Panthaki from IIFL Securities.,14
HUL,Hindustan Unilever,FMCG,Q1FY25,"Please go ahead.
Percy Panthaki",Analyst,"Hi, good evening, everyone. My first question is on the detergent’s portfolio. So,",13
HUL,Hindustan Unilever,FMCG,Q1FY25,Ritesh Tiwari,Management,"So overall on Home Care as you rightly alluded, Percy, that we have grown high-",15
HUL,Hindustan Unilever,FMCG,Q1FY25,Percy Panthaki,Analyst,And the competitive action more by MNC or national players or more by small,14
HUL,Hindustan Unilever,FMCG,Q1FY25,Ritesh Tiwari,Management,What happens for liquids you see it's still a concentrated market with few players.,14
HUL,Hindustan Unilever,FMCG,Q1FY25,Percy Panthaki,Analyst,"So, on powders whatever price cuts have happened, have happened mainly on",12
HUL,Hindustan Unilever,FMCG,Q1FY25,Ritesh Tiwari,Management,You can never say it only on account of A or only on account of B.,16
HUL,Hindustan Unilever,FMCG,Q1FY25,Ritesh Tiwari,Management,As I mentioned largely is on account of reason of commodity for powders,13
HUL,Hindustan Unilever,FMCG,Q1FY25,Percy Panthaki,Analyst,"Sure. My second question is on Glow & Lovely again, of course a lot of it has",17
HUL,Hindustan Unilever,FMCG,Q1FY25,Rohit Jawa,Management,"Firstly, we play a portfolio, high level for Skin Care as we just said we have to go",18
HUL,Hindustan Unilever,FMCG,Q1FY25,Percy Panthaki,Analyst,"Sure and with the actions you've taken, how long do you think it will be before",16
HUL,Hindustan Unilever,FMCG,Q1FY25,Rohit Jawa,Management,"I think it would be difficult to put a number, specific precise number to that. We",16
HUL,Hindustan Unilever,FMCG,Q1FY25,Percy Panthaki,Analyst,"And very quickly last question would be that in Skin Cleansing, for the last few",15
HUL,Hindustan Unilever,FMCG,Q1FY25,Rohit Jawa,Management,"Lifebuoy is clearly not yet growing in line with the total business, but our intention",15
HUL,Hindustan Unilever,FMCG,Q1FY25,Moderator,Moderator,Thank you. Next question is from the line of Mihir Shah from Nomura. Please go,15
HUL,Hindustan Unilever,FMCG,Q1FY25,Mihir Shah,Analyst,"Thank you for taking my question. Firstly on Gross Margin, the gap between NMI",14
HUL,Hindustan Unilever,FMCG,Q1FY25,Ritesh Tiwari,Management,Overall as you saw that there's a price versus cost gap that we have this point in,17
HUL,Hindustan Unilever,FMCG,Q1FY25,Mihir Shah,Analyst,"Understood. Thanks for that. Secondly, on your comment on your ad spends",12
HUL,Hindustan Unilever,FMCG,Q1FY25,Ritesh Tiwari,Management,"So, coming to A&P and the intensity there, a year back in the period of deflation,",16
HUL,Hindustan Unilever,FMCG,Q1FY25,Mihir Shah,Analyst,"Understood. Thank you very much. Mr. Jawa, it was a pleasure interacting with",13
HUL,Hindustan Unilever,FMCG,Q1FY25,Moderator,Moderator,"Thank you very much. Ladies and gentlemen, I'll now hand the conference over",13
HUL,Hindustan Unilever,FMCG,Q1FY25,Yogesh Mulgaonkar,Management,"With that we now come to the end of the Q&A session. Before we end, let me",17
HUL,Hindustan Unilever,FMCG,Q1FY25,Moderator,Moderator,Thank you very much. On behalf of Hindustan Unilever Limited that concludes,12
HUL,Hindustan Unilever,FMCG,Q1FY25,"Thank you.
Disclaimer",Analyst,This transcript has been edited to remove any grammatical inaccuracies or inconsistencies of,13
HUL,Hindustan Unilever,FMCG,Q2FY25,Speakers,Moderator,Ms. Priya Nair - Chief Executive Officer & Managing Director,10
HUL,Hindustan Unilever,FMCG,Q2FY25,Moderator,Moderator,"Ladies and gentlemen, good day, and welcome to the Hindustan Unilever Limited",12
HUL,Hindustan Unilever,FMCG,Q2FY25,Yogesh Mulgaonkar,Management,"Thank you, Michelle. Good evening, everyone. Welcome to the conference call",11
HUL,Hindustan Unilever,FMCG,Q2FY25,Priya Nair,Management,"Good afternoon, everyone. Thank you for joining us on the call today. Wishing",13
HUL,Hindustan Unilever,FMCG,Q2FY25,"I will now hand over to Ritesh to take you through our in-quarter results in detail.
Ritesh Tiwari",Management,"Thank you, Priya. Good evening, everyone. Wishing you and your loved ones a",13
HUL,Hindustan Unilever,FMCG,Q2FY25,Priya Nair,Management,I would like to take this opportunity to extend my heartfelt thanks to Ritesh for his,16
HUL,Hindustan Unilever,FMCG,Q2FY25,Niranjan Gupta,Analyst,"Thank you, Priya. Good evening, everyone. Firstly, let me start by wishing",12
HUL,Hindustan Unilever,FMCG,Q2FY25,Yogesh Mulgaonkar,Management,"Thank you, Priya, Ritesh and Niranjan. With this, we will now move to the Q&A",15
HUL,Hindustan Unilever,FMCG,Q2FY25,Moderator,Moderator,First question is from the line of Vivek from Jefferies.,10
HUL,Hindustan Unilever,FMCG,Q2FY25,Vivek,Analyst,"Hi, team. Priya, first question to you. You articulated your four-pillar strategy, let's",13
HUL,Hindustan Unilever,FMCG,Q2FY25,Priya Nair,Management,"Yes. Thank you, Vivek. I will go category-by-category to just talk a little bit about",15
HUL,Hindustan Unilever,FMCG,Q2FY25,Vivek,Analyst,"Got it. And Priya, slightly from a longer -- let’s say from a medium-term",14
HUL,Hindustan Unilever,FMCG,Q2FY25,Priya Nair,Management,"Yes. I think, let me break this down into multiple parts, Vivek, if I could. Let me start",18
HUL,Hindustan Unilever,FMCG,Q2FY25,Vivek,Analyst,"Yes, absolutely, it does. So, that was my first question with your permission.",13
HUL,Hindustan Unilever,FMCG,Q2FY25,Ritesh Tiwari,Management,"Yes. So, GST, as you mentioned, Vivek, that overall, as the change started to",14
HUL,Hindustan Unilever,FMCG,Q2FY25,Vivek,Analyst,"Okay. And as a follow-up to that, can you quantify, Ritesh, what was the impact",15
HUL,Hindustan Unilever,FMCG,Q2FY25,Ritesh Tiwari,Management,"Yes. So, we did lean in with trade support in the quarter. And overall, at a net level,",18
HUL,Hindustan Unilever,FMCG,Q2FY25,Vivek,Analyst,"Got it. Thank you and wishing you all the very best, Priya, Ritesh as well as",16
HUL,Hindustan Unilever,FMCG,Q2FY25,Moderator,Moderator,Thank you. The next question is from the line of Abneesh Roy from Nuvama.,14
HUL,Hindustan Unilever,FMCG,Q2FY25,"Please go ahead.
Abneesh Roy",Analyst,"Yeah. Thanks. My first question is on the demand side and the GST impact. So, we",16
HUL,Hindustan Unilever,FMCG,Q2FY25,Ritesh Tiwari,Management,"Thanks, Abneesh. So, let me pick these both questions. So first, GST. And you",14
HUL,Hindustan Unilever,FMCG,Q2FY25,Abneesh Roy,Analyst,"One follow-up question to the demand side only. So, in Q2, two large FMCG",14
HUL,Hindustan Unilever,FMCG,Q2FY25,Ritesh Tiwari,Management,"Yes. Let me help, Abneesh, answer this from a little different lens than urban rural",15
HUL,Hindustan Unilever,FMCG,Q2FY25,Abneesh Roy,Analyst,"Ritesh, one quick follow-up on the restocking and destocking. So, when the",12
HUL,Hindustan Unilever,FMCG,Q2FY25,Ritesh Tiwari,Management,"Yeah. See, this is what I was trying to explain to Vivek as well earlier. Now in FMCG,",18
HUL,Hindustan Unilever,FMCG,Q2FY25,Abneesh Roy,Analyst,"Sure. My second question is on the margins. So, one is you had given the guidance",16
HUL,Hindustan Unilever,FMCG,Q2FY25,Ritesh Tiwari,Management,"So yes, currently, where we are with the Ice Cream plans, Abneesh, we expect",14
HUL,Hindustan Unilever,FMCG,Q2FY25,"December quarter onwards.
Abneesh Roy",Analyst,"Sure, understood. Thanks, that’s all from my side. Thank you.",10
HUL,Hindustan Unilever,FMCG,Q2FY25,Moderator,Moderator,Thank you. The next question is from the line of Arnab Mitra from Goldman Sachs.,15
HUL,Hindustan Unilever,FMCG,Q2FY25,"Please go ahead.
Arnab Mitra",Analyst,"Hi team. Thanks for taking my question. So, my first question actually is to Priya. I",16
HUL,Hindustan Unilever,FMCG,Q2FY25,Priya Nair,Management,"Yes. Thanks, Arnab. Arnab, firstly, our focus, obsession is going to be on volume-",14
HUL,Hindustan Unilever,FMCG,Q2FY25,Arnab Mitra,Analyst,"Yeah, Understood. Just a follow-up on that. I mean, what I meant was that",14
HUL,Hindustan Unilever,FMCG,Q2FY25,Ritesh Tiwari,Management,"So let me come in Arnab, about here. So, as we mentioned that our outlook for",16
HUL,Hindustan Unilever,FMCG,Q2FY25,Arnab Mitra,Analyst,Thanks. My second question actually was on - three specific areas where I think,14
HUL,Hindustan Unilever,FMCG,Q2FY25,Priya Nair,Management,"Yes. Let me take that. Let me start with Nutrition. Like we mentioned, we are",15
HUL,Hindustan Unilever,FMCG,Q2FY25,Arnab Mitra,Analyst,Thanks so much. That’s it from my side and all the best Ritesh for your next stint.,17
HUL,Hindustan Unilever,FMCG,Q2FY25,Moderator,Moderator,Thank you. The next question is from the line of Latika from JPMorgan. Please go,15
HUL,Hindustan Unilever,FMCG,Q2FY25,Latika,Analyst,"Hi, thanks for the opportunity. My first question was on specific consumption",12
HUL,Hindustan Unilever,FMCG,Q2FY25,Ritesh Tiwari,Management,"Yeah, Latika, thank you. Let me just pick this up. So, we all know that urban has",17
HUL,Hindustan Unilever,FMCG,Q2FY25,Latika,Analyst,Sure. This is very helpful. The second question was clearly the four key priorities,14
HUL,Hindustan Unilever,FMCG,Q2FY25,Ritesh Tiwari,Management,"As Priya mentioned earlier, overall radical segmentation of the market from all",12
HUL,Hindustan Unilever,FMCG,Q2FY25,Latika,Analyst,Thank you so much and wish you both the best.,10
HUL,Hindustan Unilever,FMCG,Q2FY25,Moderator,Moderator,Thank you. The next question is from the line of Mihir P Shah from Nomura. Please,16
HUL,Hindustan Unilever,FMCG,Q2FY25,Mihir Shah,Analyst,"Hi, Thank you for taking my question. First question is to Priya. Priya, actually, if",15
HUL,Hindustan Unilever,FMCG,Q2FY25,Priya Nair,Management,Yes. Thank you. Let me start with talking about how we will reimagine our core,15
HUL,Hindustan Unilever,FMCG,Q2FY25,Mihir Shah,Analyst,Great to hear that looking forward to all the bold launches and communications,13
HUL,Hindustan Unilever,FMCG,Q2FY25,Ritesh Tiwari,Management,"Yes. So first, the employee costs, and I would just like to add employee cost to",16
HUL,Hindustan Unilever,FMCG,Q2FY25,Mihir Shah,Analyst,Got it. Thank you very much Ritesh. Wishing you all the very best in your new role.,17
HUL,Hindustan Unilever,FMCG,Q2FY25,Ritesh Tiwari,Management,"Thank you Mihir, and any questions that you have offline, please we can pick it up.",16
HUL,Hindustan Unilever,FMCG,Q2FY25,Moderator,Moderator,Thank you. We'll take the next question from the line of Sheela Rathi from Morgan,15
HUL,Hindustan Unilever,FMCG,Q2FY25,"Stanley. Please go ahead.
Sheela Rathi",Analyst,"Thanks for taking my question. Priya, my first question was to you. You have",14
HUL,Hindustan Unilever,FMCG,Q2FY25,Priya Nair,Management,Yes. I think all four are equally important. It's always the case in a company like,16
HUL,Hindustan Unilever,FMCG,Q2FY25,Sheela Rathi,Analyst,"I'm sorry, just a follow-up here. Do you think that on a quarter-to-quarter basis,",14
HUL,Hindustan Unilever,FMCG,Q2FY25,Priya Nair,Management,I think the priorities I've given to you are more on a long-term basis. But I'm sure,17
HUL,Hindustan Unilever,FMCG,Q2FY25,Sheela Rathi,Analyst,Understood. My second question was we have been calling out that the second,13
HUL,Hindustan Unilever,FMCG,Q2FY25,Ritesh Tiwari,Management,"Yes. See, Sheela, always our first barometer is competitive growth. There is a",13
HUL,Hindustan Unilever,FMCG,Q2FY25,Moderator,Moderator,Thank you. The next question is from the line of Percy Panthaki from IIFL,14
HUL,Hindustan Unilever,FMCG,Q2FY25,"Securities. Please go ahead.
Percy Panthaki",Analyst,"Hi, Thanks for taking my question. And happy Diwali to all of you. My question,",15
HUL,Hindustan Unilever,FMCG,Q2FY25,Priya Nair,Management,"Yeah, Thank you, Percy. HUL has over the last few quarters in the last couple of",16
HUL,Hindustan Unilever,FMCG,Q2FY25,Percy Panthaki,Analyst,"Understood. Just to dwell a little further into this. Before you came in, as you said,",16
HUL,Hindustan Unilever,FMCG,Q2FY25,Priya Nair,Management,"I think HUL has called out the Aspire strategy, and I think that has been shared",16
HUL,Hindustan Unilever,FMCG,Q2FY25,Percy Panthaki,Analyst,"That's very helpful. Secondly, I wanted to understand Ritesh or maybe even Priya,",13
HUL,Hindustan Unilever,FMCG,Q2FY25,Ritesh Tiwari,Management,"So, Percy the way we will see this is one additional input, which adds to a few",17
HUL,Hindustan Unilever,FMCG,Q2FY25,Percy Panthaki,Analyst,"Follow-up on this, Ritesh for your portfolio as a whole, what in your view is the",16
HUL,Hindustan Unilever,FMCG,Q2FY25,Ritesh Tiwari,Management,"No, reality Percy is, life is a little more complex than that. I would love to give a",18
HUL,Hindustan Unilever,FMCG,Q2FY25,Ritesh Tiwari,Management,"So, Horlicks is a discretionary category. So, Horlicks, Skin Care and we've seen",13
HUL,Hindustan Unilever,FMCG,Q2FY25,Percy Panthaki,Analyst,"Got it. Thanks. Thanks, Ritesh and Priya. Thank you very much. That's all from me.",15
HUL,Hindustan Unilever,FMCG,Q2FY25,"All the best.
Moderator",Moderator,Thank you. The next question is from the line of Harit Kapoor from Investec.,14
HUL,Hindustan Unilever,FMCG,Q2FY25,"Please go ahead.
Harit Kapoor",Analyst,"Good evening. I just had one clarification, firstly, on the grammage part. So, in the",15
HUL,Hindustan Unilever,FMCG,Q2FY25,Ritesh Tiwari,Management,"Yes. See, overall, Harit, in terms of changes, what we have done is for all non-",16
HUL,Hindustan Unilever,FMCG,Q2FY25,Harit Kapoor,Analyst,Fantastic. And my second question is to Priya. Given that you've recently come in,14
HUL,Hindustan Unilever,FMCG,Q2FY25,Priya Nair,Management,"Yes. I think many of the things I mentioned are medium to long term in nature. So,",17
HUL,Hindustan Unilever,FMCG,Q2FY25,Moderator,Moderator,Thank you. The next question is from the line of Nihar Jham from HSBC. Please go,16
HUL,Hindustan Unilever,FMCG,Q2FY25,Nihar Jham,Analyst,"Hi, good evening. I had two questions from my side. The first one on the Tea",16
HUL,Hindustan Unilever,FMCG,Q2FY25,Ritesh Tiwari,Management,"Yeah, so tea now, as we speak, we are in season. Tea starts to come in May, June,",18
HUL,Hindustan Unilever,FMCG,Q2FY25,Nihar Jham,Analyst,That's very clear. My second question was to Priya on the Beauty & Wellbeing,14
HUL,Hindustan Unilever,FMCG,Q2FY25,Priya Nair,Management,"Yes. If you look at the beauty category, let me start with the key trends that drive",17
HUL,Hindustan Unilever,FMCG,Q2FY25,Moderator,Moderator,Thank you. The next question is from the line of Siddharth from CWC. Please go,15
HUL,Hindustan Unilever,FMCG,Q2FY25,Siddharth,Analyst,"Hi, welcome back to HUL, Priya and Ritesh and thanks for taking my question. The",15
HUL,Hindustan Unilever,FMCG,Q2FY25,Ritesh Tiwari,Management,"Yes. So let me pick up Siddharth. So, first of all, coming to margins for e-",16
HUL,Hindustan Unilever,FMCG,Q2FY25,Sidharth,Analyst,"Thanks, and just a follow-up on the e-commerce piece. So given the fact that you",15
HUL,Hindustan Unilever,FMCG,Q2FY25,Ritesh Tiwari,Management,"See, I won't be able to share hard numbers, but let me tell you that overall, CAC",17
HUL,Hindustan Unilever,FMCG,Q2FY25,Siddharth,Analyst,"Sure, thanks. And all the best to you, Ritesh. And welcome back and all the best",16
HUL,Hindustan Unilever,FMCG,Q2FY25,Moderator,Moderator,"Thank you. Ladies and gentlemen, as there are no further questions, I would now",14
HUL,Hindustan Unilever,FMCG,Q2FY25,Yogesh Mulgaonkar,Management,"Thank you, Michelle. With that, we now come to the end of the Q&A session.",15
HUL,Hindustan Unilever,FMCG,Q2FY25,Moderator,Moderator,"Thank you, members of the management. On behalf of Hindustan Unilever",11
HUL,Hindustan Unilever,FMCG,Q2FY25,Disclaimer,Analyst,This transcript has been edited to remove any grammatical inaccuracies or inconsistencies of,13
HUL,Hindustan Unilever,FMCG,Q3FY25,Speakers,Moderator,Ms. Priya Nair - Chief Executive Officer & Managing Director,10
HUL,Hindustan Unilever,FMCG,Q3FY25,Moderator,Moderator,"Ladies and gentlemen, good day, and welcome to the Hindustan Unilever Limited",12
HUL,Hindustan Unilever,FMCG,Q3FY25,Yogesh Mulgaonkar,Management,"Thank you, Dorwin. Good evening, everyone. Welcome to the conference call of",12
HUL,Hindustan Unilever,FMCG,Q3FY25,Priya Nair,Management,"Good afternoon, everyone, and thank you for joining us on the call today. I will",15
HUL,Hindustan Unilever,FMCG,Q3FY25,Niranjan Gupta,Analyst,"Thank you, Priya. Good afternoon, everyone. Let me share a detailed overview",12
HUL,Hindustan Unilever,FMCG,Q3FY25,Yogesh Mulgaonkar,Management,"Thank you, Priya and Niranjan. With this, we now move to the Q&A. We request",15
HUL,Hindustan Unilever,FMCG,Q3FY25,Moderator,Moderator,"Thank you very much, sir. We will now begin the question-and-answer session.",12
HUL,Hindustan Unilever,FMCG,Q3FY25,"Our first question is from the line of Manoj Menon from ICICI Securities.
Manoj Menon",Analyst,"Hi, Priya, Niranjan and Yogesh, Good performance and more importantly good",11
HUL,Hindustan Unilever,FMCG,Q3FY25,Priya Nair,Management,"Yes, I can start and then Niranjan will add. I think, firstly, what I",14
HUL,Hindustan Unilever,FMCG,Q3FY25,Niranjan Gupta,Analyst,"Yes, absolutely, Priya. And on the macro factors, if I just add like what you said,",16
HUL,Hindustan Unilever,FMCG,Q3FY25,Manoj Menon,Analyst,"Just a couple of things I was just trying to get was are you finding actually, let's",17
HUL,Hindustan Unilever,FMCG,Q3FY25,Priya Nair,Management,"Yes. Actually, our growth is quite broad-based. So, I think that's the best way to",15
HUL,Hindustan Unilever,FMCG,Q3FY25,Manoj Menon,Analyst,Yes. And the second question is there's a mention about category partnership,12
HUL,Hindustan Unilever,FMCG,Q3FY25,Priya Nair,Management,"So firstly, what I want to say is we are in an omni-channel environment in India.",16
HUL,Hindustan Unilever,FMCG,Q3FY25,Moderator,Moderator,Thank you. Our next question is from the line of Abneesh Roy from Nuvama.,14
HUL,Hindustan Unilever,FMCG,Q3FY25,"Please go ahead.
Abneesh Roy",Analyst,"My first question is on Beauty & Wellbeing. So, I see two different poles of",15
HUL,Hindustan Unilever,FMCG,Q3FY25,Priya Nair,Management,"Yes. I think firstly, let me comment on our Hair Care business. We are distinct",15
HUL,Hindustan Unilever,FMCG,Q3FY25,Abneesh Roy,Analyst,Sure. My second question is on the overall strategy. Two parts to that. One is you,16
HUL,Hindustan Unilever,FMCG,Q3FY25,Niranjan Gupta,Analyst,"So, Abneesh, what I'll do, I'll pick up the portfolio part of it and organization part,",16
HUL,Hindustan Unilever,FMCG,Q3FY25,Priya Nair,Management,"As regards to the organization, I think our focus firstly is to simplify the",14
HUL,Hindustan Unilever,FMCG,Q3FY25,Moderator,Moderator,Thank you. Our next question is from the line of Arnab Mitra from Goldman Sachs.,15
HUL,Hindustan Unilever,FMCG,Q3FY25,"Please go ahead.
Arnab Mitra",Analyst,"I had a couple of questions. My first question was, you mentioned in your outlook,",15
HUL,Hindustan Unilever,FMCG,Q3FY25,Priya Nair,Management,"So firstly, Arnab, the way you should think about the guidance we have given is",15
HUL,Hindustan Unilever,FMCG,Q3FY25,Arnab Mitra,Analyst,"My second question was on Home Care. So, if you look at the Home Care",15
HUL,Hindustan Unilever,FMCG,Q3FY25,Priya Nair,Management,"I think firstly, on our Home Care performance, the first thing I want to mention is",16
HUL,Hindustan Unilever,FMCG,Q3FY25,Arnab Mitra,Analyst,Thanks so much for your detailed answer. That’s it from my side. All the best,15
HUL,Hindustan Unilever,FMCG,Q3FY25,Moderator,Moderator,Thank you. The next question is from the line of Latika Chopra from JP Morgan.,15
HUL,Hindustan Unilever,FMCG,Q3FY25,"Please go ahead.
Latika Chopra",Analyst,"My first question was on pricing itself, but at an aggregate portfolio. You just",14
HUL,Hindustan Unilever,FMCG,Q3FY25,Niranjan Gupta,Analyst,"So if you look at the commodities, you have a divergent trend, you heard all the",16
HUL,Hindustan Unilever,FMCG,Q3FY25,Latika Chopra,Analyst,Understood. The second question I had was on specific segments. The first one,13
HUL,Hindustan Unilever,FMCG,Q3FY25,Niranjan Gupta,Analyst,"So, if you look at it, Skin Cleansing, firstly, within Skin Cleansing, our premium",14
HUL,Hindustan Unilever,FMCG,Q3FY25,Latika Chopra,Analyst,Yes. I'm just trying to understand whether the re-stocking benefits are still to,13
HUL,Hindustan Unilever,FMCG,Q3FY25,Niranjan Gupta,Analyst,"So, the December quarter, you can assume that all the benefits have come in. And",15
HUL,Hindustan Unilever,FMCG,Q3FY25,Latika Chopra,Analyst,"All right. And just lastly, sorry to include, but on Nutrition, Horlicks saw high-single",14
HUL,Hindustan Unilever,FMCG,Q3FY25,Priya Nair,Management,"Yes. So, Latika, this is firstly our third consecutive quarter of positive UVG on our",15
HUL,Hindustan Unilever,FMCG,Q3FY25,Moderator,Moderator,Our next question comes from the line of Mihir P Shah from Nomura.,13
HUL,Hindustan Unilever,FMCG,Q3FY25,Mihir P Shah,Analyst,"Just a few clarifications. First, post the divestment of the ice cream business, what",14
HUL,Hindustan Unilever,FMCG,Q3FY25,Niranjan Gupta,Analyst,"So, our guided range has been that 22% to 23%. We also outlined that the range,",16
HUL,Hindustan Unilever,FMCG,Q3FY25,Mihir P Shah,Analyst,"Sorry, so it should be 22.5% to 23.5%, is that how much should be understood?",15
HUL,Hindustan Unilever,FMCG,Q3FY25,Mihir P Shah,Analyst,"Understood. Secondly, just wanted to understand the new launch that you",11
HUL,Hindustan Unilever,FMCG,Q3FY25,Priya Nair,Management,No. I think the focus of this pack is really to bring the put down price close to the,19
HUL,Hindustan Unilever,FMCG,Q3FY25,Mihir P Shah,Analyst,"Understood. Got it. Secondly, just wanted to understand while December quarter",11
HUL,Hindustan Unilever,FMCG,Q3FY25,Priya Nair,Management,"Yes, we have guided clearly that we see second half to be better than the first",16
HUL,Hindustan Unilever,FMCG,Q3FY25,Mihir P Shah,Analyst,"Got it. And lastly, just wanted to understand if you can help us break down the",16
HUL,Hindustan Unilever,FMCG,Q3FY25,Niranjan Gupta,Analyst,"I think let me just reiterate what we have said is, first of all, growth will continue",17
HUL,Hindustan Unilever,FMCG,Q3FY25,Moderator,Moderator,Our next question comes from the line of Aditya Soman from CLSA.,12
HUL,Hindustan Unilever,FMCG,Q3FY25,Aditya Soman,Analyst,"So, a question on Skin Care. And I think you briefly sort of responded to this",16
HUL,Hindustan Unilever,FMCG,Q3FY25,Priya Nair,Management,"Yes. I think it's very important when you look at our Skin Care business, look at the",17
HUL,Hindustan Unilever,FMCG,Q3FY25,Aditya Soman,Analyst,"No, I understand. And I think the context for my question was actually more from",15
HUL,Hindustan Unilever,FMCG,Q3FY25,Priya Nair,Management,I think the growth across channels tend to be different because of the size of the,16
HUL,Hindustan Unilever,FMCG,Q3FY25,Aditya Soman,Analyst,"Understand. No, that's very clear. And then secondly, on Home Care. So, one of",14
HUL,Hindustan Unilever,FMCG,Q3FY25,Priya Nair,Management,"No, the price per use of liquids on average is higher than the price per use of",17
HUL,Hindustan Unilever,FMCG,Q3FY25,Moderator,Moderator,Our next question comes from the line of Percy from IIFL.,11
HUL,Hindustan Unilever,FMCG,Q3FY25,Percy,Analyst,"I just wanted to check on the pipeline, both on, not just distributor level, but even",16
HUL,Hindustan Unilever,FMCG,Q3FY25,Percy,Analyst,"Understood. And given that October was a bad month for you, but you still did",15
HUL,Hindustan Unilever,FMCG,Q3FY25,Niranjan Gupta,Analyst,I think the right way will be to take our overall December quarter numbers as the,16
HUL,Hindustan Unilever,FMCG,Q3FY25,Priya Nair,Management,"And just clarifying maybe because we saw down-stocking in October month, we",12
HUL,Hindustan Unilever,FMCG,Q3FY25,Percy,Analyst,"Just help me understand what is really hindering growth? Because we are at, let's",14
HUL,Hindustan Unilever,FMCG,Q3FY25,Priya Nair,Management,"Yes. Firstly, I want to say we have delivered our highest ever UVG in the last 12",17
HUL,Hindustan Unilever,FMCG,Q3FY25,Percy,Analyst,Would it be a stretch for us to expect double-digit top line growth from HUL? And,16
HUL,Hindustan Unilever,FMCG,Q3FY25,Niranjan Gupta,Analyst,"As of now, what we can say is that A, the external or macro or the operating",17
HUL,Hindustan Unilever,FMCG,Q3FY25,Moderator,Moderator,Our next question comes from the line of Harit Kapoor Kapur from Investec.,13
HUL,Hindustan Unilever,FMCG,Q3FY25,Harit Kapoor,Analyst,"So, my first question was on margins. I just wanted to understand why we are still",16
HUL,Hindustan Unilever,FMCG,Q3FY25,Niranjan Gupta,Analyst,As we have outlined already that top line growth will remain our number 1,14
HUL,Hindustan Unilever,FMCG,Q3FY25,Harit Kapoor,Analyst,"Yes, I was talking about EBITDA margin only, 13.7 is your number after the Labor",15
HUL,Hindustan Unilever,FMCG,Q3FY25,"Code adjustment.
Niranjan Gupta",Analyst,"EBITDA margin, sorry, if I may correct. Our EBITDA margin is 23.3%, which is 24%",15
HUL,Hindustan Unilever,FMCG,Q3FY25,Harit Kapoor,Analyst,"Correct. What I was trying to -- sorry, what I was trying to say was if I adjust -- if I",21
HUL,Hindustan Unilever,FMCG,Q3FY25,Niranjan Gupta,Analyst,"So first of all, we should look at all our numbers on a consolidated basis. Now if",17
HUL,Hindustan Unilever,FMCG,Q3FY25,Harit Kapoor,Analyst,My minimum point was here was that it seems like the A&P increase is all driven,16
HUL,Hindustan Unilever,FMCG,Q3FY25,Priya Nair,Management,"Yes, I'll just begin on the liquids and then Niranjan can take over. We are leaders",16
HUL,Hindustan Unilever,FMCG,Q3FY25,Niranjan Gupta,Analyst,"Yes, absolutely. And in terms of looking at the margins, yes, we are at a",15
HUL,Hindustan Unilever,FMCG,Q3FY25,Priya Nair,Management,And our mix in Home Care is a premium mix is what you must keep in mind and,18
HUL,Hindustan Unilever,FMCG,Q3FY25,Moderator,Moderator,Our next question comes from the line of Jay Doshi from Kotak.,12
HUL,Hindustan Unilever,FMCG,Q3FY25,Jay Doshi,Analyst,Just pressing a little bit on Percy's question. What has to change for HUL to deliver,16
HUL,Hindustan Unilever,FMCG,Q3FY25,Niranjan Gupta,Analyst,"So, let me just repeat what I said to the earlier similar question is that when you",17
HUL,Hindustan Unilever,FMCG,Q3FY25,Jay Doshi,Analyst,"Okay. If I may just ask so if you are already at 6% revenue growth in second half,",18
HUL,Hindustan Unilever,FMCG,Q3FY25,Niranjan Gupta,Analyst,Fiscal year'27 better than fiscal year'26 is on the top line and margin to stay within,16
HUL,Hindustan Unilever,FMCG,Q3FY25,Moderator,Moderator,Our next question comes from the line of Nihal Jham.,10
HUL,Hindustan Unilever,FMCG,Q3FY25,Nihal Jham,Analyst,This is Nihal Jham from HSBC. Two questions. First is on Beauty & Wellbeing that,15
HUL,Hindustan Unilever,FMCG,Q3FY25,Priya Nair,Management,"I think firstly, all 4 of our categories drive growth for us. Of course, we have",16
HUL,Hindustan Unilever,FMCG,Q3FY25,Nihal Jham,Analyst,"Sure, Priya. Second question was on quick commerce. Now just a conceptual",12
HUL,Hindustan Unilever,FMCG,Q3FY25,Niranjan Gupta,Analyst,"Yes. So as far as quick commerce demand is concerned, it's a combination of the",15
HUL,Hindustan Unilever,FMCG,Q3FY25,Priya Nair,Management,"And just to add to what Niranjan is saying, essentially, we find in all our categories",16
HUL,Hindustan Unilever,FMCG,Q3FY25,Moderator,Moderator,The next question comes from the line of Manish Poddar from Invesco Mutual,13
HUL,Hindustan Unilever,FMCG,Q3FY25,"Fund. Please go ahead.
Manish Poddar",Analyst,"Yes. I just had 1 question, so probably an extension to the things which other",15
HUL,Hindustan Unilever,FMCG,Q3FY25,Niranjan Gupta,Analyst,"So firstly, let's start by putting that our strategy is, firstly, its growth is number 1",16
HUL,Hindustan Unilever,FMCG,Q3FY25,Manish Poddar,Analyst,"But would that mean, let's say, if you do 2% higher spends, would that entail, let's",16
HUL,Hindustan Unilever,FMCG,Q3FY25,Niranjan Gupta,Analyst,"It doesn't work that way actually because eventually, you have to maintain the",13
HUL,Hindustan Unilever,FMCG,Q3FY25,Moderator,Moderator,The next question comes from the line of Tejas Shah from Avendus Spark.,13
HUL,Hindustan Unilever,FMCG,Q3FY25,Tejas Shah,Analyst,"My first question pertains to this one India R&D initiative that we are trying. So, in",16
HUL,Hindustan Unilever,FMCG,Q3FY25,Priya Nair,Management,"Yes. I think firstly, we benefit from all our global technology capability and",13
HUL,Hindustan Unilever,FMCG,Q3FY25,Tejas Shah,Analyst,"Sure. But as an analyst, where should I see the benefit of this? Will it be more on",18
HUL,Hindustan Unilever,FMCG,Q3FY25,Priya Nair,Management,"Speed, agility and more relevant consumer innovation for India. Based on all the",13
HUL,Hindustan Unilever,FMCG,Q3FY25,Tejas Shah,Analyst,"Fair point. Second, this is a kind of labouring the previous point that we have",15
HUL,Hindustan Unilever,FMCG,Q3FY25,Niranjan Gupta,Analyst,"Yes, the macro scenario of budgeted is what is happening today, which is",13
HUL,Hindustan Unilever,FMCG,Q3FY25,Tejash Shah,Analyst,"Niranjan, just when I see that our finance minister has kind of projected 10%",14
HUL,Hindustan Unilever,FMCG,Q3FY25,Niranjan Gupta,Analyst,"So, there is a way that we guide our numbers, and we will stick with FY'27 to be",18
HUL,Hindustan Unilever,FMCG,Q3FY25,Moderator,Moderator,"Ladies and gentlemen, I would now like to hand the conference over to Mr.",14
HUL,Hindustan Unilever,FMCG,Q3FY25,Yogesh Mulgaonkar,Management,"So, we don't have any questions on the web. With that, we now come to the end",17
HUL,Hindustan Unilever,FMCG,Q3FY25,Moderator,Moderator,"Thank you. On behalf of Hindustan Unilever Limited, that concludes this",11
HUL,Hindustan Unilever,FMCG,Q3FY25,Disclaimer,Analyst,This transcript has been edited to remove any grammatical inaccuracies or inconsistencies of,13
HUL,Hindustan Unilever,FMCG,Q4FY25,Speakers,Moderator,Ms. Priya Nair - Chief Executive Officer & Managing Director,10
HUL,Hindustan Unilever,FMCG,Q4FY25,Moderator,Moderator,"Ladies and gentlemen, good day and welcome to the Hindustan Unilever Limited",12
HUL,Hindustan Unilever,FMCG,Q4FY25,Yogesh Mulgaonkar,Management,"Thank you, Neerav. Good afternoon, everyone. Welcome to the conference call",11
HUL,Hindustan Unilever,FMCG,Q4FY25,Priya Nair,Management,"Good afternoon, everyone. Thank you for joining us on the call today. Let me",14
HUL,Hindustan Unilever,FMCG,Q4FY25,Niranjan Gupta,Analyst,"Thank you, Priya. Good afternoon, everyone. Let me share a detailed overview",12
HUL,Hindustan Unilever,FMCG,Q4FY25,Yogesh Mulgaonkar,Management,"Thank you, Priya and Niranjan. With this, we now move to the Q&A. We request",15
HUL,Hindustan Unilever,FMCG,Q4FY25,Moderator,Moderator,Thank you very much. We will now begin with the question-and-answer session.,12
HUL,Hindustan Unilever,FMCG,Q4FY25,"The first question is from the line of Manoj Menon from ICICI Securities. Please go
ahead.
Manoj Menon",Analyst,"Hi team, my first question is actually on the volume drivers. One, if you could just",16
HUL,Hindustan Unilever,FMCG,Q4FY25,Priya Nair,Management,"Yeah, thanks Manoj. So, you know Manoj, I think I will break this up into a few",17
HUL,Hindustan Unilever,FMCG,Q4FY25,Manoj Menon,Analyst,"Sure, just one quick clarification if I may. If I understood the response for the, let's",16
HUL,Hindustan Unilever,FMCG,Q4FY25,Priya Nair,Management,That is absolutely the right takeaway. So there are more macro factors which are,14
HUL,Hindustan Unilever,FMCG,Q4FY25,Manoj Menon,Analyst,"Okay, got it. Now second and the last question, I will come back in the queue. It's",17
HUL,Hindustan Unilever,FMCG,Q4FY25,Priya Nair,Management,"Sure. So, I think, we are quite pleased with, you know, the trajectory of",14
HUL,Hindustan Unilever,FMCG,Q4FY25,Moderator,Moderator,Thank you. Next question is from the line of Abneesh Roy from Nuvama Wealth,14
HUL,Hindustan Unilever,FMCG,Q4FY25,"Management. Please go ahead.
Abneesh Roy",Analyst,"Yeah, thanks and congrats on recovery. My first question is again on Lifestyle",13
HUL,Hindustan Unilever,FMCG,Q4FY25,Priya Nair,Management,"Yeah, Abneesh, actually Horlicks gets drunk both in milk and in water. So that's",14
HUL,Hindustan Unilever,FMCG,Q4FY25,Abneesh Roy,Analyst,"Sure. My last question is overall macro. If we see HUL as a company, in Q3, Q4 has",18
HUL,Hindustan Unilever,FMCG,Q4FY25,Priya Nair,Management,"Yeah, first let's talk about the rainfall prediction and I will ask Niranjan also to",15
HUL,Hindustan Unilever,FMCG,Q4FY25,Niranjan Gupta,Analyst,"No, absolutely Priya. And I mean, if we look at the H1 inflation, Abneesh, as you",16
HUL,Hindustan Unilever,FMCG,Q4FY25,Priya Nair,Management,"And probably maybe I will just add, Abneesh, that in the end, listen we can't",15
HUL,Hindustan Unilever,FMCG,Q4FY25,Niranjan Gupta,Analyst,"Plus, the fact that our portfolio straddles across price pyramid. So therefore, we",13
HUL,Hindustan Unilever,FMCG,Q4FY25,Abneesh Roy,Analyst,"Sure, thanks. One very last small follow-up. So last two, three years we have seen",15
HUL,Hindustan Unilever,FMCG,Q4FY25,Priya Nair,Management,"Overall, we have seen rural and urban demand to be more or less equal,",14
HUL,Hindustan Unilever,FMCG,Q4FY25,Moderator,Moderator,Thank you very much. Next question is from the line of Vivek from Jefferies India.,15
HUL,Hindustan Unilever,FMCG,Q4FY25,"Please go ahead.
Vivek",Analyst,"Thank you. My first question is, you have mentioned volume growth is the top",14
HUL,Hindustan Unilever,FMCG,Q4FY25,Niranjan Gupta,Analyst,"So, Vivek, the way we are navigating this space, as I said already, is that we have",17
HUL,Hindustan Unilever,FMCG,Q4FY25,Vivek,Analyst,"Got it. My second question is, can you just briefly elaborate a bit more on what",16
HUL,Hindustan Unilever,FMCG,Q4FY25,Priya Nair,Management,"Sure. So, Vivek, let me talk about the capex first. The capex is essentially focused",15
HUL,Hindustan Unilever,FMCG,Q4FY25,"Quick Commerce.
Vivek",Analyst,"Okay, and just a follow-up if I may. On the Quick Commerce bit, Priya, does that",16
HUL,Hindustan Unilever,FMCG,Q4FY25,Priya Nair,Management,"I mean, in line with our strategy, we have always maintained we are open to bolt-",16
HUL,Hindustan Unilever,FMCG,Q4FY25,Moderator,Moderator,Thank you. Next question is from the line of Latika Chopra from JP Morgan. Please,15
HUL,Hindustan Unilever,FMCG,Q4FY25,Latika Chopra,Analyst,"Yeah, hi. Thank you for the opportunity. My first question was on broader top line",15
HUL,Hindustan Unilever,FMCG,Q4FY25,Priya Nair,Management,"Yeah, Latika, I will answer and also ask Niranjan to add. So, in terms of pre-buying,",16
HUL,Hindustan Unilever,FMCG,Q4FY25,Latika Chopra,Analyst,"Yeah, the second question I had was on Personal Care. You know, this vertical has",15
HUL,Hindustan Unilever,FMCG,Q4FY25,Priya Nair,Management,"So, Latika, overall Personal Care for us and, you know, let's break it down as soaps",16
HUL,Hindustan Unilever,FMCG,Q4FY25,Niranjan Gupta,Analyst,"No, absolutely Priya. So, I think our focus is on driving the premiumization in",14
HUL,Hindustan Unilever,FMCG,Q4FY25,Moderator,Moderator,Thank you. Next question is from the line of Arnab Mitra from Goldman Sachs.,14
HUL,Hindustan Unilever,FMCG,Q4FY25,"Please go ahead.
Arnab Mitra",Analyst,"Hi, thanks for taking my questions. My question was first on Home Care. Now",14
HUL,Hindustan Unilever,FMCG,Q4FY25,Niranjan Gupta,Analyst,"So, Arnab, these are two different situations actually. When you looked at the",13
HUL,Hindustan Unilever,FMCG,Q4FY25,Priya Nair,Management,"But Arnab, if your question is will we take price if, crude inflation continues? Yes.",15
HUL,Hindustan Unilever,FMCG,Q4FY25,Arnab Mitra,Analyst,"Sure, thanks. That's helpful. And my second question is also on Home Care that in",15
HUL,Hindustan Unilever,FMCG,Q4FY25,Priya Nair,Management,"Yeah, I think, I mentioned it but maybe I will just explain how we see this. The first",18
HUL,Hindustan Unilever,FMCG,Q4FY25,Moderator,Moderator,Thank you. Next question is from the line of Avi Mehta from Macquarie Group.,14
HUL,Hindustan Unilever,FMCG,Q4FY25,Avi Mehta,Analyst,"Yeah, hi. I just had one clarificatory question, which was on if you could give us",16
HUL,Hindustan Unilever,FMCG,Q4FY25,Priya Nair,Management,"Yeah, I think, first I want to put colour totally on our Beauty & Wellbeing business.",16
HUL,Hindustan Unilever,FMCG,Q4FY25,Avi Mehta,Analyst,"So Priya, if I may, just to read and correct me if I understand is wrong, but what",18
HUL,Hindustan Unilever,FMCG,Q4FY25,Priya Nair,Management,"Yeah, I mean, that's absolutely right. That's how the way consumers are behaving",13
HUL,Hindustan Unilever,FMCG,Q4FY25,Avi Mehta,Analyst,"Got it, got it. That clarifies. That's all from my side. Thank you very much for this.",17
HUL,Hindustan Unilever,FMCG,Q4FY25,Moderator,Moderator,Thank you. Next question is from the line of Mihir Shah from Nomura. Please go,15
HUL,Hindustan Unilever,FMCG,Q4FY25,Mihir Shah,Analyst,"Thank you for taking my question. Congrats on a great set of numbers. Firstly,",14
HUL,Hindustan Unilever,FMCG,Q4FY25,Niranjan Gupta,Analyst,I'm not sure I got the question. I think this is the 8% to 10% cost inflation is on our,20
HUL,Hindustan Unilever,FMCG,Q4FY25,Mihir Shah,Analyst,"Got it. No, I was asking basically in this 8% to 10%, do you also have certain low-",18
HUL,Hindustan Unilever,FMCG,Q4FY25,Mihir Shah,Analyst,"Understood. Secondly, if you can throw some insights on the steps that you have",14
HUL,Hindustan Unilever,FMCG,Q4FY25,Priya Nair,Management,"Yes. Our steps in terms of rewiring our GTM are not just in quick commerce, but",16
HUL,Hindustan Unilever,FMCG,Q4FY25,Mihir Shah,Analyst,"Understood. And lastly, if I can just put in one more. If one has to presently split",17
HUL,Hindustan Unilever,FMCG,Q4FY25,Priya Nair,Management,I'm not clear. You will have to explain again what you mean.,12
HUL,Hindustan Unilever,FMCG,Q4FY25,Mihir Shah,Analyst,"So, Priya, I mean, so there are certain categories and brands that have been",14
HUL,Hindustan Unilever,FMCG,Q4FY25,Priya Nair,Management,"Honestly, we don't split our business in this fashion. It's very difficult for me to",15
HUL,Hindustan Unilever,FMCG,Q4FY25,Mihir Shah,Analyst,"Understood. No, I thought you mentioned Rs. 1,200 crores in Beauty & Wellness?",13
HUL,Hindustan Unilever,FMCG,Q4FY25,Mihir Shah,Analyst,"Correct. So, if I aggregate for all the other segments, like how you have put Rs.",16
HUL,Hindustan Unilever,FMCG,Q4FY25,Moderator,Moderator,Thank you. Next question is from the line of Amit Sachdeva from UBS Securities.,14
HUL,Hindustan Unilever,FMCG,Q4FY25,"Please go ahead.
Amit Sachdeva",Management,"Yeah, hi. Thank you so much for taking my question. My first question, Priya, is on",16
HUL,Hindustan Unilever,FMCG,Q4FY25,Priya Nair,Management,The biggest opportunity for us in Skin Care is to democratize formats that are,14
HUL,Hindustan Unilever,FMCG,Q4FY25,Amit Sachdeva,Management,"Got it. Yes, that was very helpful. Just if I may just a small follow-up here on DTC",18
HUL,Hindustan Unilever,FMCG,Q4FY25,Priya Nair,Management,"So, our overall revenue size of Minimalist is about Rs. 850 crores ARR. So that's",15
HUL,Hindustan Unilever,FMCG,Q4FY25,Amit Sachdeva,Management,Sure. And what was the cosmetics growth for the quarter?,10
HUL,Hindustan Unilever,FMCG,Q4FY25,Priya Nair,Management,We don't break down the growth of all our sub-categories.,10
HUL,Hindustan Unilever,FMCG,Q4FY25,Amit Sachdeva,Management,"Got it. And my second question, Priya, is on pricing environment. Given the",13
HUL,Hindustan Unilever,FMCG,Q4FY25,Niranjan Gupta,Analyst,"Let me pick this up. So, you are right. I mean, there's a negative UPG is",16
HUL,Hindustan Unilever,FMCG,Q4FY25,Priya Nair,Management,And I think the only thing we can control is our performance. We can't control,15
HUL,Hindustan Unilever,FMCG,Q4FY25,Amit Sachdeva,Management,Thanks so much and all the best. Thanks a lot.,10
HUL,Hindustan Unilever,FMCG,Q4FY25,Moderator,Moderator,Thank you. Next question is from the line of Aditya Soman from CLSA India. Please,15
HUL,Hindustan Unilever,FMCG,Q4FY25,Aditya Soman,Analyst,"Hi, thanks for the opportunity. So, three questions, I mean, two questions and a",14
HUL,Hindustan Unilever,FMCG,Q4FY25,Niranjan Gupta,Analyst,"So as far as restocking is concerned, we actually had alluded to that there's been",15
HUL,Hindustan Unilever,FMCG,Q4FY25,Aditya Soman,Analyst,"Thanks, Niranjan. And just on tea, so the volume growth is low-single digit, right?",14
HUL,Hindustan Unilever,FMCG,Q4FY25,Niranjan Gupta,Analyst,"Yes, yes. That's true. That's true. Within that, the premium brands have grown",13
HUL,Hindustan Unilever,FMCG,Q4FY25,Moderator,Moderator,Thank you. Next question is from the line of Nihal Jham from HSBC. Please go,15
HUL,Hindustan Unilever,FMCG,Q4FY25,Nihal Jham,Analyst,"Yes, good evening, Priya and Niranjan. Two questions. Niranjan, the first one was",13
HUL,Hindustan Unilever,FMCG,Q4FY25,Niranjan Gupta,Analyst,It's very speculative to take the current spot because the current spot what is,14
HUL,Hindustan Unilever,FMCG,Q4FY25,Nihal Jham,Analyst,"Sure, Niranjan. Niranjan, the second question was again on the Home Care part",13
HUL,Hindustan Unilever,FMCG,Q4FY25,Priya Nair,Management,"Listen, our number one priority will be to be competitive, very simply. We cannot",14
HUL,Hindustan Unilever,FMCG,Q4FY25,Nihal Jham,Analyst,"Got it. Priya, just a clarification where I was coming from is that, in that phase the",17
HUL,Hindustan Unilever,FMCG,Q4FY25,Priya Nair,Management,"I think listen; we have a portfolio that is across four segments. So, we use the total",17
HUL,Hindustan Unilever,FMCG,Q4FY25,Moderator,Moderator,"Thank you very much. Ladies and gentlemen, I will now hand the conference",13
HUL,Hindustan Unilever,FMCG,Q4FY25,Yogesh Mulgaonkar,Management,"Yeah, in the web there's one question for you, Priya. It says Unilever globally is",15
HUL,Hindustan Unilever,FMCG,Q4FY25,Priya Nair,Management,"Yeah, I think the HUL Foods business is very distinctively different from the",13
HUL,Hindustan Unilever,FMCG,Q4FY25,Moderator,Moderator,"Thank you very much. With this, I now hand the conference over to Mr. Yogesh",15
HUL,Hindustan Unilever,FMCG,Q4FY25,"Mulgaonkar for closing comments.
Yogesh Mulgaonkar",Management,"Yeah, with that we now come to the end of the Q&A session. Before we end, let",17
HUL,Hindustan Unilever,FMCG,Q4FY25,Moderator,Moderator,"Thank you very much. On behalf of Hindustan Unilever Limited, that concludes",12
HUL,Hindustan Unilever,FMCG,Q4FY25,Disclaimer,Analyst,This transcript has been edited to remove any grammatical inaccuracies or inconsistencies of,13
MARUTI,Maruti Suzuki,Auto,Q1FY25,Moderator,Moderator,"Ladies and gentlemen, good day and welcome to Maruti Suzuki India Limited Q1 FY’26",14
MARUTI,Maruti Suzuki,Auto,Q1FY25,"I now hand the conference over to Mr. Pranav. Thank you and over to you sir.
Pranav Ambaprasad",Management,"Thank you, Avirat. Ladies and gentlemen, good afternoon once again. Welcome to Q1 FY’26",14
MARUTI,Maruti Suzuki,Auto,Q1FY25,Rahul Bharti,Analyst,"Thanks, Pranav. Good afternoon, ladies and gentlemen and thank you for joining us.",13
MARUTI,Maruti Suzuki,Auto,Q1FY25,Moderator,Moderator,Thank you very much. We will now begin the question-and-answer session. The first question,14
MARUTI,Maruti Suzuki,Auto,Q1FY25,Raghunandan NL,Analyst,"Thank you sir for the opportunity. Firstly, on net sales per unit, it has gone up 8% Q-o-Q, it is at",21
MARUTI,Maruti Suzuki,Auto,Q1FY25,Rahul Bharti,Analyst,"There is no one off. It's a simple function of the mix of the model of higher SUVs, lower smaller",20
MARUTI,Maruti Suzuki,Auto,Q1FY25,Raghunandan NL,Analyst,Got it sir. The 8th pay commission is expected next year. How do you see the positive impact on,19
MARUTI,Maruti Suzuki,Auto,Q1FY25,Rahul Bharti,Analyst,"So, it's slightly premature to estimate the benefit on account of that. We also have to keep in",18
MARUTI,Maruti Suzuki,Auto,Q1FY25,Rahul Bharti,Analyst,"Depending upon the definition, because different people have different definition, we can take",13
MARUTI,Maruti Suzuki,Auto,Q1FY25,Raghunandan NL,Analyst,Thanks for that sir. Can you please indicate the retail for Q1 and dealer inventory at end of the,19
MARUTI,Maruti Suzuki,Auto,Q1FY25,Rahul Bharti,Analyst,"The dealer inventory is fairly in control. In fact, we have been the most conservative, probably,",16
MARUTI,Maruti Suzuki,Auto,Q1FY25,Raghunandan NL,Analyst,"Got it sir. Just the last thing before I fall back, if you can share the discounts and exports number?",20
MARUTI,Maruti Suzuki,Auto,Q1FY25,Arnab Roy,Analyst,"Export revenue is in the range of about Rs. 6,500 crores overall, and discount is flattish compared",17
MARUTI,Maruti Suzuki,Auto,Q1FY25,Moderator,Moderator,Thank you. The next question is from the line of Amyn Pirani from JP Morgan. Please go ahead.,18
MARUTI,Maruti Suzuki,Auto,Q1FY25,Amyn Pirani,Analyst,"Hi, thanks for the opportunity and congratulations on the strong performance despite weak",13
MARUTI,Maruti Suzuki,Auto,Q1FY25,Rahul Bharti,Analyst,"Okay. So, it is a challenge, and of course our people, our engineers are working to mitigate it",18
MARUTI,Maruti Suzuki,Auto,Q1FY25,Amyn Pirani,Analyst,"Okay, fair enough. Secondly, just on the mix obviously this quarter your exports have been doing",16
MARUTI,Maruti Suzuki,Auto,Q1FY25,Arnab Roy,Analyst,"See overall, if you look at an overall broader perspective, it's fairly even-steven, there is not",16
MARUTI,Maruti Suzuki,Auto,Q1FY25,Amyn Pirani,Analyst,"Understood, thanks for this, I will come back in the queue.",11
MARUTI,Maruti Suzuki,Auto,Q1FY25,Moderator,Moderator,Thank you. The next question is from the line of Gunjan Prithyani from Bank of America. Please,17
MARUTI,Maruti Suzuki,Auto,Q1FY25,Gunjan Prithyani,Analyst,"Hi, thanks for taking my questions. Just follow up again on the retail number for this quarter. If",18
MARUTI,Maruti Suzuki,Auto,Q1FY25,Rahul Bharti,Analyst,"So, the retail was about 380,000 units, and the de-growth was lesser in retail than in the",17
MARUTI,Maruti Suzuki,Auto,Q1FY25,Arnab Roy,Analyst,"Other question was on discount. Yes, it is flat on a rupees per car basis, flattish.",16
MARUTI,Maruti Suzuki,Auto,Q1FY25,Gunjan Prithyani,Analyst,"Okay, got it. Any color on urban, like you said de-growth, is there any difference that you are",18
MARUTI,Maruti Suzuki,Auto,Q1FY25,Gunjan Prithyani,Analyst,"Okay, sorry. Just last clarification on this. Rural salience for us now stands at what? How much",17
MARUTI,Maruti Suzuki,Auto,Q1FY25,Rahul Bharti,Analyst,"We used to monitor this parameter a few years ago, but now the lines are getting hazier. So, now",19
MARUTI,Maruti Suzuki,Auto,Q1FY25,Gunjan Prithyani,Analyst,Okay And the 2nd question is more on the demand environment. Of course it's been quite soft,17
MARUTI,Maruti Suzuki,Auto,Q1FY25,Rahul Bharti,Analyst,"So, in the beginning of the year, yes, the industry body had given a kind of a guess of 1% to 2%",22
MARUTI,Maruti Suzuki,Auto,Q1FY25,Gunjan Prithyani,Analyst,"Okay, got it. Just last one on CAFE norms. A lot of noise has been there in the press around the",21
MARUTI,Maruti Suzuki,Auto,Q1FY25,Rahul Bharti,Analyst,"See to the extent the discussions are in SIAM, I won't be able to answer because SIAM is the",19
MARUTI,Maruti Suzuki,Auto,Q1FY25,Gunjan Prithyani,Analyst,"Okay got it, I will join back the queue. Thank you.",11
MARUTI,Maruti Suzuki,Auto,Q1FY25,Moderator,Moderator,Thank You. The next question is from the line of Amit Hiranandani from Phillip Capital. Please,16
MARUTI,Maruti Suzuki,Auto,Q1FY25,Amit Hiranandani,Management,"Thanks for the opportunity and congrats for the decent set of numbers. Sir, just on the exports",17
MARUTI,Maruti Suzuki,Auto,Q1FY25,Rahul Bharti,Analyst,"Thanks for this question. See, a lot of efforts have gone in the full past decade at a very deep",20
MARUTI,Maruti Suzuki,Auto,Q1FY25,Amit Hiranandani,Management,"Yes, commendable work sir on the export front. Sir my second question is, basically I want to",17
MARUTI,Maruti Suzuki,Auto,Q1FY25,Rahul Bharti,Analyst,"Sorry to interrupt you. You had one question on discounting. No that's not the case, we are",17
MARUTI,Maruti Suzuki,Auto,Q1FY25,Amit Hiranandani,Management,"Sure, thanks for that. Sir, how much percentage will be SUVs in Maruti’s upcoming launches",15
MARUTI,Maruti Suzuki,Auto,Q1FY25,Rahul Bharti,Analyst,"Normally, auto manufacturers do not share launches so much in advance. They just share the",15
MARUTI,Maruti Suzuki,Auto,Q1FY25,Amit Hiranandani,Management,Just one last quick question. Why other income was higher and the CAPEX outlook for this,16
MARUTI,Maruti Suzuki,Auto,Q1FY25,Arnab Roy,Analyst,"So, other income has been higher as you can see it from the results. It is predominantly driven",18
MARUTI,Maruti Suzuki,Auto,Q1FY25,Arnab Roy,Analyst,"So, we had an outlook of about close to 10,000 crores for the year, and we are tracking at about",20
MARUTI,Maruti Suzuki,Auto,Q1FY25,Moderator,Moderator,Thank you. The next question is from the line of Binay from Morgan Stanley. Please go ahead.,17
MARUTI,Maruti Suzuki,Auto,Q1FY25,Binay,Management,"Hi team, thanks for the opportunity. My question is on supply chain resilience when it comes to",17
MARUTI,Maruti Suzuki,Auto,Q1FY25,Rahul Bharti,Analyst,"Binay very good question. I hope we had an equally good answer. This is a challenge, it was",18
MARUTI,Maruti Suzuki,Auto,Q1FY25,Binay,Management,"Right. Secondly, Rahul just on the coming festival season like you talked about, you will have",16
MARUTI,Maruti Suzuki,Auto,Q1FY25,Rahul Bharti,Analyst,"See, one of our SUVs is the EV. You are aware and we have taken many steps to give the",20
MARUTI,Maruti Suzuki,Auto,Q1FY25,Binay,Management,"Right, especially with regard to the other launch not the EV one, the other SUV?",15
MARUTI,Maruti Suzuki,Auto,Q1FY25,Rahul Bharti,Analyst,We have to keep in mind that only Maruti Suzuki has this advantage in India that we have two,19
MARUTI,Maruti Suzuki,Auto,Q1FY25,Moderator,Moderator,Thank you. The next question is from the line of Rishi Vora from Kotak Securities. Please go,17
MARUTI,Maruti Suzuki,Auto,Q1FY25,Rishi Vora,Analyst,"Thank you for the opportunity. Just first on the EV launch. So, when are we going to export the",19
MARUTI,Maruti Suzuki,Auto,Q1FY25,Rahul Bharti,Analyst,"See, we will have to dispatch cars to about 100 markets of the world including India. So, some",18
MARUTI,Maruti Suzuki,Auto,Q1FY25,Rishi Vora,Analyst,"So, it does not happen in the month of July. Right?",11
MARUTI,Maruti Suzuki,Auto,Q1FY25,Rahul Bharti,Analyst,Today is the last day of July and it has not happened today.,13
MARUTI,Maruti Suzuki,Auto,Q1FY25,Rishi Vora,Analyst,"Understood. Secondly, on the Grand Vitara volumes, we have seen quite a significant decline in",15
MARUTI,Maruti Suzuki,Auto,Q1FY25,Rahul Bharti,Analyst,"See, the product is good, the customer response is good and the customers who have seen it",17
MARUTI,Maruti Suzuki,Auto,Q1FY25,Rishi Vora,Analyst,"Understood. On the ICE SUV launch, which is slated for release in the coming months, will it",17
MARUTI,Maruti Suzuki,Auto,Q1FY25,Rahul Bharti,Analyst,If I tell you now you won't come to our launch. I want to invite you to our launch.,19
MARUTI,Maruti Suzuki,Auto,Q1FY25,Rishi Vora,Analyst,"Understood and just last thing. Just on the ASP side, will there also be some positive impact of",18
MARUTI,Maruti Suzuki,Auto,Q1FY25,Rahul Bharti,Analyst,"What I can tell you is, that let's say by end of July which is now, almost 97% of our volume by",22
MARUTI,Maruti Suzuki,Auto,Q1FY25,Rishi Vora,Analyst,"Understood and by any chance you know the number, what would be by end of March?",16
MARUTI,Maruti Suzuki,Auto,Q1FY25,Rahul Bharti,Analyst,"It's a transition phase, so just wait for the next quarter.",11
MARUTI,Maruti Suzuki,Auto,Q1FY25,Moderator,Moderator,Thank you. The next question is from the line of Kapil Singh from Nomura. Please go ahead.,17
MARUTI,Maruti Suzuki,Auto,Q1FY25,Kapil Singh,Analyst,"Good evening sir, just a few numbers which I wanted. Firstly, the spare sales for the quarter if",18
MARUTI,Maruti Suzuki,Auto,Q1FY25,Arnab Roy,Analyst,"Okay, first on the last one, the CAPEX is MSIL, SMG is over and above it. So, that's the first",20
MARUTI,Maruti Suzuki,Auto,Q1FY25,Arnab Roy,Analyst,"Yes, just give me a moment. So, the growth is about 13%, I don't think we have the exact number",20
MARUTI,Maruti Suzuki,Auto,Q1FY25,Kapil Singh,Analyst,Okay. Sir how much cash do we have? What is the yield we have on the Treasury book?,18
MARUTI,Maruti Suzuki,Auto,Q1FY25,Arnab Roy,Analyst,"This is a June quarter, so we don't share the balance sheet. So you can do the math, and you can",21
MARUTI,Maruti Suzuki,Auto,Q1FY25,Kapil Singh,Analyst,"Right. One question I had on the electric vehicle launch in the global markets, particularly",15
MARUTI,Maruti Suzuki,Auto,Q1FY25,Rahul Bharti,Analyst,"Interesting. So, Europe today has about 12% EV penetration, but the appetite is high. Japan has",16
MARUTI,Maruti Suzuki,Auto,Q1FY25,Rahul Bharti,Analyst,"See, obviously this will not be like India, where Maruti Suzuki is a dominant player. But there",17
MARUTI,Maruti Suzuki,Auto,Q1FY25,Moderator,Moderator,Thank you. The next question is from the line of Pramod Amthe from InCred. Please go ahead.,17
MARUTI,Maruti Suzuki,Auto,Q1FY25,Pramod Amthe,Analyst,"Thanks. So, Rahul, this is with regard to the exports. As a proportion of mix, we seem to be",19
MARUTI,Maruti Suzuki,Auto,Q1FY25,Rahul Bharti,Analyst,"As I mentioned, we export to about 100 countries of the world. The mix is, it's for example, it",19
MARUTI,Maruti Suzuki,Auto,Q1FY25,Pramod Amthe,Analyst,"The second one is taking forward to the EV exports. So, how do you need to track from India",19
MARUTI,Maruti Suzuki,Auto,Q1FY25,Pramod Amthe,Analyst,"Yeah, I was saying initial pricing has come through, in Europe how the products are pricing, so,",17
MARUTI,Maruti Suzuki,Auto,Q1FY25,Rahul Bharti,Analyst,"See how they price it in their markets is their strategy. But of course, since we have to export",19
MARUTI,Maruti Suzuki,Auto,Q1FY25,Pramod Amthe,Analyst,And you will be working on quarterly targets of pushing volumes to the parent based on the,17
MARUTI,Maruti Suzuki,Auto,Q1FY25,Rahul Bharti,Analyst,"So, like it happens in all markets. Every market has a customer appetite and there is a demand",18
MARUTI,Maruti Suzuki,Auto,Q1FY25,Moderator,Moderator,"Thank you. Ladies and gentlemen, we will take that as the last question for the day. On behalf",18
MARUTI,Maruti Suzuki,Auto,Q2FY25,Moderator,Moderator,"Ladies and gentlemen, good day and welcome to Maruti Suzuki India Limited Q2 FY26",14
MARUTI,Maruti Suzuki,Auto,Q2FY25,Pranav Ambaprasad,Management,"Thank you, Rutuja. Ladies and gentlemen, good evening once again. Welcome you all to the Q2",16
MARUTI,Maruti Suzuki,Auto,Q2FY25,Rahul Bharti,Analyst,"Thanks Pranav, Good evening, ladies and gentlemen, and thank you for joining us.",13
MARUTI,Maruti Suzuki,Auto,Q2FY25,Moderator,Moderator,Thank you very much. We will now begin the question-and-answer session. The first question,14
MARUTI,Maruti Suzuki,Auto,Q2FY25,Raghunandan NL,Analyst,"Thank you, sir, for the opportunity, and festive greetings. Two questions. Firstly, how was the",15
MARUTI,Maruti Suzuki,Auto,Q2FY25,Rahul Bharti,Analyst,"Great. So, in the festive season, if we talk about retail sales, and I am talking about the period",19
MARUTI,Maruti Suzuki,Auto,Q2FY25,Raghunandan NL,Analyst,"Sir, the strategy to take the market share back to 50%.",11
MARUTI,Maruti Suzuki,Auto,Q2FY25,Rahul Bharti,Analyst,"Sorry. I want to add one more piece of statistics. In the month of October, our retail grew by",19
MARUTI,Maruti Suzuki,Auto,Q2FY25,Moderator,Moderator,Thank you. The next question is from the line of Binay Singh from Morgan Stanley. Please go,17
MARUTI,Maruti Suzuki,Auto,Q2FY25,Binay Singh,Management,"Hi, team. Thanks for the opportunity. Just continuing on the earlier comments you made, like",15
MARUTI,Maruti Suzuki,Auto,Q2FY25,Rahul Bharti,Analyst,"We have to be conscious that this would have had some amount of deferred sales, some amount",17
MARUTI,Maruti Suzuki,Auto,Q2FY25,Binay Singh,Management,"And, Rahul, just a 6% number. Like earlier, we had talked about, I think, 10% H2 growth in",18
MARUTI,Maruti Suzuki,Auto,Q2FY25,Rahul Bharti,Analyst,We had mentioned 10% for the small car segment and 6% overall.,12
MARUTI,Maruti Suzuki,Auto,Q2FY25,Binay Singh,Management,In the second half for industry. Is that what you are saying?,12
MARUTI,Maruti Suzuki,Auto,Q2FY25,Rahul Bharti,Analyst,"The second half and beyond. See, in the month of October, the cars that were in the 18% bracket",19
MARUTI,Maruti Suzuki,Auto,Q2FY25,Binay Singh,Management,"And lastly, typically post-festive, we see production volumes dropping down. Now that October",13
MARUTI,Maruti Suzuki,Auto,Q2FY25,Rahul Bharti,Analyst,Our production colleagues have worked for three Sundays now and probably will need to work,15
MARUTI,Maruti Suzuki,Auto,Q2FY25,Binay Singh,Management,Great. Thanks. I will come back in the queue. Thank you.,11
MARUTI,Maruti Suzuki,Auto,Q2FY25,Moderator,Moderator,Thank you. The next question is from the line of Gunjan Prithyani from Bank of America. Please,17
MARUTI,Maruti Suzuki,Auto,Q2FY25,Gunjan Prithyani,Analyst,Hi. Thanks for taking my question. Just a quick clarification. Did you talk about the pending,16
MARUTI,Maruti Suzuki,Auto,Q2FY25,Rahul Bharti,Analyst,"Sorry your voice is not clear but if your question is on pending bookings, it's about 200,000",17
MARUTI,Maruti Suzuki,Auto,Q2FY25,Gunjan Prithyani,Analyst,"Just two questions. Firstly, on the small car recovery that we are seeing right now. Of course, it",18
MARUTI,Maruti Suzuki,Auto,Q2FY25,Rahul Bharti,Analyst,"I think studying the market, studying the consumer trends and studying what can we do different",16
MARUTI,Maruti Suzuki,Auto,Q2FY25,Gunjan Prithyani,Analyst,And second question on the margin. Just looking for a clarification on what did this depreciation,16
MARUTI,Maruti Suzuki,Auto,Q2FY25,Arnab Roy,Analyst,"I will take your question, Gunjan. This is Arnab. So, all the depreciation is primarily coming out",17
MARUTI,Maruti Suzuki,Auto,Q2FY25,Gunjan Prithyani,Analyst,"Kharkhoda had already reflected from March and June quarter. So, I am a little unsure about the",17
MARUTI,Maruti Suzuki,Auto,Q2FY25,Arnab Roy,Analyst,"See, Kharkhoda is one of the factors. Plus, we had a new model launch which came out, the",18
MARUTI,Maruti Suzuki,Auto,Q2FY25,Gunjan Prithyani,Analyst,All right. I will join back in the queue. Thank you.,11
MARUTI,Maruti Suzuki,Auto,Q2FY25,Moderator,Moderator,Thank you. The next question is from the line of Kapil Singh from Nomura. Please go ahead.,17
MARUTI,Maruti Suzuki,Auto,Q2FY25,Kapil Singh,Analyst,"Good evening, sir. I just wanted to understand, we have seen a very strong improvement in ASPs.",17
MARUTI,Maruti Suzuki,Auto,Q2FY25,Arnab Roy,Analyst,"I think we are holding on to the mix. So, overall, if we have to talk about the ASP, in Quarter 2",22
MARUTI,Maruti Suzuki,Auto,Q2FY25,Kapil Singh,Analyst,"Any color you can share here? Which model, mix or what mix has led to a QoQ improvement",18
MARUTI,Maruti Suzuki,Auto,Q2FY25,Arnab Roy,Analyst,"It's a combination of multiple things because there are multiple markets, multiple things which",14
MARUTI,Maruti Suzuki,Auto,Q2FY25,Kapil Singh,Analyst,"And can you just let us know, where are the inventory levels? And I also missed the retail sales",19
MARUTI,Maruti Suzuki,Auto,Q2FY25,Rahul Bharti,Analyst,"Yes, that's right. Last year, 211,000 units during the festive period (3rd October’24 to 11th",15
MARUTI,Maruti Suzuki,Auto,Q2FY25,Arnab Roy,Analyst,"So, as of September end, we were at about 38 days of inventory. And as Rahul said, the October",19
MARUTI,Maruti Suzuki,Auto,Q2FY25,Kapil Singh,Analyst,And just one question I had on the pricing power now. How to think about that and the discounts?,19
MARUTI,Maruti Suzuki,Auto,Q2FY25,Rahul Bharti,Analyst,"It's not easy to say this. It depends on many, many factors. So, we will, of course, watch the",19
MARUTI,Maruti Suzuki,Auto,Q2FY25,Moderator,Moderator,Thank you. The next question is from the line of Amit Hiranandani from Phillip Capital. Please,16
MARUTI,Maruti Suzuki,Auto,Q2FY25,Amit Hiranandani,Management,"Thanks for the opportunity and congrats team for the decent set of numbers. Sir, my question",16
MARUTI,Maruti Suzuki,Auto,Q2FY25,Rahul Bharti,Analyst,"So, we just answered this question. You know, pricing and discounts depend on many-many",14
MARUTI,Maruti Suzuki,Auto,Q2FY25,Amit Hiranandani,Management,"Sir, your retail sales have done very well. Basically, I wanted to understand what was the",16
MARUTI,Maruti Suzuki,Auto,Q2FY25,Rahul Bharti,Analyst,"Industry number, we would not have. Maybe by tomorrow evening we might get.",13
MARUTI,Maruti Suzuki,Auto,Q2FY25,Amit Hiranandani,Management,"So, lastly, any upward revision in the export’s growth target of 20% for this fiscal?",15
MARUTI,Maruti Suzuki,Auto,Q2FY25,Rahul Bharti,Analyst,"So, we should be exceeding our guidance of 400,000 units this year. In the first half, we have",18
MARUTI,Maruti Suzuki,Auto,Q2FY25,Moderator,Moderator,Thank you. The next question is from the line of Amyn Pirani from JP Morgan. Please go ahead.,18
MARUTI,Maruti Suzuki,Auto,Q2FY25,Amyn Pirani,Analyst,"Thanks for the opportunity. Most of my results related questions have already been asked. So, I",16
MARUTI,Maruti Suzuki,Auto,Q2FY25,Rahul Bharti,Analyst,What is good for India is good for Maruti and what is good for Maruti is good for India. We,20
MARUTI,Maruti Suzuki,Auto,Q2FY25,Amyn Pirani,Analyst,"Great. Thanks for the elaborate answer. As a follow-up, last year you talked about two new SUV",17
MARUTI,Maruti Suzuki,Auto,Q2FY25,Rahul Bharti,Analyst,Thanks for that question but I think you will have to retain your curiosity for some more time.,18
MARUTI,Maruti Suzuki,Auto,Q2FY25,Moderator,Moderator,Thank you. The next question is from the line of Kumar Rakesh from BNP Paribas. Please go,17
MARUTI,Maruti Suzuki,Auto,Q2FY25,Kumar Rakesh,Management,"Hi. Thanks. Good evening. My first question, Rahul, was around the same question which Amyn",15
MARUTI,Maruti Suzuki,Auto,Q2FY25,Rahul Bharti,Analyst,"The answer is yes, I do not know if you are aware Suzuki Motor Corporation on its website has",19
MARUTI,Maruti Suzuki,Auto,Q2FY25,"Suzuki.
Kumar Rakesh",Management,Got it. Is there any similar number or goals for Maruti Suzuki that you would want to share?,18
MARUTI,Maruti Suzuki,Auto,Q2FY25,Rahul Bharti,Analyst,"So, this 10% EBIT margin we have also adopted as a guiding light and management is working",17
MARUTI,Maruti Suzuki,Auto,Q2FY25,Kumar Rakesh,Management,Got it. That is very helpful. Thanks. My second question was more near term over the last two,18
MARUTI,Maruti Suzuki,Auto,Q2FY25,Arnab Roy,Analyst,"As I said earlier, gross margin and operating margin are a function of multiple factors. So, you",17
MARUTI,Maruti Suzuki,Auto,Q2FY25,Kumar Rakesh,Management,Thanks. Just a clarification. Can you share the CNG mix in the quarter?,13
MARUTI,Maruti Suzuki,Auto,Q2FY25,Moderator,Moderator,Thank you. The next question is from the line of Chandramouli Muthiah from Goldman Sachs.,15
MARUTI,Maruti Suzuki,Auto,Q2FY25,"Please go ahead.
Chandramouli Muthiah",Analyst,"Hi, good evening and thank you for taking my questions. My first question is just on the",17
MARUTI,Maruti Suzuki,Auto,Q2FY25,Chandramouli Muthiah,Analyst,That's helpful. Second question is just a clarification on export revenue in the quarter and also if,17
MARUTI,Maruti Suzuki,Auto,Q2FY25,Rahul Bharti,Analyst,"So, the export revenue is about 8,300 crores plus and your other question was?",14
MARUTI,Maruti Suzuki,Auto,Q2FY25,Chandramouli Muthiah,Analyst,The retail for the September quarter and discount per unit that you had in the quarter.,16
MARUTI,Maruti Suzuki,Auto,Q2FY25,Rahul Bharti,Analyst,"So, retail sales was about 394,000 units in Q2 FY26 and sales promotion sequentially affected",15
MARUTI,Maruti Suzuki,Auto,Q2FY25,Chandramouli Muthiah,Analyst,"Alright and just lastly on the eight SUVs launch plan over the next 5-6 years. I think as it stands,",20
MARUTI,Maruti Suzuki,Auto,Q2FY25,Chandramouli Muthiah,Analyst,Got it. So there can be some small car launches in tandem with the SUVs to keep that healthy,19
MARUTI,Maruti Suzuki,Auto,Q2FY25,Rahul Bharti,Analyst,There could be so many ways of looking at the portfolio.,11
MARUTI,Maruti Suzuki,Auto,Q2FY25,Chandramouli Muthiah,Analyst,Got it. Thank you very much and all the best.,10
MARUTI,Maruti Suzuki,Auto,Q2FY25,Moderator,Moderator,Thank you. The next question is from the line of Pramod Amthe from Incred Capital. Please go,17
MARUTI,Maruti Suzuki,Auto,Q2FY25,Pramod Amthe,Analyst,Hi Rahul. I wanted to get some color in terms of consumer profile in this recovery. Do you see,19
MARUTI,Maruti Suzuki,Auto,Q2FY25,Rahul Bharti,Analyst,"So, as anecdotally our marketing colleagues have mentioned, we see a lot of helmets coming",15
MARUTI,Maruti Suzuki,Auto,Q2FY25,Pramod Amthe,Analyst,"And looking at the first-time buyer, do you see a first-time buyer increasing. Do you need to do",18
MARUTI,Maruti Suzuki,Auto,Q2FY25,Rahul Bharti,Analyst,"So, there is some increase in the first-time buyers. Since these have been days of high sales",17
MARUTI,Maruti Suzuki,Auto,Q2FY25,Pramod Amthe,Analyst,"And related to GST also, do you see a decent reduction in the service charges because the parts",18
MARUTI,Maruti Suzuki,Auto,Q2FY25,Pramod Amthe,Analyst,There has also been a lot of auto component parts where the GST has been reduced. Does it have,19
MARUTI,Maruti Suzuki,Auto,Q2FY25,Rahul Bharti,Analyst,"So just to add to it, the share of the 4 entry level vehicles in our portfolio has gone up from about",22
MARUTI,Maruti Suzuki,Auto,Q2FY25,Moderator,Moderator,Thank you. Ladies and gentlemen this was the last question for today. With that we conclude,16
MARUTI,Maruti Suzuki,Auto,Q3FY25,Moderator,Moderator,"Ladies and gentlemen, good day, and welcome to the Maruti Suzuki Q3 FY '26 Earnings",15
MARUTI,Maruti Suzuki,Auto,Q3FY25,Pranav Ambaprasad,Management,"Thank you, Rayo. Ladies and gentlemen, good afternoon, once again. Welcome you all to the",15
MARUTI,Maruti Suzuki,Auto,Q3FY25,Rahul Bharti,Analyst,"Thanks, Pranav. Good afternoon, ladies and gentlemen, and thank you for joining us.",13
MARUTI,Maruti Suzuki,Auto,Q3FY25,"Thank you.
Moderator",Moderator,The first question is from Gunjan Prithyani from Bank of America. Please go ahead.,14
MARUTI,Maruti Suzuki,Auto,Q3FY25,Gunjan Prithyani,Analyst,"Just looking for a bit of clarification on the numbers that you shared on the margin, can you talk",19
MARUTI,Maruti Suzuki,Auto,Q3FY25,Rahul Bharti,Analyst,"So we are seeing some kind of headwinds in commodities at the moment in platinum, palladium,",16
MARUTI,Maruti Suzuki,Auto,Q3FY25,Gunjan Prithyani,Analyst,"Okay. And bit more on precious metals, how significant is it in terms of the commodity costs?",17
MARUTI,Maruti Suzuki,Auto,Q3FY25,Rahul Bharti,Analyst,"As of now, we have not taken a view on to the future. But yes, we can mention to you that the",22
MARUTI,Maruti Suzuki,Auto,Q3FY25,Gunjan Prithyani,Analyst,Got it. And my second question is on the demand outlook. I mean you clearly sound very,17
MARUTI,Maruti Suzuki,Auto,Q3FY25,Rahul Bharti,Analyst,"So, as I mentioned, in the immediate short-term, of course, we are constrained by supply, and",16
MARUTI,Maruti Suzuki,Auto,Q3FY25,Gunjan Prithyani,Analyst,"Got it. And just lastly, just housekeeping, if you can give the discounts and the retail volumes",17
MARUTI,Maruti Suzuki,Auto,Q3FY25,Rahul Bharti,Analyst,"So of course, as we mentioned, the discounts were at a much lower level. As you’re aware,",17
MARUTI,Maruti Suzuki,Auto,Q3FY25,Gunjan Prithyani,Analyst,Okay. Retail volumes and I will join back the queue.,10
MARUTI,Maruti Suzuki,Auto,Q3FY25,Moderator,Moderator,The next question is from Chandramouli Muthiah from Goldman Sachs. Please go ahead.,13
MARUTI,Maruti Suzuki,Auto,Q3FY25,Chandramouli Muthiah,Analyst,"My first question is just around the amalgamated financials. So, if I were to just compare, it",17
MARUTI,Maruti Suzuki,Auto,Q3FY25,Arnab Roy,Analyst,I'll take this question. You're right on the classification part of depreciation and rent. I think,16
MARUTI,Maruti Suzuki,Auto,Q3FY25,Chandramouli Muthiah,Analyst,That's helpful. Second question is just around export volumes. I think over the past 4 to 5,17
MARUTI,Maruti Suzuki,Auto,Q3FY25,Rahul Bharti,Analyst,"So yes, there was a one-off in the quarter 3. We missed a shipment for some logistical reasons.",18
MARUTI,Maruti Suzuki,Auto,Q3FY25,Chandramouli Muthiah,Analyst,"Got it. That's helpful. And lastly, if you could you share the export revenue for the quarter,",17
MARUTI,Maruti Suzuki,Auto,Q3FY25,Moderator,Moderator,The next question is from Arvind Sharma from Citigroup. Please go ahead.,12
MARUTI,Maruti Suzuki,Auto,Q3FY25,Arvind Sharma,Analyst,Thank you for taking my question. If you could just tell us the reason for this quarter-on-quarter,17
MARUTI,Maruti Suzuki,Auto,Q3FY25,Rahul Bharti,Analyst,"I don't think it's the Net Sales. In our top line, apart from the sale of vehicles, we have other",20
MARUTI,Maruti Suzuki,Auto,Q3FY25,Arvind Sharma,Analyst,"Got it. Thank you, sir. The second question, if I could ask, would be on VICTORIS versus Grand",18
MARUTI,Maruti Suzuki,Auto,Q3FY25,Rahul Bharti,Analyst,"So, the VICTORIS is our latest model. Of course, it should contribute to profits healthily. There's",16
MARUTI,Maruti Suzuki,Auto,Q3FY25,Arvind Sharma,Analyst,"Thank you so much, sir. And sir, if I may just ask one small clarification. While you have",18
MARUTI,Maruti Suzuki,Auto,Q3FY25,Arnab Roy,Analyst,"There is no significant recurring impact. It's predominantly the past services cost, which has got",15
MARUTI,Maruti Suzuki,Auto,Q3FY25,Moderator,Moderator,The next question is from Kapil Singh from Nomura. Please go ahead.,12
MARUTI,Maruti Suzuki,Auto,Q3FY25,Kapil Singh,Analyst,My question is on the demand outlook. Could you share your outlook between the segments of,16
MARUTI,Maruti Suzuki,Auto,Q3FY25,Rahul Bharti,Analyst,"So, Kapil, we are seeing a healthy demand all across. Of course, small cars were earlier at a",18
MARUTI,Maruti Suzuki,Auto,Q3FY25,"I missed.
Kapil Singh",Analyst,"Yes. First-time buyer mix, have you seen any changes before?",10
MARUTI,Maruti Suzuki,Auto,Q3FY25,Rahul Bharti,Analyst,"Yes. We have seen a positive swing. There are so many ways of defining. But generally, we",17
MARUTI,Maruti Suzuki,Auto,Q3FY25,Kapil Singh,Analyst,"Sir, what is the number? How much is it now?",10
MARUTI,Maruti Suzuki,Auto,Q3FY25,Rahul Bharti,Analyst,"So, there are so many ways of defining, the increase is 7%.",12
MARUTI,Maruti Suzuki,Auto,Q3FY25,Kapil Singh,Analyst,"We used to say around like around 40% or so, right. So, if we should assume 47% or something?",19
MARUTI,Maruti Suzuki,Auto,Q3FY25,Rahul Bharti,Analyst,"So, with respect to that benchmark, yes, it has gone up by 7%.",13
MARUTI,Maruti Suzuki,Auto,Q3FY25,Kapil Singh,Analyst,"Okay. Fair enough. And sir, the second question is on the pricing. Normally, we take a price",17
MARUTI,Maruti Suzuki,Auto,Q3FY25,Rahul Bharti,Analyst,"See, this is a historic GST reform and the momentum generated is from something like 0%,",16
MARUTI,Maruti Suzuki,Auto,Q3FY25,Moderator,Moderator,Next question is from Mumuksh Mandlesha from Anand Rathi Institutional Equities.,11
MARUTI,Maruti Suzuki,Auto,Q3FY25,Mumuksh Mandlesha,Analyst,"For the exports market for CY '26, any outlook you want to share? How do you see the exports",19
MARUTI,Maruti Suzuki,Auto,Q3FY25,Rahul Bharti,Analyst,"VICTORIS, we sent out the first shipment of about 400-500 numbers from the Gujarat port. And",16
MARUTI,Maruti Suzuki,Auto,Q3FY25,Mumuksh Mandlesha,Analyst,"Got it, sir. On the e VITARA side, how are you seeing the ramp-up? Globally, how is the",18
MARUTI,Maruti Suzuki,Auto,Q3FY25,Rahul Bharti,Analyst,"So, the e VITARA, as I mentioned in my opening remarks also, till the end of December, we",18
MARUTI,Maruti Suzuki,Auto,Q3FY25,Mumuksh Mandlesha,Analyst,"Got it, sir. Just on the financial side. This forex impact is part of which line item, sir?",18
MARUTI,Maruti Suzuki,Auto,Q3FY25,Arnab Roy,Analyst,"Forex is part of raw material, predominantly. So that's where it is impacting. And I think in the",18
MARUTI,Maruti Suzuki,Auto,Q3FY25,Mumuksh Mandlesha,Analyst,"Got it, sir. And sir, possible to share spares number this quarter? And how it has moved",17
MARUTI,Maruti Suzuki,Auto,Q3FY25,Mumuksh Mandlesha,Analyst,"Got it, sir. Lastly, just on the steel prices also have recently moved up. Are you seeing the impact",19
MARUTI,Maruti Suzuki,Auto,Q3FY25,Rahul Bharti,Analyst,"So, the government had given a safeguard duty in some grades, with some price limits. The auto",17
MARUTI,Maruti Suzuki,Auto,Q3FY25,Moderator,Moderator,The next question is from Rishi Vora from Kotak Securities. Please go ahead.,13
MARUTI,Maruti Suzuki,Auto,Q3FY25,Rishi Vora,Analyst,My first question is just a clarification on SMG amalgamation. You have said that we have,16
MARUTI,Maruti Suzuki,Auto,Q3FY25,Arnab Roy,Analyst,"As per Ind AS, you have to restate the financials for previous year. So that's accounting stand",17
MARUTI,Maruti Suzuki,Auto,Q3FY25,Rishi Vora,Analyst,Okay. So that is also a like-for-like SMG amalgamated number?,10
MARUTI,Maruti Suzuki,Auto,Q3FY25,Arnab Roy,Analyst,"Yes, everywhere. I mean when the moment you do it; you'll have to restate all the comparable",17
MARUTI,Maruti Suzuki,Auto,Q3FY25,Rishi Vora,Analyst,Understood. Second question is regarding the 50 bps of Fixed Cost Incidence you talked about.,15
MARUTI,Maruti Suzuki,Auto,Q3FY25,Arnab Roy,Analyst,"See, it's a mathematical thing. In Q3, there was a depletion in inventory at the factory. Obviously,",17
MARUTI,Maruti Suzuki,Auto,Q3FY25,Rishi Vora,Analyst,Understood. And just last question on the commodity side of things. I just wanted to understand,16
MARUTI,Maruti Suzuki,Auto,Q3FY25,Rahul Bharti,Analyst,"Yes. The largest commodity is steel, which you cannot hedge. So, we do a quarterly negotiation,",16
MARUTI,Maruti Suzuki,Auto,Q3FY25,Arnab Roy,Analyst,"And just to supplement here, if you look at it, there is a predictable trend to the commodity, then",19
MARUTI,Maruti Suzuki,Auto,Q3FY25,Rishi Vora,Analyst,"So right now, just to clarify, do we have any hedges or we don't?",14
MARUTI,Maruti Suzuki,Auto,Q3FY25,Moderator,Moderator,Next question is from Binay Singh from Morgan Stanley. Please go ahead.,12
MARUTI,Maruti Suzuki,Auto,Q3FY25,Binay Singh,Management,"Looking at the backlog that you talked about and demand trends, how do you see mix trending",17
MARUTI,Maruti Suzuki,Auto,Q3FY25,Rahul Bharti,Analyst,"Binay, I may want to tell you that once demand momentum comes, the operating leverage is so",17
MARUTI,Maruti Suzuki,Auto,Q3FY25,Binay Singh,Management,"Right. And Rahul, that leads me to the second question, how to think about EBIT margins",16
MARUTI,Maruti Suzuki,Auto,Q3FY25,Arnab Roy,Analyst,"See, I think we have clarified this a few quarters now that we don't give a forward-looking",17
MARUTI,Maruti Suzuki,Auto,Q3FY25,Binay Singh,Management,"And then just lastly, on this price reduction, 70 basis points hit that we said, we had earlier also",19
MARUTI,Maruti Suzuki,Auto,Q3FY25,Rahul Bharti,Analyst,"So, we had announced these and customers who had booked that time, some of them we have",17
MARUTI,Maruti Suzuki,Auto,Q3FY25,Moderator,Moderator,Next question is from Pramod Amthe from InCred Capital. Please go ahead.,12
MARUTI,Maruti Suzuki,Auto,Q3FY25,Pramod Amthe,Analyst,"So, two questions. One is considering the buoyancy in demand and also the low inventory, do",16
MARUTI,Maruti Suzuki,Auto,Q3FY25,Rahul Bharti,Analyst,"So, in terms of capacity, I mentioned that two plants will come onstream. And now we are at a",19
MARUTI,Maruti Suzuki,Auto,Q3FY25,Pramod Amthe,Analyst,"So, would you balance between capacity versus new model launches? Because those are the two",15
MARUTI,Maruti Suzuki,Auto,Q3FY25,Pramod Amthe,Analyst,"When you look at capex, one is for fixed asset, and the second one is for new model launches.",19
MARUTI,Maruti Suzuki,Auto,Q3FY25,Rahul Bharti,Analyst,"No, there is no need to cut down on any one of them. If market demand exists, whatever it takes,",20
MARUTI,Maruti Suzuki,Auto,Q3FY25,Pramod Amthe,Analyst,"I agree because we haven't seen such a 0.5 million capacity being installed at one go. So hence,",18
MARUTI,Maruti Suzuki,Auto,Q3FY25,"I was asking on the capex.
Rahul Bharti",Analyst,That speaks volumes about India's growth story. India is the third largest car market now. And,16
MARUTI,Maruti Suzuki,Auto,Q3FY25,Pramod Amthe,Analyst,"And related to that, in terms of new models, is there a delay in terms of EV rollout for India?",20
MARUTI,Maruti Suzuki,Auto,Q3FY25,Rahul Bharti,Analyst,"No. There is no delay. It's just that we are serving about 100 markets. So, some kind of time",19
MARUTI,Maruti Suzuki,Auto,Q3FY25,Pramod Amthe,Analyst,And the last one is with regard to the EU and UK FTA. How do you see an opportunity for you,21
MARUTI,Maruti Suzuki,Auto,Q3FY25,Rahul Bharti,Analyst,The preliminary details that have come out seem to be quite positive. From whatever we've heard,16
MARUTI,Maruti Suzuki,Auto,Q3FY25,Moderator,Moderator,Thank you very much. We'll take that as the last question. On behalf of Maruti Suzuki India,17
MARUTI,Maruti Suzuki,Auto,Q4FY25,Moderator,Moderator,"Ladies and gentlemen, good day, and welcome to the Maruti Suzuki India Limited Q4 FY '26",16
MARUTI,Maruti Suzuki,Auto,Q4FY25,Pranav Ambaprasad,Management,"Thank you, Dorwin. Ladies and gentlemen, good afternoon once again. Welcome you all to Q4",15
MARUTI,Maruti Suzuki,Auto,Q4FY25,Rahul Bharti,Analyst,"Thanks Pranav. Good afternoon, ladies and gentlemen, and thank you for joining us. Before I",15
MARUTI,Maruti Suzuki,Auto,Q4FY25,Moderator,Moderator,Our first question comes from the line of Gunjan Prithyani from Bank of America.,14
MARUTI,Maruti Suzuki,Auto,Q4FY25,Gunjan Prithyani,Analyst,My first question is on the cost headwinds and thanks for giving that margin bridge. Can you,17
MARUTI,Maruti Suzuki,Auto,Q4FY25,Rahul Bharti,Analyst,"Thanks, Gunjan. So though you asked only about margin, but I'll speak about both demand",15
MARUTI,Maruti Suzuki,Auto,Q4FY25,Gunjan Prithyani,Analyst,"Okay. Do we see a similar sort of cost headwind going into quarter 1 as well, 80 basis points",19
MARUTI,Maruti Suzuki,Auto,Q4FY25,Rahul Bharti,Analyst,"A lot of mitigation actions are in progress. In fact, that management spends a lot of time on this.",19
MARUTI,Maruti Suzuki,Auto,Q4FY25,Gunjan Prithyani,Analyst,Okay. Got it. My second question is on the emission regulations now. I'm assuming the CAFE,16
MARUTI,Maruti Suzuki,Auto,Q4FY25,Rahul Bharti,Analyst,CAFE is an energy efficiency regulation. The final draft is yet to be notified. So it's not right to,19
MARUTI,Maruti Suzuki,Auto,Q4FY25,Gunjan Prithyani,Analyst,What can be the cost increase because of flex-fuel for upgrading the engine or complement,15
MARUTI,Maruti Suzuki,Auto,Q4FY25,Rahul Bharti,Analyst,"First of all, let me tell you, there are two distinct movements happening in ethanol. One is all",18
MARUTI,Maruti Suzuki,Auto,Q4FY25,Gunjan Prithyani,Analyst,Okay. Got it. I will join back the queue. Thank you so much.,13
MARUTI,Maruti Suzuki,Auto,Q4FY25,Moderator,Moderator,Thank you. Our next question comes from the line of Chandramouli Muthiah from Goldman,14
MARUTI,Maruti Suzuki,Auto,Q4FY25,"Sachs. Please go ahead.
Chandramouli Muthiah",Analyst,"Hi, good evening and thanks for taking my question. My first question is around the growth",16
MARUTI,Maruti Suzuki,Auto,Q4FY25,Rahul Bharti,Analyst,Our Chairman just mentioned that this time we would be thinking of utilizing our new plants.,16
MARUTI,Maruti Suzuki,Auto,Q4FY25,Chandramouli Muthiah,Analyst,"Second question is around capacity. You mentioned that there will be 250,000 units of additional",15
MARUTI,Maruti Suzuki,Auto,Q4FY25,Chandramouli Muthiah,Analyst,"Yes. So just related to that, last year when you had put the first Greenfield in Kharkhoda, there",18
MARUTI,Maruti Suzuki,Auto,Q4FY25,Arnab Roy,Analyst,"There will be some ramp-up definitely for the Kharkhoda Phase 2 plant, but we do not expect",17
MARUTI,Maruti Suzuki,Auto,Q4FY25,Chandramouli Muthiah,Analyst,"Got it. That's helpful. And last question, just bookkeeping questions around the other income",14
MARUTI,Maruti Suzuki,Auto,Q4FY25,Arnab Roy,Analyst,"Yes. First, let me answer your mark-to-market question. I think others will also have this",15
MARUTI,Maruti Suzuki,Auto,Q4FY25,Chandramouli Muthiah,Analyst,"Got it. And just the retail numbers, Maruti's retail volume number for the quarter. I think last",17
MARUTI,Maruti Suzuki,Auto,Q4FY25,Rahul Bharti,Analyst,"It was 415,000 units. This was for last year fourth quarter. This year, fourth quarter was 468,700",17
MARUTI,Maruti Suzuki,Auto,Q4FY25,Chandramouli Muthiah,Analyst,Makes sense. Thank you very much and all the best.,10
MARUTI,Maruti Suzuki,Auto,Q4FY25,Moderator,Moderator,Thank you. Our next question is from the line of Raghunandhan NL from Nuvama Research.,15
MARUTI,Maruti Suzuki,Auto,Q4FY25,"Please go ahead.
Raghunandhan NL",Analyst,"Good evening, team. Thank you for the opportunity. Sir, firstly, if you can indicate growth or",16
MARUTI,Maruti Suzuki,Auto,Q4FY25,Rahul Bharti,Analyst,It is a very hard to draw a line between urban and rural because the boundaries are blurring now.,19
MARUTI,Maruti Suzuki,Auto,Q4FY25,Raghunandhan NL,Analyst,"Noted, sir. And how are you seeing the trend in the first-time buyers and the share increase?",17
MARUTI,Maruti Suzuki,Auto,Q4FY25,Rahul Bharti,Analyst,Happy to share that the first-time buyer is about 51% in Q4 FY26. 18% is about replacement,17
MARUTI,Maruti Suzuki,Auto,Q4FY25,Raghunandhan NL,Analyst,"And how has the share increased, sir? How should we look at it? How has the share of first-time",19
MARUTI,Maruti Suzuki,Auto,Q4FY25,Rahul Bharti,Analyst,H1FY26 was about 42%. Q3FY26 was at 48% and Q4FY26 at 51%. It is a very clear signal that,19
MARUTI,Maruti Suzuki,Auto,Q4FY25,Raghunandhan NL,Analyst,"Got it sir. Thanks for sharing this. And this also aligns with that 130,000 small car orders, which",18
MARUTI,Maruti Suzuki,Auto,Q4FY25,Rahul Bharti,Analyst,What we can share with you is that EBIT margin has expanded by about 50 bps on account of,19
MARUTI,Maruti Suzuki,Auto,Q4FY25,Moderator,Moderator,Thank you. Our next question is from the line of Kumar Rakesh from BNP Paribas. Please go,17
MARUTI,Maruti Suzuki,Auto,Q4FY25,Kumar Rakesh,Management,Hi. Good evening and thank you for taking my question. My first question was for fiscal year’26-,17
MARUTI,Maruti Suzuki,Auto,Q4FY25,Rahul Bharti,Analyst,"We have a healthy product line-up, and we'll keep our customers enthralled. We need to improve",16
MARUTI,Maruti Suzuki,Auto,Q4FY25,Kumar Rakesh,Management,"Sure. But can we imply that going by that run rate, we should be having one new nameplate at",19
MARUTI,Maruti Suzuki,Auto,Q4FY25,Rahul Bharti,Analyst,"See, a model development is about 4 years lead time. So it's not necessary that we space it out",19
MARUTI,Maruti Suzuki,Auto,Q4FY25,Kumar Rakesh,Management,"Got it. And on the EV side, e VITARA now is launched in the domestic market as well. I",19
MARUTI,Maruti Suzuki,Auto,Q4FY25,Rahul Bharti,Analyst,"Thanks for that question. In fact, in my opening message, I mentioned that we are happy that",17
MARUTI,Maruti Suzuki,Auto,Q4FY25,Kumar Rakesh,Management,Got it. Just one final question on the margin side. I understand you spoke about that there are a,19
MARUTI,Maruti Suzuki,Auto,Q4FY25,Rahul Bharti,Analyst,So it's always difficult to give out a guidance on margins. But what I can tell you is the quarter,20
MARUTI,Maruti Suzuki,Auto,Q4FY25,Moderator,Moderator,Thank you. The next question comes from the line of Arvind Sharma from Citi. Please go ahead.,17
MARUTI,Maruti Suzuki,Auto,Q4FY25,Arvind Sharma,Analyst,"Thank you, sir, for taking my question. First would be on a Q-o-Q basis, ASPs have increased a",18
MARUTI,Maruti Suzuki,Auto,Q4FY25,Rahul Bharti,Analyst,We do believe that there is still headroom for ASP because of the upper segment models.,16
MARUTI,Maruti Suzuki,Auto,Q4FY25,Rahul Bharti,Analyst,"Yes. For example, EVs have to increase in the future. So that will help ASPs.",15
MARUTI,Maruti Suzuki,Auto,Q4FY25,Arvind Sharma,Analyst,"Sure. And on the balance sheet, just 2 points. What is the capex plan for these 2 expansions for",19
MARUTI,Maruti Suzuki,Auto,Q4FY25,Arnab Roy,Analyst,"Overall, on the capex for FY 26-27, we are looking at a INR14,000 crores capex for the full",18
MARUTI,Maruti Suzuki,Auto,Q4FY25,Arnab Roy,Analyst,"There will be always small timing issues, but let me just quickly see that once.",15
MARUTI,Maruti Suzuki,Auto,Q4FY25,Rahul Bharti,Analyst,So we'll come back on this while he has a look on the inventory. We can have the next question.,20
MARUTI,Maruti Suzuki,Auto,Q4FY25,Moderator,Moderator,Thank you. The next question is from the line of Amit Hiranandani from PhillipCapital. Please,15
MARUTI,Maruti Suzuki,Auto,Q4FY25,Amit Hiranandani,Management,"Yes, thanks team for the opportunity and congrats for a reasonable set of numbers despite the",16
MARUTI,Maruti Suzuki,Auto,Q4FY25,Rahul Bharti,Analyst,"No, no. We are speaking about Maruti, not the domestic PV industry. We are talking about",16
MARUTI,Maruti Suzuki,Auto,Q4FY25,"Maruti Suzuki expectation.
Amit Hiranandani",Management,"Understood. That's clear. And sir, secondly, on the export situation. So what are our plans to",16
MARUTI,Maruti Suzuki,Auto,Q4FY25,Rahul Bharti,Analyst,"If you can help me predict the war, I can predict the export number. So we are in a healthy",20
MARUTI,Maruti Suzuki,Auto,Q4FY25,Moderator,Moderator,"Thank you. Ladies and gentlemen, we will take that as the last question for today.",15
MARUTI,Maruti Suzuki,Auto,Q4FY25,Rahul Bharti,Analyst,"Sorry, there was one question which needs to be addressed.",10
MARUTI,Maruti Suzuki,Auto,Q4FY25,Arnab Roy,Analyst,So let me come back on the earlier inventory question before we close. It's a combination of,17
MARUTI,Maruti Suzuki,Auto,Q4FY25,Moderator,Moderator,"Thank you. With that, ladies and gentlemen, it brings our conference call to an end. On behalf",17
SUNPHARMA,Sun Pharma,Pharma,Q1FY25,Corporate Office,Analyst,"Sun House, 201 B/1, Western Express Highway, Goregaon (E), Mumbai - 400063",12
SUNPHARMA,Sun Pharma,Pharma,Q1FY25,Moderator,Moderator,"Ladies and gentlemen, good day, and welcome to Sun Pharma's Q1 FY'26 Earnings Conference Call.",15
SUNPHARMA,Sun Pharma,Pharma,Q1FY25,Abhishek Sharma,Analyst,Thank you. Good evening and a warm welcome to our first quarter FY'26 Earnings Call. I,16
SUNPHARMA,Sun Pharma,Pharma,Q1FY25,Jayashree Satagopan,Analyst,Good evening. Welcome and thank you for joining us in this earnings call after the,15
SUNPHARMA,Sun Pharma,Pharma,Q1FY25,Corporate Office,Analyst,"Sun House, 201 B/1, Western Express Highway, Goregaon (E), Mumbai - 400063",12
SUNPHARMA,Sun Pharma,Pharma,Q1FY25,Kirti Ganorkar,Analyst,"Thank you, Jayashree. I shall take you through the performance of our India business. For Q1,",16
SUNPHARMA,Sun Pharma,Pharma,Q1FY25,Corporate Office,Analyst,"Sun House, 201 B/1, Western Express Highway, Goregaon (E), Mumbai - 400063",12
SUNPHARMA,Sun Pharma,Pharma,Q1FY25,Richard Ascroft,Analyst,"Thank you, Kirti. I will provide an update on the performance of our US business. Our overall",17
SUNPHARMA,Sun Pharma,Pharma,Q1FY25,Dilip Shanghvi,Management,"Thank you, Rick. I will provide an update on the performance highlights of our other businesses",16
SUNPHARMA,Sun Pharma,Pharma,Q1FY25,"They plan to refile the application at an appropriate time when they have the requisite information. Sun Pharma
Corporate Office",Analyst,"Sun House, 201 B/1, Western Express Highway, Goregaon (E), Mumbai - 400063",12
SUNPHARMA,Sun Pharma,Pharma,Q1FY25,Abhishek Sharma,Analyst,"That ends the readout. Operator, if we can open the queue for Q&A.",13
SUNPHARMA,Sun Pharma,Pharma,Q1FY25,Moderator,Moderator,Sure. Thank you very much. We will now begin the question and answer session. The first question,17
SUNPHARMA,Sun Pharma,Pharma,Q1FY25,Kunal Dhamesha,Analyst,"Hi, thank you for the opportunity and good evening. The first one on the Ilumya successful",16
SUNPHARMA,Sun Pharma,Pharma,Q1FY25,Dilip Shanghvi,Management,"Yes, the plan is to present the data or publish the trial result in a reputed journal before we start",20
SUNPHARMA,Sun Pharma,Pharma,Q1FY25,Kunal Dhamesha,Analyst,"Sure, thank you for that. And the second question is regarding, we had suggested that there",16
SUNPHARMA,Sun Pharma,Pharma,Q1FY25,Dilip Shanghvi,Management,"So, in addition to the actual cost outgo, there will also be amortization of the cost of the",18
SUNPHARMA,Sun Pharma,Pharma,Q1FY25,Kunal Dhamesha,Analyst,"So, just a clarification. So, this 100 million includes both the cash and amortization charge",15
SUNPHARMA,Sun Pharma,Pharma,Q1FY25,Corporate Office,Analyst,"Sun House, 201 B/1, Western Express Highway, Goregaon (E), Mumbai - 400063",12
SUNPHARMA,Sun Pharma,Pharma,Q1FY25,Dilip Shanghvi,Management,"No, I think it will be the direct cost 100 million. Amortization will be separate.",15
SUNPHARMA,Sun Pharma,Pharma,Q1FY25,Jayashree Satagopan,Analyst,Amortization will be factored in our guidance that we have given.,11
SUNPHARMA,Sun Pharma,Pharma,Q1FY25,Kunal Dhamesha,Analyst,"Sure. Thank you. I have more questions, I will join back the queue.",13
SUNPHARMA,Sun Pharma,Pharma,Q1FY25,Moderator,Moderator,Thank you. Next question is from Neha Manpuria from Bank of America. Please go ahead.,15
SUNPHARMA,Sun Pharma,Pharma,Q1FY25,Neha Manpuria,Analyst,Thanks for taking my question. My first question is on Leqselvi. Now that we have launched,16
SUNPHARMA,Sun Pharma,Pharma,Q1FY25,Richard Ascroft,Analyst,"Yes. So, we just launched Leqselvi a couple weeks ago. We are very encouraged by the early",17
SUNPHARMA,Sun Pharma,Pharma,Q1FY25,Neha Manpuria,Analyst,"And Rick, in your view, when do you think this starts converting into revenue contributions,",15
SUNPHARMA,Sun Pharma,Pharma,Q1FY25,Richard Ascroft,Analyst,"If we plan, we will see some impact this year, this fiscal year.",13
SUNPHARMA,Sun Pharma,Pharma,Q1FY25,Neha Manpuria,Analyst,Understood. My second question is on the ROW market. That seems to have seen a very strong,17
SUNPHARMA,Sun Pharma,Pharma,Q1FY25,Corporate Office,Analyst,"Sun House, 201 B/1, Western Express Highway, Goregaon (E), Mumbai - 400063",12
SUNPHARMA,Sun Pharma,Pharma,Q1FY25,Dilip Shanghvi,Management,"No, I think she's asking about the rest of the world market. So I think the overall, there's no",19
SUNPHARMA,Sun Pharma,Pharma,Q1FY25,Neha Manpuria,Analyst,"Understood. I am sorry if I could squeeze in one more question. On the MFN, based on your",18
SUNPHARMA,Sun Pharma,Pharma,Q1FY25,Dilip Shanghvi,Management,"Yes, maybe Rick, you can respond because I am away from market that way.",14
SUNPHARMA,Sun Pharma,Pharma,Q1FY25,Richard Ascroft,Analyst,"Yes, I would say we have no further information on the MFN executive order. We have not",17
SUNPHARMA,Sun Pharma,Pharma,Q1FY25,Moderator,Moderator,Thank you. Next question is from Damayanti Kerai from HSBC. Please go ahead.,13
SUNPHARMA,Sun Pharma,Pharma,Q1FY25,Damayanti Kerai,Analyst,"Hi, good evening and thank you for the opportunity. My question is in the U.S. market. So",17
SUNPHARMA,Sun Pharma,Pharma,Q1FY25,Richard Ascroft,Analyst,Maybe I can start. We actually have a significant footprint in the United States already. And at,17
SUNPHARMA,Sun Pharma,Pharma,Q1FY25,Damayanti Kerai,Analyst,If you can indicate broadly what percentage of sales come from your U.S. plant at this point,17
SUNPHARMA,Sun Pharma,Pharma,Q1FY25,Damayanti Kerai,Analyst,Okay. But you think the current capacity is good enough for you in case you need to onshore,18
SUNPHARMA,Sun Pharma,Pharma,Q1FY25,Corporate Office,Analyst,"Sun House, 201 B/1, Western Express Highway, Goregaon (E), Mumbai - 400063",12
SUNPHARMA,Sun Pharma,Pharma,Q1FY25,Damayanti Kerai,Analyst,Okay. And my second question is on the Revlimid opportunity. So does 1Q number reflect,15
SUNPHARMA,Sun Pharma,Pharma,Q1FY25,Richard Ascroft,Analyst,I would say our generics business faces up and downs quarterly due to lenalidomide. If we,16
SUNPHARMA,Sun Pharma,Pharma,Q1FY25,Damayanti Kerai,Analyst,Okay. But does 1Q has significant contribution from that product?,10
SUNPHARMA,Sun Pharma,Pharma,Q1FY25,Abhishek Sharma,Analyst,"Yes. So Damayanti, Q1 lenalidomide sales were moderately higher versus Q4. Moderately.",12
SUNPHARMA,Sun Pharma,Pharma,Q1FY25,Damayanti Kerai,Analyst,Moderately higher. Okay. Thank you. That's helpful. I get back in the queue.,13
SUNPHARMA,Sun Pharma,Pharma,Q1FY25,Moderator,Moderator,Thank you. The next question is from Bino Pathiparampil from Elara Capital. Please go ahead.,15
SUNPHARMA,Sun Pharma,Pharma,Q1FY25,Bino Pathiparampil,Analyst,"Hi. Good evening and good morning. A couple of questions. One, Dilip bhai, were you",15
SUNPHARMA,Sun Pharma,Pharma,Q1FY25,Dilip Shanghvi,Management,"So I think when you look at the numbers, you also need to look at dosing. What we have in no",21
SUNPHARMA,Sun Pharma,Pharma,Q1FY25,Bino Pathiparampil,Analyst,Understood. Yes. And just a question on the one-off settlement that you have done. There,15
SUNPHARMA,Sun Pharma,Pharma,Q1FY25,Jayashree Satagopan,Analyst,"Let me take this question. Out of the $200 million, we were carrying a provision for part",17
SUNPHARMA,Sun Pharma,Pharma,Q1FY25,Corporate Office,Analyst,"Sun House, 201 B/1, Western Express Highway, Goregaon (E), Mumbai - 400063",12
SUNPHARMA,Sun Pharma,Pharma,Q1FY25,Bino Pathiparampil,Analyst,Got it. Thank you. I will join back the queue.,10
SUNPHARMA,Sun Pharma,Pharma,Q1FY25,Moderator,Moderator,Thank you. Next question is from Shashank Krishnakumar from Emkay Global. Please go ahead.,14
SUNPHARMA,Sun Pharma,Pharma,Q1FY25,Shashank Krishnakumar,Management,"Hi, thanks for taking my question. My first question was on the domestic business.",14
SUNPHARMA,Sun Pharma,Pharma,Q1FY25,Kirti Ganorkar,Analyst,The majority of the growth is coming from prescription business. It's not from consumer,14
SUNPHARMA,Sun Pharma,Pharma,Q1FY25,Shashank Krishnakumar,Management,"Okay, got it. So my second question was, again, last quarter we had indicated that",15
SUNPHARMA,Sun Pharma,Pharma,Q1FY25,Dilip Shanghvi,Management,"GLP-1 effect on existing products. So, I think if you look at that way globally, there's a lot of",19
SUNPHARMA,Sun Pharma,Pharma,Q1FY25,Shashank Krishnakumar,Management,"Got it, sir. Thank you. That's it from my side.",10
SUNPHARMA,Sun Pharma,Pharma,Q1FY25,Moderator,Moderator,Thank you. The next question is from Surya Narayan Patra from PhillipCapital. Please go ahead.,15
SUNPHARMA,Sun Pharma,Pharma,Q1FY25,Surya Narayan Patra,Analyst,"Thanks for this opportunity, sir. Taking the GLP point further, could you give some sense",15
SUNPHARMA,Sun Pharma,Pharma,Q1FY25,Dilip Shanghvi,Management,"I think Maybe Alok, you want to respond, but I don't know whether we share this information.",17
SUNPHARMA,Sun Pharma,Pharma,Q1FY25,Corporate Office,Analyst,"Sun House, 201 B/1, Western Express Highway, Goregaon (E), Mumbai - 400063",12
SUNPHARMA,Sun Pharma,Pharma,Q1FY25,Kirti Ganorkar,Analyst,"I think Canada, Brazil, we have not shared the information, but what I can share is about in",18
SUNPHARMA,Sun Pharma,Pharma,Q1FY25,Surya Narayan Patra,Analyst,"Thank you. This is useful. Dilip sir, My second question was about the cash deployment",15
SUNPHARMA,Sun Pharma,Pharma,Q1FY25,Dilip Shanghvi,Management,"No, I think we have indicated that we will continue to look for opportunities to strengthen our",17
SUNPHARMA,Sun Pharma,Pharma,Q1FY25,Dilip Shanghvi,Management,"Yes, I mean, generally, this asset is easier to do a global deal.",13
SUNPHARMA,Sun Pharma,Pharma,Q1FY25,Surya Narayan Patra,Analyst,"Okay. Sir, I was just looking at the China development also. We know that we have",16
SUNPHARMA,Sun Pharma,Pharma,Q1FY25,Dilip Shanghvi,Management,"No, I think it's an option that we are creating without any specific plan at this point.",17
SUNPHARMA,Sun Pharma,Pharma,Q1FY25,Surya Narayan Patra,Analyst,Okay. Thank you. I have a couple more. I will join in the queue.,14
SUNPHARMA,Sun Pharma,Pharma,Q1FY25,Moderator,Moderator,Thank you. Next question is from Vishal Manchanda from Systematix. Please go ahead.,13
SUNPHARMA,Sun Pharma,Pharma,Q1FY25,Vishal Manchanda,Analyst,"Yes. Thanks for the opportunity and good evening, everyone. With respect to generic",13
SUNPHARMA,Sun Pharma,Pharma,Q1FY25,Corporate Office,Analyst,"Sun House, 201 B/1, Western Express Highway, Goregaon (E), Mumbai - 400063",12
SUNPHARMA,Sun Pharma,Pharma,Q1FY25,Vishal Manchanda,Analyst,"Okay. So, do we expect our U.S. formulation run rate to improve from here in the coming",17
SUNPHARMA,Sun Pharma,Pharma,Q1FY25,Vishal Manchanda,Analyst,"Okay. And just one more. So, like, I could see in your annual report that there is a sharp",19
SUNPHARMA,Sun Pharma,Pharma,Q1FY25,Kirti Ganorkar,Analyst,"No, that's not correct. I think CNS growth is also in line with India growth. If I remember",18
SUNPHARMA,Sun Pharma,Pharma,Q1FY25,Vishal Manchanda,Analyst,"Okay. And just one final one on the tax rate, if you could give a number, what should be the",20
SUNPHARMA,Sun Pharma,Pharma,Q1FY25,Vishal Manchanda,Analyst,"Got it. And it should be there going forward, around 25%?",11
SUNPHARMA,Sun Pharma,Pharma,Q1FY25,Moderator,Moderator,Thank you. The next question is from Vivek Aggrawal from Citigroup. Please go ahead.,14
SUNPHARMA,Sun Pharma,Pharma,Q1FY25,Vivek Aggarwal,Analyst,"Hi, thanks for the opportunity. My question, first question is related to Odomzo. So, although",15
SUNPHARMA,Sun Pharma,Pharma,Q1FY25,Richard Ascroft,Analyst,"Yes, at least in the U.S., I can comment. We continue to see nice growth of Odomzo. It's really",19
SUNPHARMA,Sun Pharma,Pharma,Q1FY25,Corporate Office,Analyst,"Sun House, 201 B/1, Western Express Highway, Goregaon (E), Mumbai - 400063",12
SUNPHARMA,Sun Pharma,Pharma,Q1FY25,Vivek Aggarwal,Analyst,"But the product was there in the market, right, from around 2017-18, right, or 18-19, right? So",17
SUNPHARMA,Sun Pharma,Pharma,Q1FY25,Richard Ascroft,Analyst,I definitely think there's been improvement in execution with our sales team. I think also it's,16
SUNPHARMA,Sun Pharma,Pharma,Q1FY25,Vivek Aggarwal,Analyst,"Understood. And a related question with UNLOXCYT, right. Is it fair to assume that the",15
SUNPHARMA,Sun Pharma,Pharma,Q1FY25,Richard Ascroft,Analyst,"There is overlap. It's not 100% overlap, but there is overlap between the customers, which will",16
SUNPHARMA,Sun Pharma,Pharma,Q1FY25,Vivek Aggarwal,Analyst,"Understood. So just one more question on Leqselvi, right. If you look at the competing",15
SUNPHARMA,Sun Pharma,Pharma,Q1FY25,Richard Ascroft,Analyst,"I think with all three products, we will continue to see prior authorizations. Based on our",16
SUNPHARMA,Sun Pharma,Pharma,Q1FY25,Vivek Aggarwal,Analyst,So you are expecting a better coverage for Leqselvi against the competition?,12
SUNPHARMA,Sun Pharma,Pharma,Q1FY25,Richard Ascroft,Analyst,I think we are saying we expect at least parity coverage versus the competition.,14
SUNPHARMA,Sun Pharma,Pharma,Q1FY25,Vivek Aggarwal,Analyst,"Okay. And what is going to help you in, let's say, priority coverage over the competition?",16
SUNPHARMA,Sun Pharma,Pharma,Q1FY25,Richard Ascroft,Analyst,I think really the profile of the molecule. We know from message testing that both clinicians,16
SUNPHARMA,Sun Pharma,Pharma,Q1FY25,Vivek Aggarwal,Analyst,Thank you. Next question is from Kunal Dhamesha from Macquarie. Please go ahead.,13
SUNPHARMA,Sun Pharma,Pharma,Q1FY25,Corporate Office,Analyst,"Sun House, 201 B/1, Western Express Highway, Goregaon (E), Mumbai - 400063",12
SUNPHARMA,Sun Pharma,Pharma,Q1FY25,Kunal Dhamesha,Analyst,Hi. Thank you for the opportunity again. Just a logistic question. So the small one-time kind,16
SUNPHARMA,Sun Pharma,Pharma,Q1FY25,Kirti Ganorkar,Analyst,"But innovative business, we have given the detail, right? What is the growth and the...",15
SUNPHARMA,Sun Pharma,Pharma,Q1FY25,Dilip Shanghvi,Management,"I understand, but it is still included in the separate number that we have given for innovative",17
SUNPHARMA,Sun Pharma,Pharma,Q1FY25,Kunal Dhamesha,Analyst,"So, just to clarify, does the 311 million, does it include any milestone payment this quarter?",16
SUNPHARMA,Sun Pharma,Pharma,Q1FY25,Kunal Dhamesha,Analyst,"Okay. So, that's great. One question for Rick. Since now we have seen some bit of Stelara",17
SUNPHARMA,Sun Pharma,Pharma,Q1FY25,Richard Ascroft,Analyst,Not really. We have not seen any major biosimilar first policies amongst payers. We also see,16
SUNPHARMA,Sun Pharma,Pharma,Q1FY25,Kunal Dhamesha,Analyst,"Right. So, you don't expect also in the future that that could be the case, because just for the",19
SUNPHARMA,Sun Pharma,Pharma,Q1FY25,Richard Ascroft,Analyst,"Hard to predict the future, but we don't at this time based on our current discussions with payers",18
SUNPHARMA,Sun Pharma,Pharma,Q1FY25,Kunal Dhamesha,Analyst,"Sure. And the last one on the UNLOXCYT launch, I think we have suggested obviously it",16
SUNPHARMA,Sun Pharma,Pharma,Q1FY25,Corporate Office,Analyst,"Sun House, 201 B/1, Western Express Highway, Goregaon (E), Mumbai - 400063",12
SUNPHARMA,Sun Pharma,Pharma,Q1FY25,Richard Ascroft,Analyst,Checkpoint had submitted long-term data for UNLOXCYT. We are currently waiting on that,13
SUNPHARMA,Sun Pharma,Pharma,Q1FY25,Kunal Dhamesha,Analyst,"Sure. And this long-term data, does it provide us with a clear differentiation versus the",15
SUNPHARMA,Sun Pharma,Pharma,Q1FY25,Richard Ascroft,Analyst,We believe it is very competitive and it is in the public domain.,13
SUNPHARMA,Sun Pharma,Pharma,Q1FY25,Moderator,Moderator,Thank you. The next question is from Kunal Lakhan from CLSA. Please go ahead.,14
SUNPHARMA,Sun Pharma,Pharma,Q1FY25,Kunal Lakhan,Analyst,"Yes, hi. Thanks for taking my question. Can you give some color on the Halol observations and",17
SUNPHARMA,Sun Pharma,Pharma,Q1FY25,Aalok Shanghvi,Management,"So, we are engaging with the FDA on finding a resolution for Halol. We have responded to the",18
SUNPHARMA,Sun Pharma,Pharma,Q1FY25,Kunal Lakhan,Analyst,"Okay, but any timeline you have in mind over which you would expect a full resolution on this",18
SUNPHARMA,Sun Pharma,Pharma,Q1FY25,Kirti Ganorkar,Analyst,"I mean, it would be speculative. We will need to wait for the agency to respond.",16
SUNPHARMA,Sun Pharma,Pharma,Q1FY25,Kunal Lakhan,Analyst,"Sure. My second question was actually more of a clarification on the tariff announcement. Firstly,",15
SUNPHARMA,Sun Pharma,Pharma,Q1FY25,Dilip Shanghavi,Management,"I mean, that is the understanding. It is post 232 investigation report, the government will decide",16
SUNPHARMA,Sun Pharma,Pharma,Q1FY25,Kunal Lakhan,Analyst,"Just to follow up on that, from my understanding of what is happening with the EU deal is that",19
SUNPHARMA,Sun Pharma,Pharma,Q1FY25,Corporate Office,Analyst,"Sun House, 201 B/1, Western Express Highway, Goregaon (E), Mumbai - 400063",12
SUNPHARMA,Sun Pharma,Pharma,Q1FY25,Dilip Shanghvi,Management,"I think, my understanding is that EU deal also exempts pharma products. Pharma products don't",15
SUNPHARMA,Sun Pharma,Pharma,Q1FY25,Moderator,Moderator,Thank you. Next question is from Bino Pathiparampil from Elara Capital. Please go ahead.,14
SUNPHARMA,Sun Pharma,Pharma,Q1FY25,Bino Pathiparampil,Analyst,"Hi, thanks for the follow up. Actually, two follow up questions. So, you replied to an earlier",17
SUNPHARMA,Sun Pharma,Pharma,Q1FY25,Kirti Ganorkar,Analyst,"Yes, I think what I can say is I cannot pinpoint to only one thing which is driving the growth.",20
SUNPHARMA,Sun Pharma,Pharma,Q1FY25,Bino Pathiparampil,Analyst,"Okay, got it. Sir, a question on tax rate. Again, to an earlier question you answered 25%.",17
SUNPHARMA,Sun Pharma,Pharma,Q1FY25,Jayashree Satagopan,Analyst,"So, the tax rates have been moving up quarter on quarter during last year. And currently",16
SUNPHARMA,Sun Pharma,Pharma,Q1FY25,Moderator,Moderator,Thank you. Next question is from Tushar Manudhane from Motilal Oswal. Please go ahead.,14
SUNPHARMA,Sun Pharma,Pharma,Q1FY25,Tushar Manudhane,Analyst,"Sorry for this. Maybe I missed, but just if there is a revisit on the R&D cost as a percentage",20
SUNPHARMA,Sun Pharma,Pharma,Q1FY25,Corporate Office,Analyst,"Sun House, 201 B/1, Western Express Highway, Goregaon (E), Mumbai - 400063",12
SUNPHARMA,Sun Pharma,Pharma,Q1FY25,Tushar Manudhane,Analyst,"Because this quarter adjusting for the charge is 5.5. So, effectively it implies that the R&D",16
SUNPHARMA,Sun Pharma,Pharma,Q1FY25,Dilip Shanghvi,Management,"Yes, I mean we have three quarters to catch up.",10
SUNPHARMA,Sun Pharma,Pharma,Q1FY25,Tushar Manudhane,Analyst,"And sir, subsequently further building on, it is adding the promotional marketing expenses",13
SUNPHARMA,Sun Pharma,Pharma,Q1FY25,Dilip Shanghvi,Management,"No, I think the key difference between how you look at and how we look at is that we look at",21
SUNPHARMA,Sun Pharma,Pharma,Q1FY25,Tushar Manudhane,Analyst,"Sir, the reference as far as R&D spend is concerned, if it has to be so high, then at least if",21
SUNPHARMA,Sun Pharma,Pharma,Q1FY25,Dilip Shanghvi,Management,"GL 34 Phase-II will start. So, that also will add to the cost because those are larger studies.",18
SUNPHARMA,Sun Pharma,Pharma,Q1FY25,Alok Shanghvi,Management,"Yes, sure. So, we currently have three facilities that are under warning letter from the US FDA.",17
SUNPHARMA,Sun Pharma,Pharma,Q1FY25,Corporate Office,Analyst,"Sun House, 201 B/1, Western Express Highway, Goregaon (E), Mumbai - 400063",12
SUNPHARMA,Sun Pharma,Pharma,Q1FY25,Tushar Manudhane,Analyst,Got you. And reasonable to assume that the ANDAs awaiting US FDA approval would be,15
SUNPHARMA,Sun Pharma,Pharma,Q1FY25,Alok Shanghvi,Management,"So, the decision to file the product from the facility would be a function of the compliance status",18
SUNPHARMA,Sun Pharma,Pharma,Q1FY25,Tushar Manudhane,Analyst,"No, I was referring to the 119 ANDAs which await US FDA approval, those ANDAs?",15
SUNPHARMA,Sun Pharma,Pharma,Q1FY25,Moderator,Moderator,Thank you. Next question is from Surya Narayan Patra from PhillipCapital. Please go ahead.,14
SUNPHARMA,Sun Pharma,Pharma,Q1FY25,Surya Narayan Patra,Analyst,"Yes. So, just one clarification about after settling this antitrust litigation, is it fair to",15
SUNPHARMA,Sun Pharma,Pharma,Q1FY25,Jayashree Satagopan,Analyst,So it is there and we have given details in the annual report.,13
SUNPHARMA,Sun Pharma,Pharma,Q1FY25,Surya Narayan Patra,Analyst,"Sorry for that. Second is about the Ilumya, for the new indication of psoriatic arthritis.",15
SUNPHARMA,Sun Pharma,Pharma,Q1FY25,Dilip Shanghvi,Management,"I mean, typically there is an approval timeline for a new indication. Hopefully, we should achieve",16
SUNPHARMA,Sun Pharma,Pharma,Q1FY25,Surya Narayan Patra,Analyst,Okay. And about the kind of formulary addition of this molecule. Since there is a kind of,17
SUNPHARMA,Sun Pharma,Pharma,Q1FY25,Corporate Office,Analyst,"Sun House, 201 B/1, Western Express Highway, Goregaon (E), Mumbai - 400063",12
SUNPHARMA,Sun Pharma,Pharma,Q1FY25,Richard Ascroft,Analyst,We would expect to have similar access to what we have today for psoriasis. It would likely,17
SUNPHARMA,Sun Pharma,Pharma,Q1FY25,Moderator,Moderator,Thank you. Next question is from Yogesh Soni from InCred. Please go ahead.,13
SUNPHARMA,Sun Pharma,Pharma,Q1FY25,Yogesh Soni,Management,"Thanks for the opportunity, sir. One bookkeeping question. I wanted to understand the amount for",15
SUNPHARMA,Sun Pharma,Pharma,Q1FY25,Yogesh Soni,Management,"Okay. So, another question that I have is I wanted to understand the Unloxcyt launch timeline.",16
SUNPHARMA,Sun Pharma,Pharma,Q1FY25,Richard Ascroft,Analyst,We expect to launch in the second half of the fiscal year.,12
SUNPHARMA,Sun Pharma,Pharma,Q1FY25,Moderator,Moderator,Thank you. The next question is from Vivek Agrawal from Citigroup. Please go ahead.,14
SUNPHARMA,Sun Pharma,Pharma,Q1FY25,Vivek Aggrawal,Analyst,"Thanks for the opportunity again. Just one clarification. For the U.S. generic business, you",14
SUNPHARMA,Sun Pharma,Pharma,Q1FY25,Vivek Aggrawal,Analyst,"Okay. Thanks. And just a related question. Previously, you commented that clearance of Halol",14
SUNPHARMA,Sun Pharma,Pharma,Q1FY25,Corporate Office,Analyst,"Sun House, 201 B/1, Western Express Highway, Goregaon (E), Mumbai - 400063",12
SUNPHARMA,Sun Pharma,Pharma,Q1FY25,Richard Ascroft,Analyst,"I don't think we provide that forward-looking guidance. But as Alok mentioned, we obviously",14
SUNPHARMA,Sun Pharma,Pharma,Q1FY25,Moderator,Moderator,Thank you. Next question is from Anubhav Agarwal from UBS Securities. Please go ahead.,14
SUNPHARMA,Sun Pharma,Pharma,Q1FY25,Anubhav Agarwal,Analyst,"Thank you. Just one clarity on the tax rate. So, this 25% number, does it include the deferred",18
SUNPHARMA,Sun Pharma,Pharma,Q1FY25,Jayashree Satagopan,Analyst,"So, we have to look at it all inclusive on a yearly basis, which will be at 25%. The cash",20
SUNPHARMA,Sun Pharma,Pharma,Q1FY25,Anubhav Agarwal,Analyst,"Yes. So, I am just trying to understand, is that difference dramatically? I mean, just like",16
SUNPHARMA,Sun Pharma,Pharma,Q1FY25,Jayashree Satagopan,Analyst,"Yes. There will be a difference, but we don't share the exact details.",13
SUNPHARMA,Sun Pharma,Pharma,Q1FY25,Moderator,Moderator,Thank you. Next question is from Kunal Dhamesha from Macquarie. Please go ahead.,13
SUNPHARMA,Sun Pharma,Pharma,Q1FY25,Kunal Dhamesha,Analyst,"Hi. Just one clarification from Rick. So, on the question related to the formulary access for",16
SUNPHARMA,Sun Pharma,Pharma,Q1FY25,Kunal Dhamesha,Analyst,"So, then is it also fair to kind of assume that the ramp-up could be much faster here?",18
SUNPHARMA,Sun Pharma,Pharma,Q1FY25,Corporate Office,Analyst,"Sun House, 201 B/1, Western Express Highway, Goregaon (E), Mumbai - 400063",12
SUNPHARMA,Sun Pharma,Pharma,Q1FY25,Richard Ascroft,Analyst,"Well, we should have far fewer free goods than we typically would have with a new launch.",17
SUNPHARMA,Sun Pharma,Pharma,Q1FY25,"Yes.
Kunal Dhamesha",Analyst,"Sure. And then, while there is a second question, while there is an overall number of 30% of",18
SUNPHARMA,Sun Pharma,Pharma,Q1FY25,Richard Ascroft,Analyst,That's something we will have to follow up on. I am not aware if there is an age-related change,19
SUNPHARMA,Sun Pharma,Pharma,Q1FY25,Abhishek Sharma,Analyst,"No, Rick, you're right. There is no age relation, between the onset of psoriatic arthritis and",16
SUNPHARMA,Sun Pharma,Pharma,Q1FY25,Moderator,Moderator,Thank you. Next question is from Madhav from Fidelity. Please go ahead.,12
SUNPHARMA,Sun Pharma,Pharma,Q1FY25,Madhav,Analyst,"Yes, just wanted to check the plan to file for the PsA indication by end of this calendar year. Typically,",20
SUNPHARMA,Sun Pharma,Pharma,Q1FY25,Moderator,Moderator,Thank you. The next question is from Aditya from Digital Beast Securities. Please go ahead.,15
SUNPHARMA,Sun Pharma,Pharma,Q1FY25,Aditya,Analyst,"So, thank you for taking my question and good evening, good morning to all of you. This quarter, we",19
SUNPHARMA,Sun Pharma,Pharma,Q1FY25,Aditya,Analyst,"Okay. So, if I can ask, what led to a margin of 31.1%? Is it the low cost of raw materials or there has",24
SUNPHARMA,Sun Pharma,Pharma,Q1FY25,Corporate Office,Analyst,"Sun House, 201 B/1, Western Express Highway, Goregaon (E), Mumbai - 400063",12
SUNPHARMA,Sun Pharma,Pharma,Q1FY25,Jayashree Satagopan,Analyst,"Yes, there has been a mix of factors. As I was mentioning earlier, there is an improvement",17
SUNPHARMA,Sun Pharma,Pharma,Q1FY25,Moderator,Moderator,Thank you very much. We will take that as the last question. I would now like to hand the conference,20
SUNPHARMA,Sun Pharma,Pharma,Q1FY25,Abhishek Sharma,Analyst,Thanks everyone for joining us at this late hour. If you have any questions which have,16
SUNPHARMA,Sun Pharma,Pharma,Q1FY25,"Thank you and over from us.
Moderator",Moderator,"Thank you very much. On behalf of Sun Pharma, that concludes the conference. Thank you for",16
SUNPHARMA,Sun Pharma,Pharma,Q1FY25,Corporate Office,Analyst,"Sun House, 201 B/1, Western Express Highway, Goregaon (E), Mumbai - 400063",12
SUNPHARMA,Sun Pharma,Pharma,Q2FY25,Corporate Office,Analyst,"Sun House, 201 B/1, Western Express Highway, Goregaon (E), Mumbai - 400063",12
SUNPHARMA,Sun Pharma,Pharma,Q2FY25,Moderator,Moderator,"Ladies and gentlemen, good day and welcome to Sun Pharma's Q2 FY26 Earnings Conference Call.",15
SUNPHARMA,Sun Pharma,Pharma,Q2FY25,Abhishek Sharma,Analyst,"Thank you. Good evening, and a warm welcome to our second quarter FY26 Earnings Call.",15
SUNPHARMA,Sun Pharma,Pharma,Q2FY25,Jayashree Satagopan,Analyst,"Welcome, and thank you for joining us for this earnings call after the announcement of",15
SUNPHARMA,Sun Pharma,Pharma,Q2FY25,Corporate Office,Analyst,"Sun House, 201 B/1, Western Express Highway, Goregaon (E), Mumbai - 400063",12
SUNPHARMA,Sun Pharma,Pharma,Q2FY25,"India business.
Kirti Ganorkar",Analyst,"Thank you, Jayashree. In Q2, FY '26, our Global Innovative Medicines sales were up by 16.4%",16
SUNPHARMA,Sun Pharma,Pharma,Q2FY25,Richard Ascroft,Analyst,"Thank you, Kirti. I will update on the performance highlights of our U.S. business. Our overall",16
SUNPHARMA,Sun Pharma,Pharma,Q2FY25,Corporate Office,Analyst,"Sun House, 201 B/1, Western Express Highway, Goregaon (E), Mumbai - 400063",12
SUNPHARMA,Sun Pharma,Pharma,Q2FY25,Aalok Shanghvi,Management,"Thank you, Rick. I will provide an update on the performance highlights of our other businesses.",16
SUNPHARMA,Sun Pharma,Pharma,Q2FY25,Dilip Shanghvi,Management,"Thank you, Aalok. Let me take you through our R&D initiatives. We continue to invest in",16
SUNPHARMA,Sun Pharma,Pharma,Q2FY25,Moderator,Moderator,Thank you very much. We will now begin the question and answer session. The first question is,17
SUNPHARMA,Sun Pharma,Pharma,Q2FY25,Corporate Office,Analyst,"Sun House, 201 B/1, Western Express Highway, Goregaon (E), Mumbai - 400063",12
SUNPHARMA,Sun Pharma,Pharma,Q2FY25,Moderator,Moderator,Saion we can’t hear you. Your voice is breaking. Mr. Saion Mukherjee you may go ahead with your,18
SUNPHARMA,Sun Pharma,Pharma,Q2FY25,Kunal Dhamesha,Analyst,"The first one on the intangible assets, which seem to have moved sharply from the March '25",17
SUNPHARMA,Sun Pharma,Pharma,Q2FY25,Jayashree Satagopan,Analyst,"Thank you, Kunal, for your question. The increase in the intangible assets is also due to",16
SUNPHARMA,Sun Pharma,Pharma,Q2FY25,"ODOMZO.
Kunal Dhamesha",Analyst,"So Checkpoint would be close to $400 million plus, right?",10
SUNPHARMA,Sun Pharma,Pharma,Q2FY25,Kunal Dhamesha,Analyst,"So then rest of the $500 million, what is driving that?",11
SUNPHARMA,Sun Pharma,Pharma,Q2FY25,Jayashree Satagopan,Analyst,"So we had Leqselvi related apart from Checkpoint, which is another larger piece, as you",15
SUNPHARMA,Sun Pharma,Pharma,Q2FY25,Abhishek Sharma,Analyst,"So Kunal, Leqselvi moved from intangibles under development into intangibles.",10
SUNPHARMA,Sun Pharma,Pharma,Q2FY25,Kunal Dhamesha,Analyst,"Okay. So that's another $300 million, and there should be ODOMZO?",11
SUNPHARMA,Sun Pharma,Pharma,Q2FY25,Abhishek Sharma,Analyst,"No, then the rest are several small items. It's largely Checkpoint and Leqselvi.",13
SUNPHARMA,Sun Pharma,Pharma,Q2FY25,Kunal Dhamesha,Analyst,"Secondly, on the incremental specialty spend that we had suggested that we would be spending",15
SUNPHARMA,Sun Pharma,Pharma,Q2FY25,Richard Ascroft,Analyst,"Yes. I'm happy to address that. So we did see a slight increase in Q2, and we would expect to",20
SUNPHARMA,Sun Pharma,Pharma,Q2FY25,Kunal Dhamesha,Analyst,"And lastly, on the Generics piece. The generic Revlimid seems to have kind of gone down",16
SUNPHARMA,Sun Pharma,Pharma,Q2FY25,Corporate Office,Analyst,"Sun House, 201 B/1, Western Express Highway, Goregaon (E), Mumbai - 400063",12
SUNPHARMA,Sun Pharma,Pharma,Q2FY25,Kunal Dhamesha,Analyst,"In quarter 2 versus quarter 1, the movement of lenalidomide?",10
SUNPHARMA,Sun Pharma,Pharma,Q2FY25,Abhishek Sharma,Analyst,"Yes. Okay. So on lenalidomide, we have said that Y-o-Y, there is a drop. Q-o-Q, the number",17
SUNPHARMA,Sun Pharma,Pharma,Q2FY25,Moderator,Moderator,Thank you. Next question is from Neha Manpuria from Bank of America.,12
SUNPHARMA,Sun Pharma,Pharma,Q2FY25,Neha Manpuria,Analyst,"Thanks for taking my question. We have two questions on the specialty business. On Leqselvi,",15
SUNPHARMA,Sun Pharma,Pharma,Q2FY25,Richard Ascroft,Analyst,"We're already starting to see paid prescriptions through commercial channels, and we would",13
SUNPHARMA,Sun Pharma,Pharma,Q2FY25,Neha Manpuria,Analyst,"And on ILUMYA, is it fair to assume that the prescription growth that we are seeing, I know",18
SUNPHARMA,Sun Pharma,Pharma,Q2FY25,Richard Ascroft,Analyst,"We do expect to see continued growth. As you shared, the IL-23 market continues to grow as",17
SUNPHARMA,Sun Pharma,Pharma,Q2FY25,Neha Manpuria,Analyst,"And the last one I have is on R&D spend. If you look at R&D, we are obviously tracking below",20
SUNPHARMA,Sun Pharma,Pharma,Q2FY25,Dilip Shanghvi,Management,"So Neha, I think we should come in the lower end of the guidance overall, that's what is our",19
SUNPHARMA,Sun Pharma,Pharma,Q2FY25,Neha Manpuria,Analyst,"Lower end of the 6% to 8% guidance that you mentioned, right sir?",13
SUNPHARMA,Sun Pharma,Pharma,Q2FY25,Corporate Office,Analyst,"Sun House, 201 B/1, Western Express Highway, Goregaon (E), Mumbai - 400063",12
SUNPHARMA,Sun Pharma,Pharma,Q2FY25,Vishal Manchanda,Analyst,"I have a question on the balance sheet. If I look at the other current assets, it's almost doubled",19
SUNPHARMA,Sun Pharma,Pharma,Q2FY25,Jayashree Satagopan,Analyst,"Yes. This is mainly on account of the GxMDL settlement, which has gone into an escrow",16
SUNPHARMA,Sun Pharma,Pharma,Q2FY25,Jayashree Satagopan,Analyst,"Last quarter, we had a settlement on the GxMDL case, and that amount has been deposited",16
SUNPHARMA,Sun Pharma,Pharma,Q2FY25,Vishal Manchanda,Analyst,And second one on cosibelimab. I wanted to understand whether it has been filed for,15
SUNPHARMA,Sun Pharma,Pharma,Q2FY25,Dilip Shanghvi,Management,"Yes, we are in the process of compiling the dossier for Europe. Once it's filed, we will share the",19
SUNPHARMA,Sun Pharma,Pharma,Q2FY25,Vishal Manchanda,Analyst,And just one final one on ODOMZO. If you could share what would be ODOMZO share in,17
SUNPHARMA,Sun Pharma,Pharma,Q2FY25,Dilip Shanghvi,Management,So I think it all depends on different geographies. Rick can update on the U.S. market share. But,18
SUNPHARMA,Sun Pharma,Pharma,Q2FY25,Richard Ascroft,Analyst,"Yes. And it depends on the customer. In dermatologists, we have over a 50% share in the",17
SUNPHARMA,Sun Pharma,Pharma,Q2FY25,Richard Ascroft,Analyst,The oncologists are slightly less. I don't have the exact figure for the overall market at this time.,18
SUNPHARMA,Sun Pharma,Pharma,Q2FY25,Corporate Office,Analyst,"Sun House, 201 B/1, Western Express Highway, Goregaon (E), Mumbai - 400063",12
SUNPHARMA,Sun Pharma,Pharma,Q2FY25,Harith Ahamed,Analyst,"On semaglutide, where we have a filing in Canada as per Health Canada disclosures. Based on",16
SUNPHARMA,Sun Pharma,Pharma,Q2FY25,Kirti Ganorkar,Analyst,"Yes, India, I think what we have told you in our last call also, India will be ready for the launch",21
SUNPHARMA,Sun Pharma,Pharma,Q2FY25,Dilip Shanghvi,Management,"One is that. And second, I think it's still not very clear.",12
SUNPHARMA,Sun Pharma,Pharma,Q2FY25,Harith Ahamed,Analyst,"And in the ROW segment, we've seen a very strong growth this quarter, constant currency terms",16
SUNPHARMA,Sun Pharma,Pharma,Q2FY25,Abhishek Sharma,Analyst,"So before we answer the drivers for this one, there is no one-off in this quarter sales. For",18
SUNPHARMA,Sun Pharma,Pharma,Q2FY25,Harith Ahamed,Analyst,"A couple of months back, there was an announcement by the U.S. President on 100% tariffs on",17
SUNPHARMA,Sun Pharma,Pharma,Q2FY25,Corporate Office,Analyst,"Sun House, 201 B/1, Western Express Highway, Goregaon (E), Mumbai - 400063",12
SUNPHARMA,Sun Pharma,Pharma,Q2FY25,Richard Ascroft,Analyst,"Look as you say, there's a lot of uncertainty at this point. I mean, we don't have any additional",19
SUNPHARMA,Sun Pharma,Pharma,Q2FY25,Bharat,Analyst,"Just wanted to understand, there is some investment into subsidiaries, which is showing up in the cash",17
SUNPHARMA,Sun Pharma,Pharma,Q2FY25,Bharat,Analyst,"Because this amounts to almost like INR390 million, whereas we have paid almost INR500 million for",16
SUNPHARMA,Sun Pharma,Pharma,Q2FY25,Abhishek Sharma,Analyst,"No, the Checkpoint consideration is not USD500 million, Bharat, it's less. It's what we",14
SUNPHARMA,Sun Pharma,Pharma,Q2FY25,Shyam Srinivasan,Analyst,Just the first one again on the consolidated cash flow statement. Just the net cash generated,16
SUNPHARMA,Sun Pharma,Pharma,Q2FY25,Jayashree Satagopan,Analyst,"Yes. There is some amount of increase in the working capital, which we believe will get",16
SUNPHARMA,Sun Pharma,Pharma,Q2FY25,Shyam Srinivasan,Analyst,"So by the end of the fiscal, we expect this to be -- the generation to be in line at least with",22
SUNPHARMA,Sun Pharma,Pharma,Q2FY25,Jayashree Satagopan,Analyst,Yes. I think the cash generation to clarify has been good. Working capital changes,14
SUNPHARMA,Sun Pharma,Pharma,Q2FY25,Shyam Srinivasan,Analyst,"And just on the opening comments now, I think called out that the U.S. business formulation,",16
SUNPHARMA,Sun Pharma,Pharma,Q2FY25,Corporate Office,Analyst,"Sun House, 201 B/1, Western Express Highway, Goregaon (E), Mumbai - 400063",12
SUNPHARMA,Sun Pharma,Pharma,Q2FY25,Richard Ascroft,Analyst,Our strategy is to grow both our Innovative Medicines business as well as our Generics,15
SUNPHARMA,Sun Pharma,Pharma,Q2FY25,Shyam Srinivasan,Analyst,"Last question, just again, just in light of the tariffs and U.S. based on localized manufacturing",16
SUNPHARMA,Sun Pharma,Pharma,Q2FY25,Richard Ascroft,Analyst,Yes. We already have a manufacturing footprint in the U.S. We are kind of constantly assessing,16
SUNPHARMA,Sun Pharma,Pharma,Q2FY25,Kunal Dhamesha,Analyst,"Just on ROW, is there any particular new launch that we have seen or particular geography,",16
SUNPHARMA,Sun Pharma,Pharma,Q2FY25,Aalok Shanghvi,Management,Yes. So there is very little forex impact and the growth was led by both the Generics and the,19
SUNPHARMA,Sun Pharma,Pharma,Q2FY25,Kunal Dhamesha,Analyst,"Yes. And the second question I have is on the India semaglutide market, once it is Generics,",17
SUNPHARMA,Sun Pharma,Pharma,Q2FY25,Kirti Ganorkar,Analyst,"No, I can tell you broadly, the GLP market is very exciting, and it will continue to grow, but",19
SUNPHARMA,Sun Pharma,Pharma,Q2FY25,Kunal Dhamesha,Analyst,"And will we be there in both the dosage forms, injectable as well as oral?",15
SUNPHARMA,Sun Pharma,Pharma,Q2FY25,Corporate Office,Analyst,"Sun House, 201 B/1, Western Express Highway, Goregaon (E), Mumbai - 400063",12
SUNPHARMA,Sun Pharma,Pharma,Q2FY25,Kirti Ganorkar,Analyst,"I don't want to disclose that much but we will remain competitive, if others launch, we'll also",17
SUNPHARMA,Sun Pharma,Pharma,Q2FY25,Damayanti Kerai,Analyst,My first question is on your USD 100 million spend for supporting the 2 launches in this,17
SUNPHARMA,Sun Pharma,Pharma,Q2FY25,Richard Ascroft,Analyst,"Yes. We have already launched Leqselvi, so that sales force is in place, and we do now have",18
SUNPHARMA,Sun Pharma,Pharma,Q2FY25,Damayanti Kerai,Analyst,So is it reasonable to assume that majority of the fixed costs will be covered within this $100,18
SUNPHARMA,Sun Pharma,Pharma,Q2FY25,Richard Ascroft,Analyst,"I think so. What I would say is that the sales force, obviously, that cost will continue. Our",18
SUNPHARMA,Sun Pharma,Pharma,Q2FY25,Damayanti Kerai,Analyst,My second question is a clarification on Revlimid opportunity. So should we assume,13
SUNPHARMA,Sun Pharma,Pharma,Q2FY25,Richard Ascroft,Analyst,We'll have a small amount of sales for the rest of the fiscal year.,14
SUNPHARMA,Sun Pharma,Pharma,Q2FY25,Vishal Manchanda,Analyst,"So just a clarification on Fibromun, is the Phase III and Phase II data on soft tissue sarcoma",18
SUNPHARMA,Sun Pharma,Pharma,Q2FY25,Corporate Office,Analyst,"Sun House, 201 B/1, Western Express Highway, Goregaon (E), Mumbai - 400063",12
SUNPHARMA,Sun Pharma,Pharma,Q2FY25,Dilip Shanghvi,Management,Yes. I think both the data are yet to come out. But this is also something which will be disclosed,20
SUNPHARMA,Sun Pharma,Pharma,Q2FY25,Vishal Manchanda,Analyst,Okay. Any time lines like would this be announced this fiscal year or it will take longer?,17
SUNPHARMA,Sun Pharma,Pharma,Q2FY25,Dilip Shanghvi,Management,"I mean I don't want to announce on their behalf, but I'm not aware that there is any delay in the",21
SUNPHARMA,Sun Pharma,Pharma,Q2FY25,Vishal Manchanda,Analyst,"On the GLP-1 compound, GL0034. We have been kind of pushing this like a bit --",16
SUNPHARMA,Sun Pharma,Pharma,Q2FY25,Dilip Shanghvi,Management,"No, I think we are quite excited with the early data that we're getting with patients, both for",18
SUNPHARMA,Sun Pharma,Pharma,Q2FY25,Vishal Manchanda,Analyst,And are we doing this through the recombinant route or the synthetic route?,13
SUNPHARMA,Sun Pharma,Pharma,Q2FY25,Dilip Shanghvi,Management,"So as on today, I think the initial -- all the studies have been done with synthetic. But at some",20
SUNPHARMA,Sun Pharma,Pharma,Q2FY25,Moderator,Moderator,Next question is from Neha Manpuria from Bank of America.,10
SUNPHARMA,Sun Pharma,Pharma,Q2FY25,Neha Manpuria,Analyst,"Quickly on Cequa, I know that Restasis already has enough generic players, but there is",15
SUNPHARMA,Sun Pharma,Pharma,Q2FY25,Richard Ascroft,Analyst,"We continue to see good growth for Cequa, even as new competitors have come to the market.",17
SUNPHARMA,Sun Pharma,Pharma,Q2FY25,Neha Manpuria,Analyst,A new competition coming into Restasis does not impact pricing at all for Cequa. Would that,16
SUNPHARMA,Sun Pharma,Pharma,Q2FY25,Corporate Office,Analyst,"Sun House, 201 B/1, Western Express Highway, Goregaon (E), Mumbai - 400063",12
SUNPHARMA,Sun Pharma,Pharma,Q2FY25,Dilip Shanghvi,Management,What she is saying is that Generics for Restasis whether that affects your growth of Cequa?,16
SUNPHARMA,Sun Pharma,Pharma,Q2FY25,Richard Ascroft,Analyst,"Not really. No. I think what currently is in place for Restasis, it will just be eroded by further",19
SUNPHARMA,Sun Pharma,Pharma,Q2FY25,Neha Manpuria,Analyst,"And second question, I know there's a lot of uncertainty on the tariff situation, but I think there",18
SUNPHARMA,Sun Pharma,Pharma,Q2FY25,Richard Ascroft,Analyst,"I don't think we have any views at this time. I think as we shared before, the tariff situation, as",20
SUNPHARMA,Sun Pharma,Pharma,Q2FY25,"Generics or Innovative Medicines portfolio at this time.
Moderator",Moderator,The next question is from Surya Narayan Patra from PhillipCapital India.,11
SUNPHARMA,Sun Pharma,Pharma,Q2FY25,Surya Narayan Patra,Analyst,"Sir, my first question is on the specialty business in the non-U.S. In fact, what we are",17
SUNPHARMA,Sun Pharma,Pharma,Q2FY25,Aalok Shanghvi,Management,Yes. I mean I would say both of them are factors in how the growth played out.,17
SUNPHARMA,Sun Pharma,Pharma,Q2FY25,Surya Narayan Patra,Analyst,"So can you elaborate a bit on your specialty in the non-U.S. market business, although it",16
SUNPHARMA,Sun Pharma,Pharma,Q2FY25,Kirti Ganorkar,Analyst,"No, what I said is like ILUMYA, we are launched in 35 countries. And some of the countries,",18
SUNPHARMA,Sun Pharma,Pharma,Q2FY25,Corporate Office,Analyst,"Sun House, 201 B/1, Western Express Highway, Goregaon (E), Mumbai - 400063",12
SUNPHARMA,Sun Pharma,Pharma,Q2FY25,Surya Narayan Patra,Analyst,"And second question is about the Semaglutide entry in Canada, although we have filed",14
SUNPHARMA,Sun Pharma,Pharma,Q2FY25,Richard Ascroft,Analyst,"Yes, we really don't have any further comments on that at this time.",13
SUNPHARMA,Sun Pharma,Pharma,Q2FY25,Surya Narayan Patra,Analyst,"My next point is about the tariff one. So whether we have any negotiated price, the way",17
SUNPHARMA,Sun Pharma,Pharma,Q2FY25,Richard Ascroft,Analyst,"We do not. As you probably are aware, we were not one of the 17 companies that received",18
SUNPHARMA,Sun Pharma,Pharma,Q2FY25,Surya Narayan Patra,Analyst,So then this tariff concern is a kind of overdone now considering the kind of arrangement,16
SUNPHARMA,Sun Pharma,Pharma,Q2FY25,Richard Ascroft,Analyst,We don't know is the honest answer. I think it's unclear what will happen with the tariffs after,18
SUNPHARMA,Sun Pharma,Pharma,Q2FY25,Moderator,Moderator,Next question is from Alankar Garude from Kotak Institutional Equities.,10
SUNPHARMA,Sun Pharma,Pharma,Q2FY25,Alankar Garude,Analyst,"Sir, first question on Leqselvi. Even though the penetration of targeted treatments for alopecia",14
SUNPHARMA,Sun Pharma,Pharma,Q2FY25,Richard Ascroft,Analyst,We expect the market to continue to grow. You're probably commenting one of the competitors,15
SUNPHARMA,Sun Pharma,Pharma,Q2FY25,Corporate Office,Analyst,"Sun House, 201 B/1, Western Express Highway, Goregaon (E), Mumbai - 400063",12
SUNPHARMA,Sun Pharma,Pharma,Q2FY25,Alankar Garude,Analyst,And the second one is more of a clarification. I missed your response on the U.S. manufacturing,17
SUNPHARMA,Sun Pharma,Pharma,Q2FY25,Shashank Krishnakumar,Management,Just one question that I had on biosims. I know that we have been always steadfastly,16
SUNPHARMA,Sun Pharma,Pharma,Q2FY25,Dilip Shanghvi,Management,So I think we are studying and possibly waiting for the clear guidance to come before we take a,19
SUNPHARMA,Sun Pharma,Pharma,Q2FY25,Moderator,Moderator,Thank you. Next question is from Anubhav Sahu from MC Research.,11
SUNPHARMA,Sun Pharma,Pharma,Q2FY25,Anubhav Sahu,Analyst,My first question is on the sema opportunity. Basically I want to understand how calendar year,16
SUNPHARMA,Sun Pharma,Pharma,Q2FY25,Kirti Ganorkar,Analyst,"I think Canada, there are two questions already been asked. We are not giving any clarification",16
SUNPHARMA,Sun Pharma,Pharma,Q2FY25,Anubhav Sahu,Analyst,"And for our Innovative molecule, let's say utreglutide, I mean could you mention which key",15
SUNPHARMA,Sun Pharma,Pharma,Q2FY25,Dilip Shanghvi,Management,Yes. I think the Phase II that we have disclosed is a type 2 diabetes study.,16
SUNPHARMA,Sun Pharma,Pharma,Q2FY25,Corporate Office,Analyst,"Sun House, 201 B/1, Western Express Highway, Goregaon (E), Mumbai - 400063",12
SUNPHARMA,Sun Pharma,Pharma,Q2FY25,Rashmi,Analyst,Just one question. We have seen a spike in interest cost this quarter. And if I see the balance sheet short-,21
SUNPHARMA,Sun Pharma,Pharma,Q2FY25,Jayashree Satagopan,Analyst,"Yes, you're right. This is a short-term borrowing that we have taken for the acquisition.",15
SUNPHARMA,Sun Pharma,Pharma,Q2FY25,Rashmi,Analyst,"So the amount will be more or less similar to last year level only? I mean, you will bring it down to that",23
SUNPHARMA,Sun Pharma,Pharma,Q2FY25,Jayashree Satagopan,Analyst,"Yes, it should get reduced over a period in time.",10
SUNPHARMA,Sun Pharma,Pharma,Q2FY25,Surya Narayan Patra,Analyst,"So one clarification about the tax rate. So this quarter, it looks obviously higher with 27%",16
SUNPHARMA,Sun Pharma,Pharma,Q2FY25,Jayashree Satagopan,Analyst,Yes. Our ETR has gone up to 24.5% and we expect it to be hovering around 25%. This is,19
SUNPHARMA,Sun Pharma,Pharma,Q2FY25,Surya Narayan Patra,Analyst,And just one more point about the GLP-1 opportunity. So how do we position ourselves,15
SUNPHARMA,Sun Pharma,Pharma,Q2FY25,Dilip Shanghvi,Management,"Those are -- I mean we have to remain competitive, and we need to have a product which can",19
SUNPHARMA,Sun Pharma,Pharma,Q2FY25,Moderator,Moderator,That was the last question. I would now like to hand the conference over to Dr. Abhishek Sharma,18
SUNPHARMA,Sun Pharma,Pharma,Q2FY25,Corporate Office,Analyst,"Sun House, 201 B/1, Western Express Highway, Goregaon (E), Mumbai - 400063",12
SUNPHARMA,Sun Pharma,Pharma,Q2FY25,Abhishek Sharma,Analyst,"Yes. Thank you. Thanks, everyone, for joining in. If you have any questions which remain",15
SUNPHARMA,Sun Pharma,Pharma,Q2FY25,Moderator,Moderator,"Thank you very much. On behalf of Sun Pharma, that conclude the conference. Thank you for joining",17
SUNPHARMA,Sun Pharma,Pharma,Q2FY25,Corporate Office,Analyst,"Sun House, 201 B/1, Western Express Highway, Goregaon (E), Mumbai - 400063",12
SUNPHARMA,Sun Pharma,Pharma,Q3FY25,Corporate Office,Analyst,"Sun House, 201 B/1, Western Express Highway, Goregaon (E), Mumbai - 400063",12
SUNPHARMA,Sun Pharma,Pharma,Q3FY25,Moderator,Moderator,"Ladies and Gentlemen, Good Day and Welcome to Sun Pharma's Q3 FY26 Financial Results",14
SUNPHARMA,Sun Pharma,Pharma,Q3FY25,Dr. Abhishek Sharma,Analyst,"Thank you. Good evening, and A Warm Welcome to our 3rd Quarter FY26 Earnings",14
SUNPHARMA,Sun Pharma,Pharma,Q3FY25,Jayashree Satagopan,Analyst,"Good evening, all. Welcome and thank you for joining us for this Earnings Call after the",16
SUNPHARMA,Sun Pharma,Pharma,Q3FY25,Corporate Office,Analyst,"Sun House, 201 B/1, Western Express Highway, Goregaon (E), Mumbai - 400063",12
SUNPHARMA,Sun Pharma,Pharma,Q3FY25,Corporate Office,Analyst,"Sun House, 201 B/1, Western Express Highway, Goregaon (E), Mumbai - 400063",12
SUNPHARMA,Sun Pharma,Pharma,Q3FY25,I shall first provide you an update on global innovative medicines business,Analyst,"In Q3 FY26, our Global Innovative Medicines sales were up 14.3% to reach US$423 million. Ex-milestone",16
SUNPHARMA,Sun Pharma,Pharma,Q3FY25,"Early feedback for both the launches has been quite encouraging.
Coming to India business",Analyst,"For Q3 sales formulations in India were Rs.49,986 million, recording a growth of 16.2% over Q3 last year. India",19
SUNPHARMA,Sun Pharma,Pharma,Q3FY25,Corporate Office,Analyst,"Sun House, 201 B/1, Western Express Highway, Goregaon (E), Mumbai - 400063",12
SUNPHARMA,Sun Pharma,Pharma,Q3FY25,Let me share the performance highlights of our US Business,Analyst,Our overall US business was marginally up by 0.6% to reach $477 million for the quarter.,16
SUNPHARMA,Sun Pharma,Pharma,Q3FY25,Corporate Office,Analyst,"Sun House, 201 B/1, Western Express Highway, Goregaon (E), Mumbai - 400063",12
SUNPHARMA,Sun Pharma,Pharma,Q3FY25,Alok Shanghvi,Management,"Thank you, Rick, and good evening to everybody on the call.",11
SUNPHARMA,Sun Pharma,Pharma,Q3FY25,I will provide an update on the performance highlights of our other businesses,Analyst,"Our Formulations revenues in the emerging markets were US$337 million, up by 21.6% over Q3 last year. The",18
SUNPHARMA,Sun Pharma,Pharma,Q3FY25,Corporate Office,Analyst,"Sun House, 201 B/1, Western Express Highway, Goregaon (E), Mumbai - 400063",12
SUNPHARMA,Sun Pharma,Pharma,Q3FY25,"FDA has also updated Ilumya label recently with additional efficacy data in treatment of Psoriasis of the Nail.
Moderator",Moderator,We will now begin the question-and-answer session. First question is from Rishi Parekh from J.P.,15
SUNPHARMA,Sun Pharma,Pharma,Q3FY25,"Morgan. Please go ahead.
Rishi Parekh",Management,"Hi, good morning and good evening, I guess, and thank you so much for taking my question. Now,",18
SUNPHARMA,Sun Pharma,Pharma,Q3FY25,Dilip Shanghvi,Management,"So, I think almost for all of those issues, we have indicated responses to the analysts on this call",19
SUNPHARMA,Sun Pharma,Pharma,Q3FY25,Rishi Parekh,Management,And then can you also talk us through the size of the types of acquisitions you are looking at?,19
SUNPHARMA,Sun Pharma,Pharma,Q3FY25,Corporate Office,Analyst,"Sun House, 201 B/1, Western Express Highway, Goregaon (E), Mumbai - 400063",12
SUNPHARMA,Sun Pharma,Pharma,Q3FY25,Dilip Shanghvi,Management,"So, I think we have indicated in the past that we need to be confident that whatever acquisition",18
SUNPHARMA,Sun Pharma,Pharma,Q3FY25,Moderator,Moderator,The next question is from Tushar Manudhane from Motilal Oswal Financial Services. Please go,14
SUNPHARMA,Sun Pharma,Pharma,Q3FY25,Tushar Manudhane,Analyst,"Thanks for the opportunity. Sir, on the innovative medicines sales, ex of milestone",13
SUNPHARMA,Sun Pharma,Pharma,Q3FY25,Kirti Ganorkar,Analyst,"Yes, I will answer your question. As we have called out in our Q3 FY25, certain one-time sales",18
SUNPHARMA,Sun Pharma,Pharma,Q3FY25,Tushar Manudhane,Analyst,"Secondly, R&D spend on the innovative portfolio both as a percentage of total R&D as",15
SUNPHARMA,Sun Pharma,Pharma,Q3FY25,Dilip Shanghvi,Management,I think it is all linked with commencing clinical trials as we are commencing new clinical trial,17
SUNPHARMA,Sun Pharma,Pharma,Q3FY25,Tushar Manudhane,Analyst,"Got it. And lastly, if I may, US sales ex of Revlimid has the portfolio growth or it has still",20
SUNPHARMA,Sun Pharma,Pharma,Q3FY25,Richard Ashcroft,Analyst,"Ex-Lenalidomide, the generics business is slightly down in the US.",10
SUNPHARMA,Sun Pharma,Pharma,Q3FY25,Tushar Manudhane,Analyst,"So, is this to do with price erosion or the lack of launches, if you could also explain that?",19
SUNPHARMA,Sun Pharma,Pharma,Q3FY25,Corporate Office,Analyst,"Sun House, 201 B/1, Western Express Highway, Goregaon (E), Mumbai - 400063",12
SUNPHARMA,Sun Pharma,Pharma,Q3FY25,Richard Ashcroft,Analyst,It is really due to specific competition for certain products.,10
SUNPHARMA,Sun Pharma,Pharma,Q3FY25,Richard Ashcroft,Analyst,"I think overall for the US, we see the innovative medicines continuing to grow and the generic",17
SUNPHARMA,Sun Pharma,Pharma,Q3FY25,Moderator,Moderator,The next question is from Damayanti Kerai from HSBC. Please go ahead.,12
SUNPHARMA,Sun Pharma,Pharma,Q3FY25,Damayanti Kerai,Analyst,"Hi, good evening and thank you for the opportunity. My first question is on gross margins. I",17
SUNPHARMA,Sun Pharma,Pharma,Q3FY25,Jayashree Satagopan,Analyst,"Thanks for your question, Damayanti. As you know, we do not specifically guide on",14
SUNPHARMA,Sun Pharma,Pharma,Q3FY25,Damayanti Kerai,Analyst,Okay. You think this level of margins will sustain or how do you see margins trending ahead?,17
SUNPHARMA,Sun Pharma,Pharma,Q3FY25,Jayashree Satagopan,Analyst,"As I was just mentioning, we normally do not guide on margins. Our endeavor is to see",17
SUNPHARMA,Sun Pharma,Pharma,Q3FY25,Damayanti Kerai,Analyst,"Okay, sure. My second question is on spend on the new launches where you indicated",15
SUNPHARMA,Sun Pharma,Pharma,Q3FY25,Richard Ashcroft,Analyst,"I am happy to address that. So, the spend is really occurring on the LEQSELVI, UNLOXCYT",16
SUNPHARMA,Sun Pharma,Pharma,Q3FY25,Corporate Office,Analyst,"Sun House, 201 B/1, Western Express Highway, Goregaon (E), Mumbai - 400063",12
SUNPHARMA,Sun Pharma,Pharma,Q3FY25,Damayanti Kerai,Analyst,Okay. So next year as well we expect elevated spend on these new launches as you build up,18
SUNPHARMA,Sun Pharma,Pharma,Q3FY25,Richard Ashcroft,Analyst,"Yes, next year it will just be part of our core operating OPEX to support these and the rest",19
SUNPHARMA,Sun Pharma,Pharma,Q3FY25,Damayanti Kerai,Analyst,"Okay. UNLOXCYT is a very recent launch, but any color on how you are proceeding with",16
SUNPHARMA,Sun Pharma,Pharma,Q3FY25,Richard Ashcroft,Analyst,"Sure. So, we are having active discussions with the physicians as you would expect given",15
SUNPHARMA,Sun Pharma,Pharma,Q3FY25,Damayanti Kerai,Analyst,Sure. Thank you. I will get back in the queue.,10
SUNPHARMA,Sun Pharma,Pharma,Q3FY25,Moderator,Moderator,The next question is from Neha Manpuria from Bank of America. Please go ahead.,14
SUNPHARMA,Sun Pharma,Pharma,Q3FY25,Neha Manpuria,Analyst,"Yes, thanks for taking my question. My first question is on the India business. Given the strong",17
SUNPHARMA,Sun Pharma,Pharma,Q3FY25,Corporate Office,Analyst,"Sun House, 201 B/1, Western Express Highway, Goregaon (E), Mumbai - 400063",12
SUNPHARMA,Sun Pharma,Pharma,Q3FY25,Kirti Ganorkar,Analyst,"I think, Neha, you will appreciate that it is very difficult for us to predict what will be the future",20
SUNPHARMA,Sun Pharma,Pharma,Q3FY25,Kirti Ganorkar,Analyst,"Yes, we are preparing for the launch, as I said in my readout. So, some of this thing has already",20
SUNPHARMA,Sun Pharma,Pharma,Q3FY25,Neha Manpuria,Analyst,All right. Got it. My second is on the R&D spend for generics. If I were to strip out the specialty,21
SUNPHARMA,Sun Pharma,Pharma,Q3FY25,Neha Manpuria,Analyst,"If I look at the ex-specialty R&D spend, right, after stripping out the R&D specialty R&D that",17
SUNPHARMA,Sun Pharma,Pharma,Q3FY25,Dilip Shanghvi,Management,"Sure. No, I think we are giving some split between the generic and the specialty. But beyond",17
SUNPHARMA,Sun Pharma,Pharma,Q3FY25,Neha Manpuria,Analyst,"Understood. And on biosimilars, has your view there changed in terms of looking at that",15
SUNPHARMA,Sun Pharma,Pharma,Q3FY25,Dilip Shanghvi,Management,"I think last time also I indicated. So, we are evaluating, re-looking at, because we look at",17
SUNPHARMA,Sun Pharma,Pharma,Q3FY25,Neha Manpuria,Analyst,"Understood. And sorry, if I may squeeze one last question on UNLOXCYT. How are we",15
SUNPHARMA,Sun Pharma,Pharma,Q3FY25,Corporate Office,Analyst,"Sun House, 201 B/1, Western Express Highway, Goregaon (E), Mumbai - 400063",12
SUNPHARMA,Sun Pharma,Pharma,Q3FY25,Richard Ashcroft,Analyst,I think the position of UNLOXCYT in the market is very clear and very crisp. What it really,18
SUNPHARMA,Sun Pharma,Pharma,Q3FY25,Neha Manpuria,Analyst,And do you think this would be more important in getting new patients onboard or could we,17
SUNPHARMA,Sun Pharma,Pharma,Q3FY25,Moderator,Moderator,Next question is from Bino Pathiparampil from Elara Capital. Please go ahead.,12
SUNPHARMA,Sun Pharma,Pharma,Q3FY25,Bino Pathiparampil,Analyst,"Hi, good evening and good morning. The first question is sort of a follow-up from earlier",16
SUNPHARMA,Sun Pharma,Pharma,Q3FY25,Richard Ashcroft,Analyst,"Quiet, quite small in Q3, but there was a negligible contribution.",11
SUNPHARMA,Sun Pharma,Pharma,Q3FY25,Bino Pathiparampil,Analyst,"Got it. Second, on Semaglutide, are you also planning for launches in some other emerging",15
SUNPHARMA,Sun Pharma,Pharma,Q3FY25,Kirti Ganorkar,Analyst,"No, what I said about the launch in India only, other markets we are not guiding what is our",19
SUNPHARMA,Sun Pharma,Pharma,Q3FY25,Bino Pathiparampil,Analyst,"Understood. And finally, a question on GL0034. I believe it is in Phase-II in diabetes. When",16
SUNPHARMA,Sun Pharma,Pharma,Q3FY25,Corporate Office,Analyst,"Sun House, 201 B/1, Western Express Highway, Goregaon (E), Mumbai - 400063",12
SUNPHARMA,Sun Pharma,Pharma,Q3FY25,Dilip Shanghvi,Management,"We are publishing phase-2a data in the certain scientific conferences, both for diabetes as well",15
SUNPHARMA,Sun Pharma,Pharma,Q3FY25,Bino Pathiparampil,Analyst,"Okay, so any further data is 18-months. Okay, got it. Thank you.",12
SUNPHARMA,Sun Pharma,Pharma,Q3FY25,Moderator,Moderator,Next question is from Girish Bakhru from OrbiMed. Please go ahead.,11
SUNPHARMA,Sun Pharma,Pharma,Q3FY25,Girish Bakhru,Analyst,"Yes, thanks for taking my question. Just the questions on US again regarding the two products,",16
SUNPHARMA,Sun Pharma,Pharma,Q3FY25,Richard Ashcroft,Analyst,"Yes. Well, first, I think it is important to point out for all the JAK inhibitors, there is a whole",20
SUNPHARMA,Sun Pharma,Pharma,Q3FY25,Girish Bakhru,Analyst,"And can I ask, Richard, are there enough centers who are doing this testing? And if you can also",19
SUNPHARMA,Sun Pharma,Pharma,Q3FY25,Richard Ashcroft,Analyst,"We are actually covering the cost of the test. So, we are working with the leading providers.",17
SUNPHARMA,Sun Pharma,Pharma,Q3FY25,Girish Bakhru,Analyst,"Understood. And just while we are on this market, I mean, RINVOQ, of course, is being talked",17
SUNPHARMA,Sun Pharma,Pharma,Q3FY25,Richard Ashcroft,Analyst,I do not know if I would agree with the comment about the dosing being better. I think what,19
SUNPHARMA,Sun Pharma,Pharma,Q3FY25,Corporate Office,Analyst,"Sun House, 201 B/1, Western Express Highway, Goregaon (E), Mumbai - 400063",12
SUNPHARMA,Sun Pharma,Pharma,Q3FY25,"JAK inhibitors and actually are now responding on LEQSELVI.
Girish Bakhru",Analyst,Understood. And second question was on UNLOXCYT. I heard your comment earlier that this,14
SUNPHARMA,Sun Pharma,Pharma,Q3FY25,Richard Ashcroft,Analyst,"Well, there could be patients that are having trouble tolerating Keytruda and Liptayo that",14
SUNPHARMA,Sun Pharma,Pharma,Q3FY25,Girish Bakhru,Analyst,But would not that market be smaller like given the advanced carcinoma patients would be,15
SUNPHARMA,Sun Pharma,Pharma,Q3FY25,Richard Ashcroft,Analyst,"Yes. I mean, it is smaller than the overall population, but there is a meaningful population of",17
SUNPHARMA,Sun Pharma,Pharma,Q3FY25,Girish Bakhru,Analyst,"Understood. And lastly, any thoughts on new indications that you are pursuing for LEQSELVI",14
SUNPHARMA,Sun Pharma,Pharma,Q3FY25,Richard Ashcroft,Analyst,We are in active discussions about LCM for both the products.,11
SUNPHARMA,Sun Pharma,Pharma,Q3FY25,Moderator,Moderator,Next question is from Vishal Manchanda from Systematix. Please go ahead.,11
SUNPHARMA,Sun Pharma,Pharma,Q3FY25,Vishal Manchanda,Analyst,"Hi, good evening and thanks for the opportunity. A question on your pending ANDAs and",15
SUNPHARMA,Sun Pharma,Pharma,Q3FY25,Alok Shanghvi,Management,"So, we do not specifically disclose which ANDAs are filed from which site.",13
SUNPHARMA,Sun Pharma,Pharma,Q3FY25,Corporate Office,Analyst,"Sun House, 201 B/1, Western Express Highway, Goregaon (E), Mumbai - 400063",12
SUNPHARMA,Sun Pharma,Pharma,Q3FY25,Vishal Manchanda,Analyst,"In the sense, like just a percentage of the spending ANDAs or NDAs that would be filed",17
SUNPHARMA,Sun Pharma,Pharma,Q3FY25,Vishal Manchanda,Analyst,Right. Okay. And if you could share some nature of the NDA filings that are pending,16
SUNPHARMA,Sun Pharma,Pharma,Q3FY25,Dr. Abhishek Sharma,Analyst,"No, we have not given details about our NDA filings in terms of the nature.",15
SUNPHARMA,Sun Pharma,Pharma,Q3FY25,Vishal Manchanda,Analyst,Okay. And just one final one. Do you expect to see further decline in US generic sales in,18
SUNPHARMA,Sun Pharma,Pharma,Q3FY25,Vishal Manchanda,Analyst,"Right. And if you could just share between UNLOXCYT and LEQSELVI, which one would",14
SUNPHARMA,Sun Pharma,Pharma,Q3FY25,Moderator,Moderator,Next question is from Kunal Dhamesha from Macquarie. Please go ahead.,11
SUNPHARMA,Sun Pharma,Pharma,Q3FY25,Kunal Dhamesha,Analyst,"Hi, thank you for taking my question. The first one is on the CMS's proposal on the most",18
SUNPHARMA,Sun Pharma,Pharma,Q3FY25,Richard Ashcroft,Analyst,"Sure. Happy to do so. I think, as you know, there are three models. There is a voluntary model",19
SUNPHARMA,Sun Pharma,Pharma,Q3FY25,Corporate Office,Analyst,"Sun House, 201 B/1, Western Express Highway, Goregaon (E), Mumbai - 400063",12
SUNPHARMA,Sun Pharma,Pharma,Q3FY25,Kunal Dhamesha,Analyst,"Can you share how we can make the broader aspect as to how we can mitigate, what are the",19
SUNPHARMA,Sun Pharma,Pharma,Q3FY25,Dilip Shanghvi,Management,I think these are commercially sensitive information. It is difficult for us to share this information,16
SUNPHARMA,Sun Pharma,Pharma,Q3FY25,Kunal Dhamesha,Analyst,"Sure, sir. Second one on the Cosibelimab, we just suggested that we might be in active",16
SUNPHARMA,Sun Pharma,Pharma,Q3FY25,Dilip Shanghvi,Management,"So, I think once we decide, we will share both the information that we can share. As we have",19
SUNPHARMA,Sun Pharma,Pharma,Q3FY25,Moderator,Moderator,The next question is from Gautam from Leo Capital. Please go ahead.,12
SUNPHARMA,Sun Pharma,Pharma,Q3FY25,Gautam,Analyst,"Hi, sir. Thank you for the opportunity. Good evening. I wanted to know regarding GLP-1, do you have",18
SUNPHARMA,Sun Pharma,Pharma,Q3FY25,Kirti Ganorkar,Analyst,"I think I talked about launch in India, but we will not comment specifically on capacity and",17
SUNPHARMA,Sun Pharma,Pharma,Q3FY25,Gautam,Analyst,"All right. And you guys do not have any timelines or any intention outside India market, any emerging",18
SUNPHARMA,Sun Pharma,Pharma,Q3FY25,Kirti Ganorkar,Analyst,"As I said earlier, my comment was only on India market. Outside India market, we are not going",18
SUNPHARMA,Sun Pharma,Pharma,Q3FY25,Corporate Office,Analyst,"Sun House, 201 B/1, Western Express Highway, Goregaon (E), Mumbai - 400063",12
SUNPHARMA,Sun Pharma,Pharma,Q3FY25,Moderator,Moderator,Next question is from Tushar Manudhane from Motilal Oswal Financial Services. Please go ahead.,14
SUNPHARMA,Sun Pharma,Pharma,Q3FY25,Tushar Manudhane,Analyst,"Thanks for the follow-up. Just on continuing on innovative sales, so while you highlighted",14
SUNPHARMA,Sun Pharma,Pharma,Q3FY25,Dr. Abhishek Sharma,Analyst,"No, there was no one-off in this quarter apart from milestone, Tushar.",12
SUNPHARMA,Sun Pharma,Pharma,Q3FY25,Tushar Manudhane,Analyst,"Sure. And secondly, more on the overall performance of FY23 to '25, there has been almost",16
SUNPHARMA,Sun Pharma,Pharma,Q3FY25,Jayashree Satagopan,Analyst,I think our margins during this year and quarter has also been good. Factoring in the two,17
SUNPHARMA,Sun Pharma,Pharma,Q3FY25,Tushar Manudhane,Analyst,"Ma'am, I was referring about the growth in EBITDA as well as PAT. While higher spend",16
SUNPHARMA,Sun Pharma,Pharma,Q3FY25,Jayashree Satagopan,Analyst,"Yes. So, that is at EBITDA level. PAT, we have indicated in the past as well. Our ETR",18
SUNPHARMA,Sun Pharma,Pharma,Q3FY25,"PAT improvement may not be commensurate with the margin improvement.
Tushar Manudhane",Analyst,"Okay. Subsequently, is 25% expected to be a number to assume for the '27-28?",14
SUNPHARMA,Sun Pharma,Pharma,Q3FY25,Jayashree Satagopan,Analyst,I think it would be sort of in the range we guess.,12
SUNPHARMA,Sun Pharma,Pharma,Q3FY25,Moderator,Moderator,The next question is from Shashank Krishnakumar from Emkay Global. Please go ahead.,13
SUNPHARMA,Sun Pharma,Pharma,Q3FY25,Shashank Krishnakumar,Management,Hi! Thanks for taking my question. My first one was on the launch of an auto-,16
SUNPHARMA,Sun Pharma,Pharma,Q3FY25,Corporate Office,Analyst,"Sun House, 201 B/1, Western Express Highway, Goregaon (E), Mumbai - 400063",12
SUNPHARMA,Sun Pharma,Pharma,Q3FY25,Richard Ashcroft,Analyst,"So, we have launched a pen for Ilumya in Canada and as in other markets, the product is self-",19
SUNPHARMA,Sun Pharma,Pharma,Q3FY25,Shashank Krishnakumar,Management,"Got it. Thanks. That is helpful. Just a second question is on India. So, do we also",17
SUNPHARMA,Sun Pharma,Pharma,Q3FY25,Kirti Ganorkar,Analyst,"No, right now, as I said earlier, we have approval for a Semaglutide injection. Yes. So, we",17
SUNPHARMA,Sun Pharma,Pharma,Q3FY25,Moderator,Moderator,The next question is from Vishal Manchanda from Systematix. Please go ahead.,12
SUNPHARMA,Sun Pharma,Pharma,Q3FY25,Vishal Manchanda,Analyst,"Thanks again. On the Philogen drug Fibromun, can you guide if there is a possibility for the",17
SUNPHARMA,Sun Pharma,Pharma,Q3FY25,Dilip Shanghvi,Management,"So, my understanding is that they do not have a priority review classification. I can find out. If I",19
SUNPHARMA,Sun Pharma,Pharma,Q3FY25,Vishal Manchanda,Analyst,"Got it, sir. Yes, I will do that. Thank you.",10
SUNPHARMA,Sun Pharma,Pharma,Q3FY25,Moderator,Moderator,The next question is from Vivek Agarwal from Citigroup. Please go ahead.,12
SUNPHARMA,Sun Pharma,Pharma,Q3FY25,Corporate Office,Analyst,"Sun House, 201 B/1, Western Express Highway, Goregaon (E), Mumbai - 400063",12
SUNPHARMA,Sun Pharma,Pharma,Q3FY25,Vivek Agarwal,Analyst,Thanks for the opportunity. The question again is related to your M&A strategy. Just want to,16
SUNPHARMA,Sun Pharma,Pharma,Q3FY25,Dilip Shanghvi,Management,"No, I think I said that we are comfortable with raising debt. Now, it all depends on the targets,",19
SUNPHARMA,Sun Pharma,Pharma,Q3FY25,Vivek Agarwal,Analyst,"Yes, thanks. No problem at all. And just one more question on this globe model, Rick? Although",17
SUNPHARMA,Sun Pharma,Pharma,Q3FY25,Richard Ashcroft,Analyst,I think that is pretty speculative. I think we need to wait until the notice and comment period,18
SUNPHARMA,Sun Pharma,Pharma,Q3FY25,Vivek Agarwal,Analyst,Understood. And are you also working with any kind of deal with the Trump administration?,15
SUNPHARMA,Sun Pharma,Pharma,Q3FY25,Vivek Agarwal,Analyst,"Are you also working with any kind of deal with Trump administration, like some of the other",17
SUNPHARMA,Sun Pharma,Pharma,Q3FY25,Richard Ashcroft,Analyst,We are regularly in the conversations with the US government on any number of topics.,15
SUNPHARMA,Sun Pharma,Pharma,Q3FY25,Moderator,Moderator,Next question is from Foram Parekh from Bank of Baroda Capital Markets. Please go ahead.,15
SUNPHARMA,Sun Pharma,Pharma,Q3FY25,Foram Parekh,Management,Thank you for the opportunity. Our emerging markets growth is quite buoyant in this quarter.,15
SUNPHARMA,Sun Pharma,Pharma,Q3FY25,Alok Shanghvi,Management,"So, all our major geographies in emerging markets are doing well in local currency terms. And",16
SUNPHARMA,Sun Pharma,Pharma,Q3FY25,Corporate Office,Analyst,"Sun House, 201 B/1, Western Express Highway, Goregaon (E), Mumbai - 400063",12
SUNPHARMA,Sun Pharma,Pharma,Q3FY25,Foram Parekh,Management,Okay. My second question is a little open-ended and it is on the India business GLP opportunity.,17
SUNPHARMA,Sun Pharma,Pharma,Q3FY25,Kirti Ganorkar,Analyst,"We are very excited to launch the product on the patent expiry, yes. And I think when the",18
SUNPHARMA,Sun Pharma,Pharma,Q3FY25,Foram Parekh,Management,"Sure. And can you talk or give some direction on the pricing side, I mean, do we want to be very",21
SUNPHARMA,Sun Pharma,Pharma,Q3FY25,Kirti Ganorkar,Analyst,"Sure. Pricing, we cannot comment. But I already told you like when the generic comes, it",16
SUNPHARMA,Sun Pharma,Pharma,Q3FY25,Moderator,Moderator,The next question is from Abdulkader Puranwala from ICICI Securities. Please go ahead.,13
SUNPHARMA,Sun Pharma,Pharma,Q3FY25,Abdulkader Puranwala,Analyst,"Hi, sir. Thank you for the opportunity. So first question is with generic Semaglutide. I",15
SUNPHARMA,Sun Pharma,Pharma,Q3FY25,Kirti Ganorkar,Analyst,"No, I think I clarified this the second, third or fourth time is like right now in this call, we are",21
SUNPHARMA,Sun Pharma,Pharma,Q3FY25,Moderator,Moderator,That was the last question in queue. I would now like to hand the conference back to Dr. Abhishek,19
SUNPHARMA,Sun Pharma,Pharma,Q3FY25,"Sharma for closing comments.
Dr. Abhishek Sharma",Analyst,"Yes, thanks, everyone, especially for joining us on this Saturday. If any of your questions",15
SUNPHARMA,Sun Pharma,Pharma,Q3FY25,Corporate Office,Analyst,"Sun House, 201 B/1, Western Express Highway, Goregaon (E), Mumbai - 400063",12
SUNPHARMA,Sun Pharma,Pharma,Q3FY25,Moderator,Moderator,"Thank you very much. On behalf of Sun Pharma, that concludes the conference. Thank you for",16
SUNPHARMA,Sun Pharma,Pharma,Q3FY25,Corporate Office,Analyst,"Sun House, 201 B/1, Western Express Highway, Goregaon (E), Mumbai - 400063",12
SUNPHARMA,Sun Pharma,Pharma,Q4FY25,Corporate Office,Analyst,"Sun House, 201 B/1, Western Express Highway, Goregaon (E), Mumbai - 400063",12
SUNPHARMA,Sun Pharma,Pharma,Q4FY25,Moderator,Moderator,"Ladies and gentlemen, good day, and welcome to the Sun Pharma's Q4 FY '26 Financial Results",16
SUNPHARMA,Sun Pharma,Pharma,Q4FY25,Abhishek Sharma,Analyst,"Thank you. Good evening, and a warm welcome to our fourth quarter and full year FY '26",17
SUNPHARMA,Sun Pharma,Pharma,Q4FY25,Jayashree Satagopan,Analyst,"Good evening all, and welcome and thank you for joining us for the earnings call after",16
SUNPHARMA,Sun Pharma,Pharma,Q4FY25,Corporate Office,Analyst,"Sun House, 201 B/1, Western Express Highway, Goregaon (E), Mumbai - 400063",12
SUNPHARMA,Sun Pharma,Pharma,Q4FY25,Kirti Ganorkar,Analyst,"Thank you, Jayashree. I shall first provide you an update on Global Innovative Medicine. In",15
SUNPHARMA,Sun Pharma,Pharma,Q4FY25,Corporate Office,Analyst,"Sun House, 201 B/1, Western Express Highway, Goregaon (E), Mumbai - 400063",12
SUNPHARMA,Sun Pharma,Pharma,Q4FY25,Aalok Shanghvi,Management,"Thank you, Rick. I will provide an update on the performance highlights of our other",15
SUNPHARMA,Sun Pharma,Pharma,Q4FY25,Corporate Office,Analyst,"Sun House, 201 B/1, Western Express Highway, Goregaon (E), Mumbai - 400063",12
SUNPHARMA,Sun Pharma,Pharma,Q4FY25,Dilip Shanghvi,Management,"Thank you, Aalok. Let me now take you through our R&D initiatives. We continue to invest in",17
SUNPHARMA,Sun Pharma,Pharma,Q4FY25,Abhishek Sharma,Analyst,"That's the end of our prepared remarks. Operator, if you can ask for Q&A.",14
SUNPHARMA,Sun Pharma,Pharma,Q4FY25,Moderator,Moderator,Certainly sir. Thank you very much. We will now begin the question-and-answer session. Our first,15
SUNPHARMA,Sun Pharma,Pharma,Q4FY25,Kunal Dhamesha,Analyst,Hi good evening and thank you for the opportunity. First question for Richard. If you could,16
SUNPHARMA,Sun Pharma,Pharma,Q4FY25,Corporate Office,Analyst,"Sun House, 201 B/1, Western Express Highway, Goregaon (E), Mumbai - 400063",12
SUNPHARMA,Sun Pharma,Pharma,Q4FY25,Richard Ascroft,Analyst,"Good question. Thank you. Yes, the receptivity has been very positive. I think you may",15
SUNPHARMA,Sun Pharma,Pharma,Q4FY25,Kunal Dhamesha,Analyst,"Sure. Thank you for the update. Second one for Kirti, sir, on the semaglutide launch in India.",17
SUNPHARMA,Sun Pharma,Pharma,Q4FY25,Kirti Ganorkar,Analyst,Sure. We launched Noveltreat on 21st March. So I would say what reflection you are seeing,16
SUNPHARMA,Sun Pharma,Pharma,Q4FY25,Kunal Dhamesha,Analyst,"And sir, any clarity on will we be there in the oral semaglutide market anytime soon?",16
SUNPHARMA,Sun Pharma,Pharma,Q4FY25,Corporate Office,Analyst,"Sun House, 201 B/1, Western Express Highway, Goregaon (E), Mumbai - 400063",12
SUNPHARMA,Sun Pharma,Pharma,Q4FY25,Kirti Ganorkar,Analyst,"Sure. So for oral, we have completed the clinical study. And once we get approval, we will",17
SUNPHARMA,Sun Pharma,Pharma,Q4FY25,Moderator,Moderator,Thank you. Our next question is from the line of Surya Patra with Phillip Capital. Please go ahead.,18
SUNPHARMA,Sun Pharma,Pharma,Q4FY25,Surya Patra,Analyst,"Thank you for this opportunity. My first question is on the sequential drop in the margin. Ma'am,",17
SUNPHARMA,Sun Pharma,Pharma,Q4FY25,Surya Patra,Analyst,"So sequential drop in the margin, that was my question. So, and how much of this drop is because",19
SUNPHARMA,Sun Pharma,Pharma,Q4FY25,Jayashree Satagopan,Analyst,So the impact of Revlimid in this is relatively small.,10
SUNPHARMA,Sun Pharma,Pharma,Q4FY25,Surya Patra,Analyst,"Okay. And any one-off cost component that is sitting in the other expenses, ma'am? And can you",17
SUNPHARMA,Sun Pharma,Pharma,Q4FY25,Jayashree Satagopan,Analyst,"No, there are multiple small items that have together come up to this level. That is why I",18
SUNPHARMA,Sun Pharma,Pharma,Q4FY25,Surya Patra,Analyst,"Okay. Okay. Second question is about, although we are not discussing Organon acquisition related",14
SUNPHARMA,Sun Pharma,Pharma,Q4FY25,Kirti Ganorkar,Analyst,"Sure. So I think we had done a presentation on Organon, where in the detail, Jayashree has",17
SUNPHARMA,Sun Pharma,Pharma,Q4FY25,Corporate Office,Analyst,"Sun House, 201 B/1, Western Express Highway, Goregaon (E), Mumbai - 400063",12
SUNPHARMA,Sun Pharma,Pharma,Q4FY25,Surya Patra,Analyst,"Sure, sir. Just last one question, if I may ask. So we have obviously seen a kind of a good progress",21
SUNPHARMA,Sun Pharma,Pharma,Q4FY25,Kirti Ganorkar,Analyst,"Sure. We have ILUMYA and Odomzo, these are 2 products outside the US. So if you remember",17
SUNPHARMA,Sun Pharma,Pharma,Q4FY25,Moderator,Moderator,Thank you. Our next question is from the line of Neha from Bank of America. Please go ahead.,18
SUNPHARMA,Sun Pharma,Pharma,Q4FY25,Neha,Analyst,"Thanks for taking my question. Rick, a quick question on the US specialty business. Would it be fair to",19
SUNPHARMA,Sun Pharma,Pharma,Q4FY25,Richard Ascroft,Analyst,"Yes. Thank you for the question. So for '26, we did see good growth for ILUMYA, but we",18
SUNPHARMA,Sun Pharma,Pharma,Q4FY25,Corporate Office,Analyst,"Sun House, 201 B/1, Western Express Highway, Goregaon (E), Mumbai - 400063",12
SUNPHARMA,Sun Pharma,Pharma,Q4FY25,"UNLOXCYT as well as the existing Innovative Medicines portfolio.
Neha",Analyst,"So out of the existing portfolio, excluding LEQSELVI, let's say, Winlevi particularly, we changed our",15
SUNPHARMA,Sun Pharma,Pharma,Q4FY25,Richard Ascroft,Analyst,We continue to see growth based on the model that we've adopted. And we also continue to,17
SUNPHARMA,Sun Pharma,Pharma,Q4FY25,Neha,Analyst,"Okay. And last on LEQSELVI, how are you thinking about, I mean, based on your conversation with",17
SUNPHARMA,Sun Pharma,Pharma,Q4FY25,Richard Ascroft,Analyst,"Yes. I think there are a couple of things in that question. First of all, we have continued to",19
SUNPHARMA,Sun Pharma,Pharma,Q4FY25,Neha,Analyst,"Understood. That's very helpful. One other question, if I may. If I look at the emerging market business,",18
SUNPHARMA,Sun Pharma,Pharma,Q4FY25,Aalok Shanghvi,Management,"Yes. So I think we will certainly look at maximizing the potential, but we will not be able to",19
SUNPHARMA,Sun Pharma,Pharma,Q4FY25,Corporate Office,Analyst,"Sun House, 201 B/1, Western Express Highway, Goregaon (E), Mumbai - 400063",12
SUNPHARMA,Sun Pharma,Pharma,Q4FY25,Moderator,Moderator,Thank you. Our next question comes from the line of Girish Bakhru with OrbiMed. Please go ahead.,17
SUNPHARMA,Sun Pharma,Pharma,Q4FY25,Girish Bakhru,Analyst,"Hi thanks for taking my question. Just some commentary on biosimilar STELARA impact,",13
SUNPHARMA,Sun Pharma,Pharma,Q4FY25,Richard Ascroft,Analyst,"We are seeing some impact of biosimilars changing formulary access, but we've not seen an",15
SUNPHARMA,Sun Pharma,Pharma,Q4FY25,Girish Bakhru,Analyst,"But there is no cross referencing of pricing, let's say, does it not change gross to net for you",19
SUNPHARMA,Sun Pharma,Pharma,Q4FY25,Richard Ascroft,Analyst,It does not. Part B drugs are not negotiated under that regimen.,12
SUNPHARMA,Sun Pharma,Pharma,Q4FY25,Girish Bakhru,Analyst,"Understood. And second one on UNLOXCYT. I know it's still early, but can you share how",16
SUNPHARMA,Sun Pharma,Pharma,Q4FY25,Richard Ascroft,Analyst,Thank you for the question. And you're right. The key focus for UNLOXCYT is continuing,15
SUNPHARMA,Sun Pharma,Pharma,Q4FY25,Girish Bakhru,Analyst,"Just a ballpark, would you be able to tell how many key priority accounts are there? I mean,",18
SUNPHARMA,Sun Pharma,Pharma,Q4FY25,Richard Ascroft,Analyst,"No, it's not -- we don't have a limited distribution model because this practice is largely used",17
SUNPHARMA,Sun Pharma,Pharma,Q4FY25,Corporate Office,Analyst,"Sun House, 201 B/1, Western Express Highway, Goregaon (E), Mumbai - 400063",12
SUNPHARMA,Sun Pharma,Pharma,Q4FY25,"Moderator Our next question comes from the line of Abdulkader Puranwala with ICICI Securities.
Abdulkader Puranwala",Moderator,"So, my first question is with regards to your specialty products under development",13
SUNPHARMA,Sun Pharma,Pharma,Q4FY25,Kirti Ganorkar,Analyst,"No, I think we have stated this for US market, we are looking for a partner for developing MM2",19
SUNPHARMA,Sun Pharma,Pharma,Q4FY25,Abdulkader Puranwala,Analyst,"Okay. And sir, would it be fair to assume that the same would happen for the Type",17
SUNPHARMA,Sun Pharma,Pharma,Q4FY25,Dilip Shanghvi,Management,"Yes. I think the idea is that in larger market where we will require a large field force to promote,",20
SUNPHARMA,Sun Pharma,Pharma,Q4FY25,"Moderator The next question is from the line of Tushar Manudhane with Motilal Oswal Financial Services.
Tushar Manudhane",Moderator,"Dilip sir, I would like to ask you on this generics business, while there is a great franchisee",18
SUNPHARMA,Sun Pharma,Pharma,Q4FY25,Dilip Shanghvi,Management,"No, I think part of the question you answered yourself is that because of the compliance issue,",17
SUNPHARMA,Sun Pharma,Pharma,Q4FY25,Corporate Office,Analyst,"Sun House, 201 B/1, Western Express Highway, Goregaon (E), Mumbai - 400063",12
SUNPHARMA,Sun Pharma,Pharma,Q4FY25,Tushar Manudhane,Analyst,So is there any thinking in terms of -- while maybe the existing sites compliance issue may,17
SUNPHARMA,Sun Pharma,Pharma,Q4FY25,Aalok Shanghvi,Management,"So, I think -- like we've shared in the past, I think we continue to work on training and upgrading",20
SUNPHARMA,Sun Pharma,Pharma,Q4FY25,Tushar Manudhane,Analyst,"So, are we in the process of setting up Greenfield for US generics specifically is what I was",18
SUNPHARMA,Sun Pharma,Pharma,Q4FY25,Aalok Shanghvi,Management,"US generics would be a part of the volume that would be manufactured, but it would not be the",19
SUNPHARMA,Sun Pharma,Pharma,Q4FY25,Abhishek Sharma,Analyst,"Tushar, we are referring to the Madhya Pradesh plant that is coming up.",13
SUNPHARMA,Sun Pharma,Pharma,Q4FY25,Tushar Manudhane,Analyst,"Yes, yes. I mean just conceptually, so I'm just trying to think through that while the",16
SUNPHARMA,Sun Pharma,Pharma,Q4FY25,Dilip Shanghvi,Management,"No, we are not challenging -- I mean, changing our view on attractiveness of generic business.",16
SUNPHARMA,Sun Pharma,Pharma,Q4FY25,Tushar Manudhane,Analyst,"Sure, sir. That's helpful. Just one more, if I may. So, this facility -- sorry for my ignorance.",18
SUNPHARMA,Sun Pharma,Pharma,Q4FY25,"Moderator The next question is from the line of Kunal Dhamesha with Macquarie.
Corporate Office",Moderator,"Sun House, 201 B/1, Western Express Highway, Goregaon (E), Mumbai - 400063",12
SUNPHARMA,Sun Pharma,Pharma,Q4FY25,Kunal Dhamesha,Analyst,"One for Dilip bhai. On the R&D front, we have guided for 6% to 7% as a percentage of",19
SUNPHARMA,Sun Pharma,Pharma,Q4FY25,Dilip Shanghvi,Management,"So, I think you must have seen that both the last quarter overall R&D spend has grown over the",19
SUNPHARMA,Sun Pharma,Pharma,Q4FY25,Kunal Dhamesha,Analyst,"So, let me put it this way, like the percentage spent on or the money spent on innovation",18
SUNPHARMA,Sun Pharma,Pharma,Q4FY25,Dilip Shanghvi,Management,"No, I think, we have an active life cycle management approach for all our innovative products.",16
SUNPHARMA,Sun Pharma,Pharma,Q4FY25,Kunal Dhamesha,Analyst,"Sure. And one for Jayashree, ma'am. On the intangible asset increase, I think is it related to",17
SUNPHARMA,Sun Pharma,Pharma,Q4FY25,Jayashree Satagopan,Analyst,You're right. This is relating to the commercialization of these two molecules.,12
SUNPHARMA,Sun Pharma,Pharma,Q4FY25,Kunal Dhamesha,Analyst,"So, let's say, work in progress intangible has been classified as the intangible asset? Is it the",17
SUNPHARMA,Sun Pharma,Pharma,Q4FY25,Abhishek Sharma,Analyst,"For LEQSELVI, yes, and for Checkpoint, yes, it was never under CWIP.",12
SUNPHARMA,Sun Pharma,Pharma,Q4FY25,"Moderator The next question is from the line of Vishal Manchanda with Systematix Group.
Corporate Office",Moderator,"Sun House, 201 B/1, Western Express Highway, Goregaon (E), Mumbai - 400063",12
SUNPHARMA,Sun Pharma,Pharma,Q4FY25,Vishal Manchanda,Analyst,"In FY27, I think we don't have a large specialty launch. So, is it fair to expect that the",19
SUNPHARMA,Sun Pharma,Pharma,Q4FY25,Richard Ascroft,Analyst,"I think the -- it's important to sustain launches as well. So, you should expect that we will",18
SUNPHARMA,Sun Pharma,Pharma,Q4FY25,Vishal Manchanda,Analyst,Any timelines with respect to how should we see these launches happening in Europe and,15
SUNPHARMA,Sun Pharma,Pharma,Q4FY25,Dilip Shanghvi,Management,I think we are not factoring any sales out of this product in any geographies other than the,18
SUNPHARMA,Sun Pharma,Pharma,Q4FY25,Vishal Manchanda,Analyst,"So, is it these markets are not large enough? Or will we need to do additional trials here and",19
SUNPHARMA,Sun Pharma,Pharma,Q4FY25,Dilip Shanghvi,Management,"No, I think sometimes you have to -- the filing itself requires a certain time because you",17
SUNPHARMA,Sun Pharma,Pharma,Q4FY25,Vishal Manchanda,Analyst,"Understood. And just on the generic business, do we expect any re-inspections maybe at",14
SUNPHARMA,Sun Pharma,Pharma,Q4FY25,Aalok Shanghvi,Management,"So, I think the sites operate from a 24/7 audit readiness. I think we would not be able to",19
SUNPHARMA,Sun Pharma,Pharma,Q4FY25,Vishal Manchanda,Analyst,"Okay. And I have one more question on Winlevi, the innovator company has done a trial on",17
SUNPHARMA,Sun Pharma,Pharma,Q4FY25,Kirti Ganorkar,Analyst,"Since this is a pipeline question, we won't be able to answer it.",13
SUNPHARMA,Sun Pharma,Pharma,Q4FY25,"Moderator The next question is from the line of Shashank Krishnakumar from Emkay Global.
Corporate Office",Moderator,"Sun House, 201 B/1, Western Express Highway, Goregaon (E), Mumbai - 400063",12
SUNPHARMA,Sun Pharma,Pharma,Q4FY25,S. Krishnakumar,Analyst,Just wanted to check on LEQSELVI. I think one of our competitors likely to get an approval,17
SUNPHARMA,Sun Pharma,Pharma,Q4FY25,Richard Ascroft,Analyst,"Yes. We do have an active Phase III trial underway for LEQSELVI in adolescents, you're",15
SUNPHARMA,Sun Pharma,Pharma,Q4FY25,S. Krishnakumar,Analyst,"Got it. That's helpful. And just one clarification. I think in our opening remarks, we",15
SUNPHARMA,Sun Pharma,Pharma,Q4FY25,Jayashree Satagopan,Analyst,Let me clarify the higher spend is on account of several factors in various,14
SUNPHARMA,Sun Pharma,Pharma,Q4FY25,"Moderator The next question is from the line of Saion Mukherjee with Nomura.
Saion Mukherjee",Moderator,"I think last year, you guided for around 100 million spend on new product launches, initial",16
SUNPHARMA,Sun Pharma,Pharma,Q4FY25,Richard Ascroft,Analyst,"I think it was around that amount. We're not providing exactly what it is, but it was within",18
SUNPHARMA,Sun Pharma,Pharma,Q4FY25,Saion Mukherjee,Analyst,"Right. My second question is related to tariffs. I think in April, after Section 232",15
SUNPHARMA,Sun Pharma,Pharma,Q4FY25,Corporate Office,Analyst,"Sun House, 201 B/1, Western Express Highway, Goregaon (E), Mumbai - 400063",12
SUNPHARMA,Sun Pharma,Pharma,Q4FY25,Richard Ascroft,Analyst,"Yes. The President did announce in April the resolution of the 232 investigations, laid out a",16
SUNPHARMA,Sun Pharma,Pharma,Q4FY25,"Moderator Our next question is from the line of Damayanti Kerai with HSBC.
Damayanti Kerai",Moderator,"My question is regarding your EBITDA margin trajectory. So, you mentioned you will",13
SUNPHARMA,Sun Pharma,Pharma,Q4FY25,Jayashree Satagopan,Analyst,"So, as you know, we do not guide on the margins. However, the expenses relating to",16
SUNPHARMA,Sun Pharma,Pharma,Q4FY25,Abhishek Sharma,Analyst,"Just to clarify, Damayanti, we are not guiding whether they will be lower, same or higher",16
SUNPHARMA,Sun Pharma,Pharma,Q4FY25,Damayanti Kerai,Analyst,Sure. And can you indicate your effective tax rate for next year and beyond?,14
SUNPHARMA,Sun Pharma,Pharma,Q4FY25,Jayashree Satagopan,Analyst,Yes. We expect the effective tax rate to be in the range of 25%.,14
SUNPHARMA,Sun Pharma,Pharma,Q4FY25,Corporate Office,Analyst,"Sun House, 201 B/1, Western Express Highway, Goregaon (E), Mumbai - 400063",12
SUNPHARMA,Sun Pharma,Pharma,Q4FY25,Abhishek Sharma,Analyst,"Thank you, ladies and gentlemen. If you have any questions that have remained unanswered",14
SUNPHARMA,Sun Pharma,Pharma,Q4FY25,"You may now disconnect your lines.
Corporate Office",Analyst,"Sun House, 201 B/1, Western Express Highway, Goregaon (E), Mumbai - 400063",12
TCS,TCS,IT,Q1FY25,Sub,Moderator,"Transcript of the earnings conference call for the quarter ended June 30, 2025",13
TCS,TCS,IT,Q1FY25,Moderator,Moderator,"Ladies and gentlemen, good day, and welcome to the TCS Earnings",11
TCS,TCS,IT,Q1FY25,Nehal Shah,Analyst,Our management team will give a brief overview of the company's,11
TCS,TCS,IT,Q1FY25,K Krithivasan,Management,"Thank you, Nehal. Again, good day, everyone. During our April 2025",11
TCS,TCS,IT,Q1FY25,Milind Lakkad,Management,"Thank you, Samir. Our workforce at the end of the first quarter was",13
TCS,TCS,IT,Q1FY25,"I will now request Krithi to speak on the various demand drivers during
the quarter.
K Krithivasan",Management,"Thank you, Milind. During the quarter, enterprises remained focused on",10
TCS,TCS,IT,Q1FY25,BFSI,Analyst,"In America, BFSI clients are cautious with tech investments as they",11
TCS,TCS,IT,Q1FY25,CBG,Analyst,Moving on to the Consumer business group. This was one of the most,13
TCS,TCS,IT,Q1FY25,Life Sciences and Healthcare,Analyst,Life Sciences customers are exercising caution. They are focusing on,10
TCS,TCS,IT,Q1FY25,Tech SS,Analyst,The Technology & Services industry sustained growth across all markets this,11
TCS,TCS,IT,Q1FY25,CMI,Analyst,"In the Communications, Media, and Information vertical, enterprises are re-",10
TCS,TCS,IT,Q1FY25,Aarthi Subramanian,Moderator,"Thank you, Krithi. This is my first quarterly earnings call after I took on",14
TCS,TCS,IT,Q1FY25,Let me begin with AI and Data,Analyst,"• We are seeing enterprises move beyond small-scale, use-case centric",10
TCS,TCS,IT,Q1FY25,I would like to share a couple of examples,Analyst,"• AmTrust, the New York based multinational property and casualty",10
TCS,TCS,IT,Q1FY25,Cyber Security,Analyst,All of us know organizations are prioritizing cybersecurity to protect,10
TCS,TCS,IT,Q1FY25,Moderator,Moderator,Thank you very much. We'll take our first question from the line of,13
TCS,TCS,IT,Q1FY25,"Sudheer Guntupalli from Kotak Mahindra AMC. Please go ahead.
Sudheer Guntupalli",Analyst,"Hi, team. Thanks for the opportunity. Krithi, just a couple of questions.",12
TCS,TCS,IT,Q1FY25,Sudheer Guntupalli,Analyst,"Okay, sir. And just some clarification on your comment in the Press",12
TCS,TCS,IT,Q1FY25,K Krithivasan,Management,"Sudheer, at this time we are confident the international market will do",12
TCS,TCS,IT,Q1FY25,Sudheer Guntupalli,Analyst,"Understood, sir. And last question from my end. So, you mentioned that",12
TCS,TCS,IT,Q1FY25,K Krithivasan,Management,"We have not started seeing that so far, Sudheer. Because as we know,",13
TCS,TCS,IT,Q1FY25,Moderator,Moderator,Thank you. We'll take our next question from the line of Kumar Rakesh,13
TCS,TCS,IT,Q1FY25,Kumar Rakesh,Management,"Hi, good evening and thank you for taking my questions and welcome",12
TCS,TCS,IT,Q1FY25,K Krithivasan,Management,Whatever delays that we had have been to a great extent factored into,13
TCS,TCS,IT,Q1FY25,Kumar Rakesh,Management,"Thanks for that. My second question was on margins. So, before we",12
TCS,TCS,IT,Q1FY25,Samir Seksaria,Management,"A good comparison would be the year-on-year margin. And yes, it's 20",12
TCS,TCS,IT,Q1FY25,Kumar Rakesh,Management,"Thanks, Samir for that. Just one clarification on the international",10
TCS,TCS,IT,Q1FY25,Kumar Rakesh,Management,Got it. Great. Thanks a lot and that's all from my side.,12
TCS,TCS,IT,Q1FY25,Moderator,Moderator,Thank you. We'll take our next question from the line of Ankur Rudra,13
TCS,TCS,IT,Q1FY25,Ankur Rudra,Analyst,Hi. Thank you. My first question is in terms of the weakness you've seen,14
TCS,TCS,IT,Q1FY25,K Krithivasan,Management,"Ankur, pricing has been reasonably stable at an overall level. But if you",13
TCS,TCS,IT,Q1FY25,Ankur Rudra,Analyst,Will this impact the revenue conversion from the signings because,10
TCS,TCS,IT,Q1FY25,Ankur Rudra,Analyst,Okay. Thank you for the clarification. Could you talk a bit about how the,14
TCS,TCS,IT,Q1FY25,K Krithivasan,Management,Ankur the overall pipeline has remained quite strong. We measured it,11
TCS,TCS,IT,Q1FY25,Ankur Rudra,Analyst,Okay. Just the last question on margins. You did highlight that you're,12
TCS,TCS,IT,Q1FY25,Samir Seksaria,Management,"Ankur, like I said, we invested into capacity, anticipating growth this",11
TCS,TCS,IT,Q1FY25,Ankur Rudra,Analyst,"And just as a quick follow-up, how much of the utilization improvement",12
TCS,TCS,IT,Q1FY25,Samir Seksaria,Management,"We would want to drive revenue growth, but we will look at optimization",13
TCS,TCS,IT,Q1FY25,Moderator,Moderator,Thank you. We'll take our next question from the line of Ravi Menon,13
TCS,TCS,IT,Q1FY25,Ravi Menon,Analyst,"Thank you for the opportunity. Samir, looks like there has been",11
TCS,TCS,IT,Q1FY25,Samir Seksaria,Management,"So Ravi, so you would see a 70 basis points decline on positive impact",14
TCS,TCS,IT,Q1FY25,Ravi Menon,Analyst,"Okay. Right, thanks. BFSI has seen a slight decline Q-o-Q. This is I'd",13
TCS,TCS,IT,Q1FY25,K Krithivasan,Management,"No. Actually Ravi, positive side of it is that BFSI North America and",13
TCS,TCS,IT,Q1FY25,Ravi Menon,Analyst,"One last question. On the high-tech side, that's where we had seen the",13
TCS,TCS,IT,Q1FY25,K Krithivasan,Management,"By and large, we are seeing a growth, with the exception of one or two",15
TCS,TCS,IT,Q1FY25,Moderator,Moderator,Thank you. We'll take our next question from the line of Abhishek,12
TCS,TCS,IT,Q1FY25,"Pathak from Motilal Oswal. Please go ahead.
Abhishek Pathak",Analyst,"Yes. Hi, thanks for the opportunity. The first question was around the",12
TCS,TCS,IT,Q1FY25,Samir Seksaria,Management,"Abhishek, first, on the BSNL deal, we just received an advance",11
TCS,TCS,IT,Q1FY25,Abhishek Pathak,Analyst,"Understood. So just to sort of follow up. Our employee costs are, as I",14
TCS,TCS,IT,Q1FY25,Samir Seksaria,Management,"So, two clarifications, Abhishek. One is, if you're comparing sequentially",10
TCS,TCS,IT,Q1FY25,Moderator,Moderator,Thank you. We'll take our next question from the line of Nitin,12
TCS,TCS,IT,Q1FY25,"Padmanabhan from Investec. Please go ahead.
Nitin Padmanabhan",Management,"Yes. Hi, good evening. Thank you for the opportunity. You sounded",11
TCS,TCS,IT,Q1FY25,K Krithivasan,Management,"Like every other industry, Nitin, there are some places where there is a",13
TCS,TCS,IT,Q1FY25,Nitin Padmanabhan,Management,"Right. Just to understand, on a sequential basis, last quarter versus this",12
TCS,TCS,IT,Q1FY25,K Krithivasan,Management,"If you look at a revenue basis, you can see that the revenue has an",15
TCS,TCS,IT,Q1FY25,Nitin Padmanabhan,Management,"Got it. But just from a pure -- because there is a dichotomy, our deal",15
TCS,TCS,IT,Q1FY25,K Krithivasan,Management,"What's happening in some of the deals, where the clients decide that",12
TCS,TCS,IT,Q1FY25,Nitin Padmanabhan,Management,Got it. Just one last clarification from my end. You are currently,12
TCS,TCS,IT,Q1FY25,K Krithivasan,Management,"Nitin, as you know, we don’t give any specific guidance, but on the",13
TCS,TCS,IT,Q1FY25,Nitin Padmanabhan,Management,Got it. Thank you so much and all the very best.,11
TCS,TCS,IT,Q1FY25,Moderator,Moderator,Thank you. Next question is from the line of Abhishek Gupta from Axis,13
TCS,TCS,IT,Q1FY25,"Asset Management. Please go ahead.
Abhishek Gupta",Analyst,"Hello. Thank you so much, sir, for taking my question. Sir, mostly the",13
TCS,TCS,IT,Q1FY25,K Krithivasan,Management,"Abhishek, I will not characterize it as losing any market share in North",13
TCS,TCS,IT,Q1FY25,"Abhishek.
Abhishek Gupta",Analyst,"Got it. And sir, lastly, from my side, if I look at your client's metrics, there",16
TCS,TCS,IT,Q1FY25,K Krithivasan,Management,"So, Abhishek, whenever there is a revenue reduction, it's concerning.",10
TCS,TCS,IT,Q1FY25,Moderator,Moderator,Thank you. Next question is from the line of Gaurav Rateria from,12
TCS,TCS,IT,Q1FY25,"Morgan Stanley. Please go ahead.
Gaurav Rateria",Analyst,"Hi, thanks for taking my question. My first question, I am trying to",13
TCS,TCS,IT,Q1FY25,Samir Seksaria,Management,"As I clarified, it is not just adding people. We have given a higher QVA",15
TCS,TCS,IT,Q1FY25,Gaurav Rateria,Analyst,Got it. My second question is on the conversation that we are having at,14
TCS,TCS,IT,Q1FY25,K Krithivasan,Management,"Gaurav, you are right. Whenever there is a renewal, we go back to our",14
TCS,TCS,IT,Q1FY25,Gaurav Rateria,Analyst,"Got it. Last question, Krithi, on Agentic AI solution. How are the",12
TCS,TCS,IT,Q1FY25,K Krithivasan,Management,"Gaurav, this is an evolving space. You will see multiple opportunities.",11
TCS,TCS,IT,Q1FY25,Moderator,Moderator,"Thank you. Ladies and gentlemen, we'll take that as the last question",12
TCS,TCS,IT,Q1FY25,K Krithivasan,Management,"Thank you, operator. In Q1 FY '26, our revenue declined by 3.1% year-",13
TCS,TCS,IT,Q1FY25,Moderator,Moderator,"Thank you, members of the management. On behalf of TCS, that",11
TCS,TCS,IT,Q1FY25,Note,Analyst,This transcript has been edited for readability and does not purport to,12
TCS,TCS,IT,Q2FY25,Sub,Moderator,Transcript of the earnings conference call for the quarter and six-month period ended,13
TCS,TCS,IT,Q2FY25,Moderator,Moderator,"Ladies and gentlemen, good day, and welcome to the TCS Earnings",11
TCS,TCS,IT,Q2FY25,Nehal Shah,Analyst,Our management team will give a brief overview of the company's,11
TCS,TCS,IT,Q2FY25,K Krithivasan,Management,"Firstly, I would like to warmly welcome Sudeep Kunnumal who has",11
TCS,TCS,IT,Q2FY25,K Krithivasan,Management,"Moving on to Q2 performance, we have delivered a good",10
TCS,TCS,IT,Q2FY25,"We continued to make capex investments in infrastructure. A
couple of examples are",Analyst,"• We inaugurated a innovation centre in Singapore, expanding our",10
TCS,TCS,IT,Q2FY25,Scaling AI,Analyst,Third aspect of our internal transformation is how do we,10
TCS,TCS,IT,Q2FY25,"Now let me talk about how we are scaling AI for our customers.
Making AI Real for our customers",Analyst,The journey of making AI real and experiential for our customer cuts,12
TCS,TCS,IT,Q2FY25,Moderator,Moderator,Thank you very much. We'll take our first question from the line of,13
TCS,TCS,IT,Q2FY25,"Yogesh Aggarwal from HSBC Securities. Please go ahead.
Yogesh Aggarwal",Management,"Hi. Thank you so much. So, Krithi, couple of questions. Firstly, the",12
TCS,TCS,IT,Q2FY25,K Krithivasan,Management,"Yogesh, from a capex perspective, while we have set a target of 1",13
TCS,TCS,IT,Q2FY25,K Krithivasan,Management,"And secondly hoping to sell this to the pure-play AI providers, the",12
TCS,TCS,IT,Q2FY25,Yogesh Aggarwal,Management,"Thank you. Secondly, on the growth, you said the demand",10
TCS,TCS,IT,Q2FY25,K Krithivasan,Management,"Yogesh, we had better growth compared to Q1. And as I said,",12
TCS,TCS,IT,Q2FY25,Moderator,Moderator,Thank you. We'll take our next question from the line of Sudheer,12
TCS,TCS,IT,Q2FY25,"Guntupalli from Kotak Mahindra AMC. Please go ahead.
Sudheer Guntupalli",Analyst,Hi Krithi. Thanks for the opportunity. And a follow-up to what,11
TCS,TCS,IT,Q2FY25,Samir Seksaria,Management,"Sudheer, in terms of both, one, Krithi talked about finance partners,",11
TCS,TCS,IT,Q2FY25,Sudheer Guntupalli,Analyst,"Fair enough, sir. And just to get to understand the operating model",12
TCS,TCS,IT,Q2FY25,Sudheer Guntupalli,Analyst,"Okay. It will be on a co-location basis. Okay sir, thank you and all",14
TCS,TCS,IT,Q2FY25,Moderator,Moderator,Thank you. Next question is from the line of Ankur Rudra from,12
TCS,TCS,IT,Q2FY25,"JPMorgan. Please go ahead.
Ankur Rudra",Analyst,Thank you. I just wanted to understand this AI transformation you're,11
TCS,TCS,IT,Q2FY25,K Krithivasan,Management,"Ankur, this whole our belief and confidence in becoming the largest",11
TCS,TCS,IT,Q2FY25,Ankur Rudra,Analyst,"I just want to clarify a couple of things. One, was there any headwind",14
TCS,TCS,IT,Q2FY25,K Krithivasan,Management,"No. First on the headwind, Ankur, the only headwind was because",11
TCS,TCS,IT,Q2FY25,Moderator,Moderator,Thank you. Next question is from the line of Ravi Menon from,12
TCS,TCS,IT,Q2FY25,Ravi Menon,Analyst,Thank you. Congrats on a very broad-based growth. If I look at the,13
TCS,TCS,IT,Q2FY25,K Krithivasan,Management,"Yes. Ravi, we've been looking at opportunities to expand our play in",12
TCS,TCS,IT,Q2FY25,Aarthi Subramanian,Moderator,"Ravi, when you look at the existing book of business, when you look",13
TCS,TCS,IT,Q2FY25,"And we expect to replicate this across other verticals.
Ravi Menon",Analyst,"And if I recall right, you already announced a North American bank",12
TCS,TCS,IT,Q2FY25,Moderator,Moderator,Thank you. We'll take our next question from the line of Gaurav,12
TCS,TCS,IT,Q2FY25,"Rateria from Morgan Stanley. Please go ahead.
Gaurav Rateria",Analyst,My first question is about the investment in the new subsidiary on,12
TCS,TCS,IT,Q2FY25,Samir Seksaria,Management,"The business itself, we'll be keeping it separate. It will have separate",12
TCS,TCS,IT,Q2FY25,Aarthi Subramanian,Moderator,"And if I may just add to what Samir said, Gaurav, if you look at the",16
TCS,TCS,IT,Q2FY25,Gaurav Rateria,Analyst,My second question is the interplay between humans and AI that,11
TCS,TCS,IT,Q2FY25,Aarthi Subramanian,Moderator,I think that is the direction in which the model is going to evolve.,14
TCS,TCS,IT,Q2FY25,Gaurav Rateria,Analyst,"My last question is whether we should evaluate, or should we",11
TCS,TCS,IT,Q2FY25,Samir Seksaria,Management,"As we said, this is an investment which will have partners coming",12
TCS,TCS,IT,Q2FY25,Moderator,Moderator,Thank you. The next question from the line of Surendra Goyal from,12
TCS,TCS,IT,Q2FY25,"Citi. Please go ahead.
Surendra Goyal",Analyst,"In your prepared remarks, you said that FY '26 growth in international",12
TCS,TCS,IT,Q2FY25,Samir Seksaria,Management,"It was about 70 basis points, and it is in constant currency terms.",13
TCS,TCS,IT,Q2FY25,Surendra Goyal,Analyst,"So constant currency basis, 70 basis points and this year will be",12
TCS,TCS,IT,Q2FY25,Sudeep Kunnumal,Analyst,"The 20,000 net head count decline is a factor of voluntary and",12
TCS,TCS,IT,Q2FY25,Surendra Goyal,Analyst,"So just to clarify, there will be no involuntary attrition beyond the 1%",13
TCS,TCS,IT,Q2FY25,Sudeep Kunnumal,Analyst,"No, I didn't say that. We estimate it to be approximately 2%. We are",14
TCS,TCS,IT,Q2FY25,Surendra Goyal,Analyst,"One last question, Krithi, Aarthi, I think, in terms of the data center",13
TCS,TCS,IT,Q2FY25,K Krithivasan,Management,"We've been evaluating multiple opportunities. As I said, this one",10
TCS,TCS,IT,Q2FY25,Surendra Goyal,Analyst,"And Samir, just one clarification on ROE of this new business. What",12
TCS,TCS,IT,Q2FY25,Samir Seksaria,Management,"The ROE of this new business, as you all rightly identified, that's",12
TCS,TCS,IT,Q2FY25,Moderator,Moderator,Thank you. We'll take our next question from the line of Kumar,12
TCS,TCS,IT,Q2FY25,"Rakesh from BNP Paribas. Please go ahead.
Kumar Rakesh",Management,"Hi, thank you for taking my question. My first question was for",12
TCS,TCS,IT,Q2FY25,K Krithivasan,Management,"Kumar, based on the discussions that we've been having with",10
TCS,TCS,IT,Q2FY25,Kumar Rakesh,Management,"Got it. Thank you for that. My second question was on margins. So,",13
TCS,TCS,IT,Q2FY25,Samir Seksaria,Management,"Kumar, as you know, in H1, we have improved 100 basis points. We",13
TCS,TCS,IT,Q2FY25,Moderator,Moderator,Thank you. Next question is from the line of Nitin Padmanabhan,11
TCS,TCS,IT,Q2FY25,Nitin Padmanbhan,Analyst,Good evening. Thank you for the opportunity. Just a couple of,11
TCS,TCS,IT,Q2FY25,K Krithivasan,Management,"Nitin, at that point like we probably as I was alluding to, I would say,",15
TCS,TCS,IT,Q2FY25,Nitin Padmanabhan,Management,"Sure. So incrementally, we should see better accretion. At least",10
TCS,TCS,IT,Q2FY25,Nitin Padmanabhan,Management,"Correct. Any incremental update on, let's say, BFSI or consumer",10
TCS,TCS,IT,Q2FY25,K Krithivasan,Management,"See, if you look at the growth momentum, all of them have",12
TCS,TCS,IT,Q2FY25,Nitin Padmanabhan,Management,"On the data center capex, maybe roughly based on what you said,",12
TCS,TCS,IT,Q2FY25,K Krithivasan,Management,"Yes, definitely, it will be partially by partners, partly by us. And at this",14
TCS,TCS,IT,Q2FY25,Nitin Padmanabhan,Management,And just one last one if I may. Any color on the kind of deals in terms,17
TCS,TCS,IT,Q2FY25,K Krithivasan,Management,"No significant improvement, but at the same time, when Aarthi",10
TCS,TCS,IT,Q2FY25,Nitin Padmanabhan,Management,"Perfect. Thank you so much, Krithi and all the very best.",11
TCS,TCS,IT,Q2FY25,Moderator,Moderator,Thank you. Next question is from the line of Abhishek Kumar from,12
TCS,TCS,IT,Q2FY25,Aarthi Subramanian,Moderator,"Yes, I think the recovery process has been completed. And all the",12
TCS,TCS,IT,Q2FY25,Abhishek Kumar,Analyst,"Great. That's good to hear. Second, near term especially 3Q, any",11
TCS,TCS,IT,Q2FY25,K Krithivasan,Management,"At this time, we are planning based on the inputs we have, it's likely",14
TCS,TCS,IT,Q2FY25,Moderator,Moderator,Thank you. Next question is from the line of Vibhor Singhal from,12
TCS,TCS,IT,Q2FY25,"Nuvama Equities. Please go ahead.
Vibhor Singhal",Analyst,"Thanks for taking my question. So Krithi, just once again, on the AI",13
TCS,TCS,IT,Q2FY25,K Krithivasan,Management,"It's a passive data center. The likely users could be the hyperscalers,",12
TCS,TCS,IT,Q2FY25,"India-based businesses or deep tech.
Vibhor Singhal",Analyst,"And you mentioned that we've basically gone ahead with this, as for",12
TCS,TCS,IT,Q2FY25,K Krithivasan,Management,I did not say demand commitment. I'm saying that there is a lot of,14
TCS,TCS,IT,Q2FY25,Vibhor Singhal,Analyst,"So, are there any MoUs that we have signed or any early",12
TCS,TCS,IT,Q2FY25,K Krithivasan,Management,"We are having quite a few conversations with our customers, to",11
TCS,TCS,IT,Q2FY25,Vibhor Singhal,Analyst,"One last question from my side. In terms of the revenue this quarter,",13
TCS,TCS,IT,Q2FY25,Samir Seksaria,Management,The increase of the equipment and software expenses this quarter,10
TCS,TCS,IT,Q2FY25,Vibhor Singhal,Analyst,I mean it's expected to remain in the same range as it has been?,14
TCS,TCS,IT,Q2FY25,Samir Seksaria,Management,"We have Q3 seasonality, which you'd typically see. Other than that,",11
TCS,TCS,IT,Q2FY25,"PO later.
Vibhor Singhal",Analyst,Thank you so much for taking my question. I wish you all the best.,14
TCS,TCS,IT,Q2FY25,Moderator,Moderator,Thank you. We'll take our next question from the line of Rishi,12
TCS,TCS,IT,Q2FY25,"Jhunjhunwala from IIFL. Please go ahead.
Rishi Jhunjhunwala",Analyst,"Yes, thanks for the opportunity. So, just harping a little bit more on",13
TCS,TCS,IT,Q2FY25,K Krithivasan,Management,"Rishi, there are definitely a number of places where we can invest.",12
TCS,TCS,IT,Q2FY25,K Krithivasan,Management,"And, it gives another group synergy as well. If you look at the Tata",14
TCS,TCS,IT,Q2FY25,K Krithivasan,Management,Tata Communication. So there is a different kind of synergy we can,12
TCS,TCS,IT,Q2FY25,Aarthi Subramanian,Moderator,"And the Tata Group synergy, we see this as a very unique Tata",13
TCS,TCS,IT,Q2FY25,Rishi Jhunhunwala,Analyst,"Understood. And the second question is, I think in the opening",11
TCS,TCS,IT,Q2FY25,K Krithivasan,Management,Yes. We are very actively looking at more opportunities for,10
TCS,TCS,IT,Q2FY25,Samir Seksaria,Management,Of substantial free cash flows and that is after all investments.,11
TCS,TCS,IT,Q2FY25,K Krithivasan,Management,"But so, but if we end up making a huge acquisition that impact our",14
TCS,TCS,IT,Q2FY25,Moderator,Moderator,"Ladies and gentlemen, we'll take that as a last question for today. I",13
TCS,TCS,IT,Q2FY25,"Thank you.
Moderator",Moderator,"Thank you, members of the management. On behalf of TCS, that",11
TCS,TCS,IT,Q2FY25,Note,Analyst,This transcript has been edited for readability and does not purport to be a verbatim,15
TCS,TCS,IT,Q3FY25,Moderator,Moderator,"Ladies and gentlemen, good day, and welcome to the TCS Earnings",11
TCS,TCS,IT,Q3FY25,Nehal Shah,Analyst,Our management team will give a brief overview of the company's,11
TCS,TCS,IT,Q3FY25,K Krithivasan,Management,"Thank you, Nehal. Good evening, everyone. Wish you all a very very",12
TCS,TCS,IT,Q3FY25,"I would now like to invite Aarthi.
Aarthi Subramanian",Moderator,"Thank you, Samir. Good evening. I would like to wish all of you a",14
TCS,TCS,IT,Q3FY25,"AI.
Thank you. I would now like to hand over to Sudeep.
Sudeep Kunnumal",Analyst,"Thank you, Aarthi. Hello everyone again. Wish you all a very Happy",12
TCS,TCS,IT,Q3FY25,"Let me now share more details on our performance across the
industry verticals",Analyst, BFSI continues to show good growth momentum despite the,10
TCS,TCS,IT,Q3FY25,Moderator,Moderator,Thank you very much. We will now begin the question-and-answer,10
TCS,TCS,IT,Q3FY25,"Guntupalli from Kotak Mahindra AMC. Please go ahead.
Sudheer Guntupalli",Analyst,I am just doubling down on your initial remark of the confidence of,13
TCS,TCS,IT,Q3FY25,K Krithivasan,Management,"Thanks, Sudheer. In Q2, we had called out that the overall demand",12
TCS,TCS,IT,Q3FY25,Sudheer Guntupalli,Analyst,"Sure, sir. Some of the key segments like North America and UK",12
TCS,TCS,IT,Q3FY25,Sudheer Guntupalli,Analyst,"All right, sir. Thank you and all the very best.",10
TCS,TCS,IT,Q3FY25,Moderator,Moderator,Thank you. We'll take our next question from the line of Ravi Menon,13
TCS,TCS,IT,Q3FY25,Ravi Menon,Analyst,The first is the increase in other expenses within the SG&A. There’s,12
TCS,TCS,IT,Q3FY25,Samir Seksaria,Management,"First on the other expenses part, the increase both sequentially",10
TCS,TCS,IT,Q3FY25,Ravi Menon,Analyst,"Thank you. So some of this will recur , some of it won't recur, right?",15
TCS,TCS,IT,Q3FY25,Aarthi Subramanian,Moderator,"To answer your question on AI. These AI revenues, like in the",12
TCS,TCS,IT,Q3FY25,Moderator,Moderator,Thank you. Next question is from the line of Vibhor Singhal from,12
TCS,TCS,IT,Q3FY25,"Nuvama. Please go ahead.
Vibhor Singhal",Analyst,"Krithi, you mentioned that the weakness in the BFSI segment was",11
TCS,TCS,IT,Q3FY25,K Krithivasan,Management,"In BFSI, it's primarily seasonality that impacted us in this quarter.",11
TCS,TCS,IT,Q3FY25,Vibhor Singhal,Analyst,"Just one follow-up on that, you had mentioned that we are looking",12
TCS,TCS,IT,Q3FY25,K Krithivasan,Management,"Yes, Vibhor like we did tell in the past that our international market,",13
TCS,TCS,IT,Q3FY25,Vibhor Singhal,Analyst,"Thanks a lot, Krithi. Just a couple of questions, for Samir. Sir, just",13
TCS,TCS,IT,Q3FY25,Samir Seksaria,Management,"If you look at it from a headwind perspective, Vibhor, apart from",12
TCS,TCS,IT,Q3FY25,Vibhor Singhal,Analyst,"That is great to hear. Just last one from my side. Sir, on the labor",15
TCS,TCS,IT,Q3FY25,Samir Seksaria,Management,"Basis the guidance received overall on the new labor code, the way",12
TCS,TCS,IT,Q3FY25,Vibhor Singhal,Analyst,"Going forward, next quarter onwards we will just take the impact of",12
TCS,TCS,IT,Q3FY25,Samir Seksaria,Management,On the labor code we don't expect any incremental one-o(cid:431)’s.,10
TCS,TCS,IT,Q3FY25,Vibhor Singhal,Analyst,Thank you so much for taking the questions and wish you all the,13
TCS,TCS,IT,Q3FY25,Moderator,Moderator,"Thank you, Next question is from the line of Nitin Padmanabhan",11
TCS,TCS,IT,Q3FY25,Nitin Padmanabhan,Management,Good evening and Happy New Year. I had few questions. North,11
TCS,TCS,IT,Q3FY25,K Krithivasan,Management,"Nitin, I will take the question on North America, BSNL, Credit card",12
TCS,TCS,IT,Q3FY25,Sudeep Kunnumal,Analyst,"Thank you, Krithi. Hi, Nitin. So, as I mentioned, we continue to hire",13
TCS,TCS,IT,Q3FY25,Nitin Padmanabhan,Management,Perfect. That’s helpful. Thank you so much and all the very best.,12
TCS,TCS,IT,Q3FY25,Moderator,Moderator,Thank you. Next question is from the line of Kumar Rakesh from,12
TCS,TCS,IT,Q3FY25,"BNP Paribas. Please go ahead.
Kumar Rakesh",Management,"Hi, good evening. My first question was that you spoke about that",12
TCS,TCS,IT,Q3FY25,K Krithivasan,Management,"Kumar, if you look at this year, so far in the first three quarters, our",15
TCS,TCS,IT,Q3FY25,Kumar Rakesh,Management,"Thanks, Krithi. My second question was on the AI services revenue,",11
TCS,TCS,IT,Q3FY25,Aarthi Subramanian,Moderator,"I think, Kumar, if you look at the AI revenues, the growth is coming",14
TCS,TCS,IT,Q3FY25,Samir Seksaria,Management,The legal expenses has a combination of some ongoing elements,10
TCS,TCS,IT,Q3FY25,Kumar Rakesh,Management,"So essentially, the SG&A expense in this quarter largely would be",11
TCS,TCS,IT,Q3FY25,Samir Seksaria,Management,"Partly, it's a mix of both, but I'm not going to hair split into how",15
TCS,TCS,IT,Q3FY25,Moderator,Moderator,Thank you. Next question is from the line of Keith Bachman from,12
TCS,TCS,IT,Q3FY25,"BMO. Please go ahead.
Keith Bachman",Analyst,Yes. Thank you very much. I was hoping you could talk about,12
TCS,TCS,IT,Q3FY25,"Thank you.
K Krithivasan",Management,"Bachman, if you look at the renewal, most of the renewals would",12
TCS,TCS,IT,Q3FY25,Keith Bachman,Analyst,"So is your contention that 10% to 15%, you're suggesting that's the",12
TCS,TCS,IT,Q3FY25,K Krithivasan,Management,It could vary. I said just to give it as an example. But the point I'm,16
TCS,TCS,IT,Q3FY25,Keith Bachman,Analyst,The second question I had was similar. As you're bidding for net,12
TCS,TCS,IT,Q3FY25,K Krithivasan,Management,"We have been quite open to that. But at the same time, it's fair to",15
TCS,TCS,IT,Q3FY25,Moderator,Moderator,Next question is from the line of Dhanshree from Choice,10
TCS,TCS,IT,Q3FY25,Dhanshree,Analyst,Thanks for taking my question. As you have already called out AI,12
TCS,TCS,IT,Q3FY25,Dhanshree,Analyst,"Some color on data center operations, when the actual operations",10
TCS,TCS,IT,Q3FY25,Samir Seksaria,Management,"Dhanshree, what we had called out is, that we would be first",12
TCS,TCS,IT,Q3FY25,Moderator,Moderator,"Ladies and gentlemen, that was the last question for today. I now",12
TCS,TCS,IT,Q3FY25,Moderator,Moderator,"Thank you, members of the management. On behalf of TCS, that",11
TCS,TCS,IT,Q3FY25,Note,Analyst,This transcript has been edited for readability and does not purport to be a,14
TCS,TCS,IT,Q4FY25,Sub,Moderator,Transcript of the earnings conference call for the quarter and year ended,12
TCS,TCS,IT,Q4FY25,Moderator,Moderator,"Ladies and gentlemen, good day and welcome to the TCS Earnings",11
TCS,TCS,IT,Q4FY25,"Relations at TCS. Thank you and over to you.
Nehal Shah",Analyst,"Thank you, operator. Good evening and welcome everyone. Thank you for",11
TCS,TCS,IT,Q4FY25,Nehal Shah,Analyst,Our management team will give a brief overview of the company's,11
TCS,TCS,IT,Q4FY25,"Good day everyone and thank you for joining us today.
I would like to open with five key messages for the quarter and the year",Analyst,"1. First, about Q4 – We are very pleased to announce third consecutive",13
TCS,TCS,IT,Q4FY25,Some of the key announcements we made this quarter are,Analyst,"• We have partnered with Open AI to build 100 MW capacity, with an",14
TCS,TCS,IT,Q4FY25,Tech Services company. This aspiration is powered by,Analyst,"• Capitalizing on AI led renewals, vendor consolidation and cost",10
TCS,TCS,IT,Q4FY25,Moderator,Moderator,Thank you very much. We will now begin the question-and-answer,10
TCS,TCS,IT,Q4FY25,Sudheer Guntupalli,Analyst,"Hi Krithi, thanks for the opportunity. My first question, is there any",12
TCS,TCS,IT,Q4FY25,Sudheer Guntupalli,Analyst,"Fair enough. The second question, many of these frontier model",10
TCS,TCS,IT,Q4FY25,K Krithivasan,Management,"We have not seen that, Sudheer. It's been, as I said, our clients are quite",15
TCS,TCS,IT,Q4FY25,Sudheer Guntupalli,Analyst,"Sure, sir. Last question from my side. How do we think of FY27",13
TCS,TCS,IT,Q4FY25,K Krithivasan,Management,"As we mentioned, we have a good order book getting into FY27. We have",14
TCS,TCS,IT,Q4FY25,Moderator,Moderator,Thank you. We'll take our next question from the line of Kumar Rakesh,13
TCS,TCS,IT,Q4FY25,Kumar Rakesh,Management,"Hi, good evening and thank you for taking my question. My first question",13
TCS,TCS,IT,Q4FY25,K Krithivasan,Management,"Kumar, I don't want to put a number, but I would say that, again, as I was",17
TCS,TCS,IT,Q4FY25,Kumar Rakesh,Management,"Got it. Thanks for that and my second question was around margins, so",13
TCS,TCS,IT,Q4FY25,Samir Seksaria,Management,"As you know, we have been investing on the ‘Build-Partner-Acquire’",10
TCS,TCS,IT,Q4FY25,Kumar Rakesh,Management,"Got that. And just for a clarification, our restructuring is done or there's",13
TCS,TCS,IT,Q4FY25,Samir Seksaria,Management,"So if you look at Q4, we have not called out any one-offs, so it is business",17
TCS,TCS,IT,Q4FY25,Kumar Rakesh,Management,"Yeah. But there is a restructuring charge, which you have booked in the",13
TCS,TCS,IT,Q4FY25,Samir Seksaria,Management,We have not called out any one-off for Q4. The combined one-off for the,14
TCS,TCS,IT,Q4FY25,K Krithivasan,Management,"But Kumar, just to get the clarity, I will be specific. The restructuring",13
TCS,TCS,IT,Q4FY25,Moderator,Moderator,Thank you. We'll take our next question from the line of Yogesh Aggarwal,13
TCS,TCS,IT,Q4FY25,Yogesh Aggarwal,Management,"Hi. Thanks. Krithi, just firstly on the next few quarters, can we expect the",14
TCS,TCS,IT,Q4FY25,K Krithivasan,Management,"We are looking at a regular Q1, regular Q2 that we are used to seeing, and",16
TCS,TCS,IT,Q4FY25,Yogesh Aggarwal,Management,"No, Krithi, I was asking, so usually the first and the second quarter are",14
TCS,TCS,IT,Q4FY25,K Krithivasan,Management,That is what I said. We are also expecting a stronger 1H. Our planning,14
TCS,TCS,IT,Q4FY25,Yogesh Aggarwal,Management,"Okay, great. And secondly, just going back to this AI stuff. So usually in the",15
TCS,TCS,IT,Q4FY25,Aarthi Subramanian,Moderator,"Yogesh, I think with all the model companies, we are building strategic",12
TCS,TCS,IT,Q4FY25,Moderator,Moderator,Thank you. We'll take our next question from the line of Nitin,12
TCS,TCS,IT,Q4FY25,"Padmanabhan from Investec. Please go ahead.
Nitin Padmanabhan",Management,"Yeah. Hi. Good evening. Thank you for the opportunity. Krithi,",10
TCS,TCS,IT,Q4FY25,K Krithivasan,Management,"See, at this time, if you look at our direct impact from the geopolitical",14
TCS,TCS,IT,Q4FY25,Nitin Padmanabhan,Management,"The caution that you mentioned was very geo specific, it's not a",12
TCS,TCS,IT,Q4FY25,Nitin Padmanabhan,Management,"That's very helpful. The second is on, from a margin perspective,",11
TCS,TCS,IT,Q4FY25,Samir Seksaria,Management,"Nitin, we are exiting FY26 at a four-year high on annual margins at 25%.",14
TCS,TCS,IT,Q4FY25,Nitin Padmanabhan,Management,"Perfect. That's helpful. Just one last from my end. Overall, coming",11
TCS,TCS,IT,Q4FY25,K Krithivasan,Management,"By and large, most of the headwinds we know probably are behind us,",13
TCS,TCS,IT,Q4FY25,Nitin Padmanabhan,Management,That's helpful. Thank you so much and all the best.,10
TCS,TCS,IT,Q4FY25,Moderator,Moderator,We'll take our next question from the line of Vibhor Singhal from Nuvama,13
TCS,TCS,IT,Q4FY25,"Equities. Please go ahead.
Vibhor Singhal",Analyst,"Hi, thanks for taking my question. Just two questions from my side. One",13
TCS,TCS,IT,Q4FY25,K Krithivasan,Management,"Structurally what you are saying is correct, however, I don't know whether",12
TCS,TCS,IT,Q4FY25,Aarthi Subramanian,Moderator,"Vibhor, if I may just add to that, if you have to compare to the",15
TCS,TCS,IT,Q4FY25,Vibhor Singhal,Analyst,"That was really helpful, Aarthi. Krithi, one more question from my side and",13
TCS,TCS,IT,Q4FY25,K Krithivasan,Management,"Vibhor, I get the question. Fundamentally, we believe our focus on margin",12
TCS,TCS,IT,Q4FY25,Vibhor Singhal,Analyst,Okay. Thank you so much for answering my question and all the best.,13
TCS,TCS,IT,Q4FY25,Moderator,Moderator,Thank you. Our next question is from the line of Ashwin Mehta from Ambit,14
TCS,TCS,IT,Q4FY25,"Capital. Please go ahead.
Ashwin Mehta",Analyst,"Hi, thanks for the opportunity. One question Samir, what is the impact of",13
TCS,TCS,IT,Q4FY25,Samir Seksaria,Management,"On the wage increments, you should expect a similar impact on what we",13
TCS,TCS,IT,Q4FY25,K Krithivasan,Management,"In terms of colour or the characteristics of the deals of TCV, I would say",15
TCS,TCS,IT,Q4FY25,Ashwin Mehta,Analyst,"Thanks, Krithi. And just one follow-up, in terms of deals, are you seeing",13
TCS,TCS,IT,Q4FY25,K Krithivasan,Management,"By and large on time, but when we also see an opportunity to go back to a",17
TCS,TCS,IT,Q4FY25,Moderator,Moderator,Thank you. Our next question is from the line of Rishi Jhunjhunwala from,13
TCS,TCS,IT,Q4FY25,"IIFL. Please go ahead.
Rishi Jhunjhunwala",Analyst,"Yes, thanks for the opportunity. I think my questions have been",11
TCS,TCS,IT,Q4FY25,K Krithivasan,Management,"Rishi, it's a reflection as a first is we want to ensure that we properly",15
TCS,TCS,IT,Q4FY25,Rishi Jhunjhunwala,Analyst,"While you've started giving annualized AI revenues, would it be",10
TCS,TCS,IT,Q4FY25,Aarthi Subramanian,Moderator,"Rishi, if you look at it, AI deals are -- I would say of two kinds, one is",18
TCS,TCS,IT,Q4FY25,Aarthi Subramanian,Moderator,"And one last thing is agentic BPS, which I missed talking about. I",13
TCS,TCS,IT,Q4FY25,Moderator,Moderator,Thank you. Our next question is from the line of Gaurav Rateria from,13
TCS,TCS,IT,Q4FY25,"Morgan Stanley. Please go ahead.
Gaurav Rateria",Analyst,"Hi, thank you for taking my questions. I have two questions for Krithi and",14
TCS,TCS,IT,Q4FY25,K Krithivasan,Management,"So, Gaurav, first on the client metric improvement. See it's a combination",12
TCS,TCS,IT,Q4FY25,Samir Seksaria,Management,"Gaurav, on the AI and data part, the revenue productivity is definitely",12
TCS,TCS,IT,Q4FY25,Moderator,Moderator,"Thank you. Ladies and gentlemen, that was the last question for today. I",13
TCS,TCS,IT,Q4FY25,"Thank you for your participation.
Moderator",Moderator,"Thank you, members of the management. On behalf of TCS, that",11
TCS,TCS,IT,Q4FY25,Note,Analyst,This transcript has been edited for readability and does not purport to be a verbatim,15
Tata,Tata Group,Conglomerate,Q1FY25,Sub,Moderator,"Transcript of the earnings conference call for the quarter ended June 30, 2025",13
Tata,Tata Group,Conglomerate,Q1FY25,Moderator,Moderator,"Ladies and gentlemen, good day, and welcome to the TCS Earnings",11
Tata,Tata Group,Conglomerate,Q1FY25,Nehal Shah,Analyst,Our management team will give a brief overview of the company's,11
Tata,Tata Group,Conglomerate,Q1FY25,K Krithivasan,Management,"Thank you, Nehal. Again, good day, everyone. During our April 2025",11
Tata,Tata Group,Conglomerate,Q1FY25,Milind Lakkad,Management,"Thank you, Samir. Our workforce at the end of the first quarter was",13
Tata,Tata Group,Conglomerate,Q1FY25,"I will now request Krithi to speak on the various demand drivers during
the quarter.
K Krithivasan",Management,"Thank you, Milind. During the quarter, enterprises remained focused on",10
Tata,Tata Group,Conglomerate,Q1FY25,BFSI,Analyst,"In America, BFSI clients are cautious with tech investments as they",11
Tata,Tata Group,Conglomerate,Q1FY25,CBG,Analyst,Moving on to the Consumer business group. This was one of the most,13
Tata,Tata Group,Conglomerate,Q1FY25,Life Sciences and Healthcare,Analyst,Life Sciences customers are exercising caution. They are focusing on,10
Tata,Tata Group,Conglomerate,Q1FY25,Tech SS,Analyst,The Technology & Services industry sustained growth across all markets this,11
Tata,Tata Group,Conglomerate,Q1FY25,CMI,Analyst,"In the Communications, Media, and Information vertical, enterprises are re-",10
Tata,Tata Group,Conglomerate,Q1FY25,Aarthi Subramanian,Moderator,"Thank you, Krithi. This is my first quarterly earnings call after I took on",14
Tata,Tata Group,Conglomerate,Q1FY25,Let me begin with AI and Data,Analyst,"• We are seeing enterprises move beyond small-scale, use-case centric",10
Tata,Tata Group,Conglomerate,Q1FY25,I would like to share a couple of examples,Analyst,"• AmTrust, the New York based multinational property and casualty",10
Tata,Tata Group,Conglomerate,Q1FY25,Cyber Security,Analyst,All of us know organizations are prioritizing cybersecurity to protect,10
Tata,Tata Group,Conglomerate,Q1FY25,Moderator,Moderator,Thank you very much. We'll take our first question from the line of,13
Tata,Tata Group,Conglomerate,Q1FY25,"Sudheer Guntupalli from Kotak Mahindra AMC. Please go ahead.
Sudheer Guntupalli",Analyst,"Hi, team. Thanks for the opportunity. Krithi, just a couple of questions.",12
Tata,Tata Group,Conglomerate,Q1FY25,Sudheer Guntupalli,Analyst,"Okay, sir. And just some clarification on your comment in the Press",12
Tata,Tata Group,Conglomerate,Q1FY25,K Krithivasan,Management,"Sudheer, at this time we are confident the international market will do",12
Tata,Tata Group,Conglomerate,Q1FY25,Sudheer Guntupalli,Analyst,"Understood, sir. And last question from my end. So, you mentioned that",12
Tata,Tata Group,Conglomerate,Q1FY25,K Krithivasan,Management,"We have not started seeing that so far, Sudheer. Because as we know,",13
Tata,Tata Group,Conglomerate,Q1FY25,Moderator,Moderator,Thank you. We'll take our next question from the line of Kumar Rakesh,13
Tata,Tata Group,Conglomerate,Q1FY25,Kumar Rakesh,Management,"Hi, good evening and thank you for taking my questions and welcome",12
Tata,Tata Group,Conglomerate,Q1FY25,K Krithivasan,Management,Whatever delays that we had have been to a great extent factored into,13
Tata,Tata Group,Conglomerate,Q1FY25,Kumar Rakesh,Management,"Thanks for that. My second question was on margins. So, before we",12
Tata,Tata Group,Conglomerate,Q1FY25,Samir Seksaria,Management,"A good comparison would be the year-on-year margin. And yes, it's 20",12
Tata,Tata Group,Conglomerate,Q1FY25,Kumar Rakesh,Management,"Thanks, Samir for that. Just one clarification on the international",10
Tata,Tata Group,Conglomerate,Q1FY25,Kumar Rakesh,Management,Got it. Great. Thanks a lot and that's all from my side.,12
Tata,Tata Group,Conglomerate,Q1FY25,Moderator,Moderator,Thank you. We'll take our next question from the line of Ankur Rudra,13
Tata,Tata Group,Conglomerate,Q1FY25,Ankur Rudra,Analyst,Hi. Thank you. My first question is in terms of the weakness you've seen,14
Tata,Tata Group,Conglomerate,Q1FY25,K Krithivasan,Management,"Ankur, pricing has been reasonably stable at an overall level. But if you",13
Tata,Tata Group,Conglomerate,Q1FY25,Ankur Rudra,Analyst,Will this impact the revenue conversion from the signings because,10
Tata,Tata Group,Conglomerate,Q1FY25,Ankur Rudra,Analyst,Okay. Thank you for the clarification. Could you talk a bit about how the,14
Tata,Tata Group,Conglomerate,Q1FY25,K Krithivasan,Management,Ankur the overall pipeline has remained quite strong. We measured it,11
Tata,Tata Group,Conglomerate,Q1FY25,Ankur Rudra,Analyst,Okay. Just the last question on margins. You did highlight that you're,12
Tata,Tata Group,Conglomerate,Q1FY25,Samir Seksaria,Management,"Ankur, like I said, we invested into capacity, anticipating growth this",11
Tata,Tata Group,Conglomerate,Q1FY25,Ankur Rudra,Analyst,"And just as a quick follow-up, how much of the utilization improvement",12
Tata,Tata Group,Conglomerate,Q1FY25,Samir Seksaria,Management,"We would want to drive revenue growth, but we will look at optimization",13
Tata,Tata Group,Conglomerate,Q1FY25,Moderator,Moderator,Thank you. We'll take our next question from the line of Ravi Menon,13
Tata,Tata Group,Conglomerate,Q1FY25,Ravi Menon,Analyst,"Thank you for the opportunity. Samir, looks like there has been",11
Tata,Tata Group,Conglomerate,Q1FY25,Samir Seksaria,Management,"So Ravi, so you would see a 70 basis points decline on positive impact",14
Tata,Tata Group,Conglomerate,Q1FY25,Ravi Menon,Analyst,"Okay. Right, thanks. BFSI has seen a slight decline Q-o-Q. This is I'd",13
Tata,Tata Group,Conglomerate,Q1FY25,K Krithivasan,Management,"No. Actually Ravi, positive side of it is that BFSI North America and",13
Tata,Tata Group,Conglomerate,Q1FY25,Ravi Menon,Analyst,"One last question. On the high-tech side, that's where we had seen the",13
Tata,Tata Group,Conglomerate,Q1FY25,K Krithivasan,Management,"By and large, we are seeing a growth, with the exception of one or two",15
Tata,Tata Group,Conglomerate,Q1FY25,Moderator,Moderator,Thank you. We'll take our next question from the line of Abhishek,12
Tata,Tata Group,Conglomerate,Q1FY25,"Pathak from Motilal Oswal. Please go ahead.
Abhishek Pathak",Analyst,"Yes. Hi, thanks for the opportunity. The first question was around the",12
Tata,Tata Group,Conglomerate,Q1FY25,Samir Seksaria,Management,"Abhishek, first, on the BSNL deal, we just received an advance",11
Tata,Tata Group,Conglomerate,Q1FY25,Abhishek Pathak,Analyst,"Understood. So just to sort of follow up. Our employee costs are, as I",14
Tata,Tata Group,Conglomerate,Q1FY25,Samir Seksaria,Management,"So, two clarifications, Abhishek. One is, if you're comparing sequentially",10
Tata,Tata Group,Conglomerate,Q1FY25,Moderator,Moderator,Thank you. We'll take our next question from the line of Nitin,12
Tata,Tata Group,Conglomerate,Q1FY25,"Padmanabhan from Investec. Please go ahead.
Nitin Padmanabhan",Management,"Yes. Hi, good evening. Thank you for the opportunity. You sounded",11
Tata,Tata Group,Conglomerate,Q1FY25,K Krithivasan,Management,"Like every other industry, Nitin, there are some places where there is a",13
Tata,Tata Group,Conglomerate,Q1FY25,Nitin Padmanabhan,Management,"Right. Just to understand, on a sequential basis, last quarter versus this",12
Tata,Tata Group,Conglomerate,Q1FY25,K Krithivasan,Management,"If you look at a revenue basis, you can see that the revenue has an",15
Tata,Tata Group,Conglomerate,Q1FY25,Nitin Padmanabhan,Management,"Got it. But just from a pure -- because there is a dichotomy, our deal",15
Tata,Tata Group,Conglomerate,Q1FY25,K Krithivasan,Management,"What's happening in some of the deals, where the clients decide that",12
Tata,Tata Group,Conglomerate,Q1FY25,Nitin Padmanabhan,Management,Got it. Just one last clarification from my end. You are currently,12
Tata,Tata Group,Conglomerate,Q1FY25,K Krithivasan,Management,"Nitin, as you know, we don’t give any specific guidance, but on the",13
Tata,Tata Group,Conglomerate,Q1FY25,Nitin Padmanabhan,Management,Got it. Thank you so much and all the very best.,11
Tata,Tata Group,Conglomerate,Q1FY25,Moderator,Moderator,Thank you. Next question is from the line of Abhishek Gupta from Axis,13
Tata,Tata Group,Conglomerate,Q1FY25,"Asset Management. Please go ahead.
Abhishek Gupta",Analyst,"Hello. Thank you so much, sir, for taking my question. Sir, mostly the",13
Tata,Tata Group,Conglomerate,Q1FY25,K Krithivasan,Management,"Abhishek, I will not characterize it as losing any market share in North",13
Tata,Tata Group,Conglomerate,Q1FY25,"Abhishek.
Abhishek Gupta",Analyst,"Got it. And sir, lastly, from my side, if I look at your client's metrics, there",16
Tata,Tata Group,Conglomerate,Q1FY25,K Krithivasan,Management,"So, Abhishek, whenever there is a revenue reduction, it's concerning.",10
Tata,Tata Group,Conglomerate,Q1FY25,Moderator,Moderator,Thank you. Next question is from the line of Gaurav Rateria from,12
Tata,Tata Group,Conglomerate,Q1FY25,"Morgan Stanley. Please go ahead.
Gaurav Rateria",Analyst,"Hi, thanks for taking my question. My first question, I am trying to",13
Tata,Tata Group,Conglomerate,Q1FY25,Samir Seksaria,Management,"As I clarified, it is not just adding people. We have given a higher QVA",15
Tata,Tata Group,Conglomerate,Q1FY25,Gaurav Rateria,Analyst,Got it. My second question is on the conversation that we are having at,14
Tata,Tata Group,Conglomerate,Q1FY25,K Krithivasan,Management,"Gaurav, you are right. Whenever there is a renewal, we go back to our",14
Tata,Tata Group,Conglomerate,Q1FY25,Gaurav Rateria,Analyst,"Got it. Last question, Krithi, on Agentic AI solution. How are the",12
Tata,Tata Group,Conglomerate,Q1FY25,K Krithivasan,Management,"Gaurav, this is an evolving space. You will see multiple opportunities.",11
Tata,Tata Group,Conglomerate,Q1FY25,Moderator,Moderator,"Thank you. Ladies and gentlemen, we'll take that as the last question",12
Tata,Tata Group,Conglomerate,Q1FY25,K Krithivasan,Management,"Thank you, operator. In Q1 FY '26, our revenue declined by 3.1% year-",13
Tata,Tata Group,Conglomerate,Q1FY25,Moderator,Moderator,"Thank you, members of the management. On behalf of TCS, that",11
Tata,Tata Group,Conglomerate,Q1FY25,Note,Analyst,This transcript has been edited for readability and does not purport to,12
Tata,Tata Group,Conglomerate,Q2FY25,Sub,Moderator,Transcript of the earnings conference call for the quarter and six-month period ended,13
Tata,Tata Group,Conglomerate,Q2FY25,Moderator,Moderator,"Ladies and gentlemen, good day, and welcome to the TCS Earnings",11
Tata,Tata Group,Conglomerate,Q2FY25,Nehal Shah,Analyst,Our management team will give a brief overview of the company's,11
Tata,Tata Group,Conglomerate,Q2FY25,K Krithivasan,Management,"Firstly, I would like to warmly welcome Sudeep Kunnumal who has",11
Tata,Tata Group,Conglomerate,Q2FY25,K Krithivasan,Management,"Moving on to Q2 performance, we have delivered a good",10
Tata,Tata Group,Conglomerate,Q2FY25,"We continued to make capex investments in infrastructure. A
couple of examples are",Analyst,"• We inaugurated a innovation centre in Singapore, expanding our",10
Tata,Tata Group,Conglomerate,Q2FY25,Scaling AI,Analyst,Third aspect of our internal transformation is how do we,10
Tata,Tata Group,Conglomerate,Q2FY25,"Now let me talk about how we are scaling AI for our customers.
Making AI Real for our customers",Analyst,The journey of making AI real and experiential for our customer cuts,12
Tata,Tata Group,Conglomerate,Q2FY25,Moderator,Moderator,Thank you very much. We'll take our first question from the line of,13
Tata,Tata Group,Conglomerate,Q2FY25,"Yogesh Aggarwal from HSBC Securities. Please go ahead.
Yogesh Aggarwal",Management,"Hi. Thank you so much. So, Krithi, couple of questions. Firstly, the",12
Tata,Tata Group,Conglomerate,Q2FY25,K Krithivasan,Management,"Yogesh, from a capex perspective, while we have set a target of 1",13
Tata,Tata Group,Conglomerate,Q2FY25,K Krithivasan,Management,"And secondly hoping to sell this to the pure-play AI providers, the",12
Tata,Tata Group,Conglomerate,Q2FY25,Yogesh Aggarwal,Management,"Thank you. Secondly, on the growth, you said the demand",10
Tata,Tata Group,Conglomerate,Q2FY25,K Krithivasan,Management,"Yogesh, we had better growth compared to Q1. And as I said,",12
Tata,Tata Group,Conglomerate,Q2FY25,Moderator,Moderator,Thank you. We'll take our next question from the line of Sudheer,12
Tata,Tata Group,Conglomerate,Q2FY25,"Guntupalli from Kotak Mahindra AMC. Please go ahead.
Sudheer Guntupalli",Analyst,Hi Krithi. Thanks for the opportunity. And a follow-up to what,11
Tata,Tata Group,Conglomerate,Q2FY25,Samir Seksaria,Management,"Sudheer, in terms of both, one, Krithi talked about finance partners,",11
Tata,Tata Group,Conglomerate,Q2FY25,Sudheer Guntupalli,Analyst,"Fair enough, sir. And just to get to understand the operating model",12
Tata,Tata Group,Conglomerate,Q2FY25,Sudheer Guntupalli,Analyst,"Okay. It will be on a co-location basis. Okay sir, thank you and all",14
Tata,Tata Group,Conglomerate,Q2FY25,Moderator,Moderator,Thank you. Next question is from the line of Ankur Rudra from,12
Tata,Tata Group,Conglomerate,Q2FY25,"JPMorgan. Please go ahead.
Ankur Rudra",Analyst,Thank you. I just wanted to understand this AI transformation you're,11
Tata,Tata Group,Conglomerate,Q2FY25,K Krithivasan,Management,"Ankur, this whole our belief and confidence in becoming the largest",11
Tata,Tata Group,Conglomerate,Q2FY25,Ankur Rudra,Analyst,"I just want to clarify a couple of things. One, was there any headwind",14
Tata,Tata Group,Conglomerate,Q2FY25,K Krithivasan,Management,"No. First on the headwind, Ankur, the only headwind was because",11
Tata,Tata Group,Conglomerate,Q2FY25,Moderator,Moderator,Thank you. Next question is from the line of Ravi Menon from,12
Tata,Tata Group,Conglomerate,Q2FY25,Ravi Menon,Analyst,Thank you. Congrats on a very broad-based growth. If I look at the,13
Tata,Tata Group,Conglomerate,Q2FY25,K Krithivasan,Management,"Yes. Ravi, we've been looking at opportunities to expand our play in",12
Tata,Tata Group,Conglomerate,Q2FY25,Aarthi Subramanian,Moderator,"Ravi, when you look at the existing book of business, when you look",13
Tata,Tata Group,Conglomerate,Q2FY25,"And we expect to replicate this across other verticals.
Ravi Menon",Analyst,"And if I recall right, you already announced a North American bank",12
Tata,Tata Group,Conglomerate,Q2FY25,Moderator,Moderator,Thank you. We'll take our next question from the line of Gaurav,12
Tata,Tata Group,Conglomerate,Q2FY25,"Rateria from Morgan Stanley. Please go ahead.
Gaurav Rateria",Analyst,My first question is about the investment in the new subsidiary on,12
Tata,Tata Group,Conglomerate,Q2FY25,Samir Seksaria,Management,"The business itself, we'll be keeping it separate. It will have separate",12
Tata,Tata Group,Conglomerate,Q2FY25,Aarthi Subramanian,Moderator,"And if I may just add to what Samir said, Gaurav, if you look at the",16
Tata,Tata Group,Conglomerate,Q2FY25,Gaurav Rateria,Analyst,My second question is the interplay between humans and AI that,11
Tata,Tata Group,Conglomerate,Q2FY25,Aarthi Subramanian,Moderator,I think that is the direction in which the model is going to evolve.,14
Tata,Tata Group,Conglomerate,Q2FY25,Gaurav Rateria,Analyst,"My last question is whether we should evaluate, or should we",11
Tata,Tata Group,Conglomerate,Q2FY25,Samir Seksaria,Management,"As we said, this is an investment which will have partners coming",12
Tata,Tata Group,Conglomerate,Q2FY25,Moderator,Moderator,Thank you. The next question from the line of Surendra Goyal from,12
Tata,Tata Group,Conglomerate,Q2FY25,"Citi. Please go ahead.
Surendra Goyal",Analyst,"In your prepared remarks, you said that FY '26 growth in international",12
Tata,Tata Group,Conglomerate,Q2FY25,Samir Seksaria,Management,"It was about 70 basis points, and it is in constant currency terms.",13
Tata,Tata Group,Conglomerate,Q2FY25,Surendra Goyal,Analyst,"So constant currency basis, 70 basis points and this year will be",12
Tata,Tata Group,Conglomerate,Q2FY25,Sudeep Kunnumal,Analyst,"The 20,000 net head count decline is a factor of voluntary and",12
Tata,Tata Group,Conglomerate,Q2FY25,Surendra Goyal,Analyst,"So just to clarify, there will be no involuntary attrition beyond the 1%",13
Tata,Tata Group,Conglomerate,Q2FY25,Sudeep Kunnumal,Analyst,"No, I didn't say that. We estimate it to be approximately 2%. We are",14
Tata,Tata Group,Conglomerate,Q2FY25,Surendra Goyal,Analyst,"One last question, Krithi, Aarthi, I think, in terms of the data center",13
Tata,Tata Group,Conglomerate,Q2FY25,K Krithivasan,Management,"We've been evaluating multiple opportunities. As I said, this one",10
Tata,Tata Group,Conglomerate,Q2FY25,Surendra Goyal,Analyst,"And Samir, just one clarification on ROE of this new business. What",12
Tata,Tata Group,Conglomerate,Q2FY25,Samir Seksaria,Management,"The ROE of this new business, as you all rightly identified, that's",12
Tata,Tata Group,Conglomerate,Q2FY25,Moderator,Moderator,Thank you. We'll take our next question from the line of Kumar,12
Tata,Tata Group,Conglomerate,Q2FY25,"Rakesh from BNP Paribas. Please go ahead.
Kumar Rakesh",Management,"Hi, thank you for taking my question. My first question was for",12
Tata,Tata Group,Conglomerate,Q2FY25,K Krithivasan,Management,"Kumar, based on the discussions that we've been having with",10
Tata,Tata Group,Conglomerate,Q2FY25,Kumar Rakesh,Management,"Got it. Thank you for that. My second question was on margins. So,",13
Tata,Tata Group,Conglomerate,Q2FY25,Samir Seksaria,Management,"Kumar, as you know, in H1, we have improved 100 basis points. We",13
Tata,Tata Group,Conglomerate,Q2FY25,Moderator,Moderator,Thank you. Next question is from the line of Nitin Padmanabhan,11
Tata,Tata Group,Conglomerate,Q2FY25,Nitin Padmanbhan,Analyst,Good evening. Thank you for the opportunity. Just a couple of,11
Tata,Tata Group,Conglomerate,Q2FY25,K Krithivasan,Management,"Nitin, at that point like we probably as I was alluding to, I would say,",15
Tata,Tata Group,Conglomerate,Q2FY25,Nitin Padmanabhan,Management,"Sure. So incrementally, we should see better accretion. At least",10
Tata,Tata Group,Conglomerate,Q2FY25,Nitin Padmanabhan,Management,"Correct. Any incremental update on, let's say, BFSI or consumer",10
Tata,Tata Group,Conglomerate,Q2FY25,K Krithivasan,Management,"See, if you look at the growth momentum, all of them have",12
Tata,Tata Group,Conglomerate,Q2FY25,Nitin Padmanabhan,Management,"On the data center capex, maybe roughly based on what you said,",12
Tata,Tata Group,Conglomerate,Q2FY25,K Krithivasan,Management,"Yes, definitely, it will be partially by partners, partly by us. And at this",14
Tata,Tata Group,Conglomerate,Q2FY25,Nitin Padmanabhan,Management,And just one last one if I may. Any color on the kind of deals in terms,17
Tata,Tata Group,Conglomerate,Q2FY25,K Krithivasan,Management,"No significant improvement, but at the same time, when Aarthi",10
Tata,Tata Group,Conglomerate,Q2FY25,Nitin Padmanabhan,Management,"Perfect. Thank you so much, Krithi and all the very best.",11
Tata,Tata Group,Conglomerate,Q2FY25,Moderator,Moderator,Thank you. Next question is from the line of Abhishek Kumar from,12
Tata,Tata Group,Conglomerate,Q2FY25,Aarthi Subramanian,Moderator,"Yes, I think the recovery process has been completed. And all the",12
Tata,Tata Group,Conglomerate,Q2FY25,Abhishek Kumar,Analyst,"Great. That's good to hear. Second, near term especially 3Q, any",11
Tata,Tata Group,Conglomerate,Q2FY25,K Krithivasan,Management,"At this time, we are planning based on the inputs we have, it's likely",14
Tata,Tata Group,Conglomerate,Q2FY25,Moderator,Moderator,Thank you. Next question is from the line of Vibhor Singhal from,12
Tata,Tata Group,Conglomerate,Q2FY25,"Nuvama Equities. Please go ahead.
Vibhor Singhal",Analyst,"Thanks for taking my question. So Krithi, just once again, on the AI",13
Tata,Tata Group,Conglomerate,Q2FY25,K Krithivasan,Management,"It's a passive data center. The likely users could be the hyperscalers,",12
Tata,Tata Group,Conglomerate,Q2FY25,"India-based businesses or deep tech.
Vibhor Singhal",Analyst,"And you mentioned that we've basically gone ahead with this, as for",12
Tata,Tata Group,Conglomerate,Q2FY25,K Krithivasan,Management,I did not say demand commitment. I'm saying that there is a lot of,14
Tata,Tata Group,Conglomerate,Q2FY25,Vibhor Singhal,Analyst,"So, are there any MoUs that we have signed or any early",12
Tata,Tata Group,Conglomerate,Q2FY25,K Krithivasan,Management,"We are having quite a few conversations with our customers, to",11
Tata,Tata Group,Conglomerate,Q2FY25,Vibhor Singhal,Analyst,"One last question from my side. In terms of the revenue this quarter,",13
Tata,Tata Group,Conglomerate,Q2FY25,Samir Seksaria,Management,The increase of the equipment and software expenses this quarter,10
Tata,Tata Group,Conglomerate,Q2FY25,Vibhor Singhal,Analyst,I mean it's expected to remain in the same range as it has been?,14
Tata,Tata Group,Conglomerate,Q2FY25,Samir Seksaria,Management,"We have Q3 seasonality, which you'd typically see. Other than that,",11
Tata,Tata Group,Conglomerate,Q2FY25,"PO later.
Vibhor Singhal",Analyst,Thank you so much for taking my question. I wish you all the best.,14
Tata,Tata Group,Conglomerate,Q2FY25,Moderator,Moderator,Thank you. We'll take our next question from the line of Rishi,12
Tata,Tata Group,Conglomerate,Q2FY25,"Jhunjhunwala from IIFL. Please go ahead.
Rishi Jhunjhunwala",Analyst,"Yes, thanks for the opportunity. So, just harping a little bit more on",13
Tata,Tata Group,Conglomerate,Q2FY25,K Krithivasan,Management,"Rishi, there are definitely a number of places where we can invest.",12
Tata,Tata Group,Conglomerate,Q2FY25,K Krithivasan,Management,"And, it gives another group synergy as well. If you look at the Tata",14
Tata,Tata Group,Conglomerate,Q2FY25,K Krithivasan,Management,Tata Communication. So there is a different kind of synergy we can,12
Tata,Tata Group,Conglomerate,Q2FY25,Aarthi Subramanian,Moderator,"And the Tata Group synergy, we see this as a very unique Tata",13
Tata,Tata Group,Conglomerate,Q2FY25,Rishi Jhunhunwala,Analyst,"Understood. And the second question is, I think in the opening",11
Tata,Tata Group,Conglomerate,Q2FY25,K Krithivasan,Management,Yes. We are very actively looking at more opportunities for,10
Tata,Tata Group,Conglomerate,Q2FY25,Samir Seksaria,Management,Of substantial free cash flows and that is after all investments.,11
Tata,Tata Group,Conglomerate,Q2FY25,K Krithivasan,Management,"But so, but if we end up making a huge acquisition that impact our",14
Tata,Tata Group,Conglomerate,Q2FY25,Moderator,Moderator,"Ladies and gentlemen, we'll take that as a last question for today. I",13
Tata,Tata Group,Conglomerate,Q2FY25,"Thank you.
Moderator",Moderator,"Thank you, members of the management. On behalf of TCS, that",11
Tata,Tata Group,Conglomerate,Q2FY25,Note,Analyst,This transcript has been edited for readability and does not purport to be a verbatim,15
Tata,Tata Group,Conglomerate,Q3FY25,Moderator,Moderator,"Ladies and gentlemen, good day, and welcome to the TCS Earnings",11
Tata,Tata Group,Conglomerate,Q3FY25,Nehal Shah,Analyst,Our management team will give a brief overview of the company's,11
Tata,Tata Group,Conglomerate,Q3FY25,K Krithivasan,Management,"Thank you, Nehal. Good evening, everyone. Wish you all a very very",12
Tata,Tata Group,Conglomerate,Q3FY25,"I would now like to invite Aarthi.
Aarthi Subramanian",Moderator,"Thank you, Samir. Good evening. I would like to wish all of you a",14
Tata,Tata Group,Conglomerate,Q3FY25,"AI.
Thank you. I would now like to hand over to Sudeep.
Sudeep Kunnumal",Analyst,"Thank you, Aarthi. Hello everyone again. Wish you all a very Happy",12
Tata,Tata Group,Conglomerate,Q3FY25,"Let me now share more details on our performance across the
industry verticals",Analyst, BFSI continues to show good growth momentum despite the,10
Tata,Tata Group,Conglomerate,Q3FY25,Moderator,Moderator,Thank you very much. We will now begin the question-and-answer,10
Tata,Tata Group,Conglomerate,Q3FY25,"Guntupalli from Kotak Mahindra AMC. Please go ahead.
Sudheer Guntupalli",Analyst,I am just doubling down on your initial remark of the confidence of,13
Tata,Tata Group,Conglomerate,Q3FY25,K Krithivasan,Management,"Thanks, Sudheer. In Q2, we had called out that the overall demand",12
Tata,Tata Group,Conglomerate,Q3FY25,Sudheer Guntupalli,Analyst,"Sure, sir. Some of the key segments like North America and UK",12
Tata,Tata Group,Conglomerate,Q3FY25,Sudheer Guntupalli,Analyst,"All right, sir. Thank you and all the very best.",10
Tata,Tata Group,Conglomerate,Q3FY25,Moderator,Moderator,Thank you. We'll take our next question from the line of Ravi Menon,13
Tata,Tata Group,Conglomerate,Q3FY25,Ravi Menon,Analyst,The first is the increase in other expenses within the SG&A. There’s,12
Tata,Tata Group,Conglomerate,Q3FY25,Samir Seksaria,Management,"First on the other expenses part, the increase both sequentially",10
Tata,Tata Group,Conglomerate,Q3FY25,Ravi Menon,Analyst,"Thank you. So some of this will recur , some of it won't recur, right?",15
Tata,Tata Group,Conglomerate,Q3FY25,Aarthi Subramanian,Moderator,"To answer your question on AI. These AI revenues, like in the",12
Tata,Tata Group,Conglomerate,Q3FY25,Moderator,Moderator,Thank you. Next question is from the line of Vibhor Singhal from,12
Tata,Tata Group,Conglomerate,Q3FY25,"Nuvama. Please go ahead.
Vibhor Singhal",Analyst,"Krithi, you mentioned that the weakness in the BFSI segment was",11
Tata,Tata Group,Conglomerate,Q3FY25,K Krithivasan,Management,"In BFSI, it's primarily seasonality that impacted us in this quarter.",11
Tata,Tata Group,Conglomerate,Q3FY25,Vibhor Singhal,Analyst,"Just one follow-up on that, you had mentioned that we are looking",12
Tata,Tata Group,Conglomerate,Q3FY25,K Krithivasan,Management,"Yes, Vibhor like we did tell in the past that our international market,",13
Tata,Tata Group,Conglomerate,Q3FY25,Vibhor Singhal,Analyst,"Thanks a lot, Krithi. Just a couple of questions, for Samir. Sir, just",13
Tata,Tata Group,Conglomerate,Q3FY25,Samir Seksaria,Management,"If you look at it from a headwind perspective, Vibhor, apart from",12
Tata,Tata Group,Conglomerate,Q3FY25,Vibhor Singhal,Analyst,"That is great to hear. Just last one from my side. Sir, on the labor",15
Tata,Tata Group,Conglomerate,Q3FY25,Samir Seksaria,Management,"Basis the guidance received overall on the new labor code, the way",12
Tata,Tata Group,Conglomerate,Q3FY25,Vibhor Singhal,Analyst,"Going forward, next quarter onwards we will just take the impact of",12
Tata,Tata Group,Conglomerate,Q3FY25,Samir Seksaria,Management,On the labor code we don't expect any incremental one-o(cid:431)’s.,10
Tata,Tata Group,Conglomerate,Q3FY25,Vibhor Singhal,Analyst,Thank you so much for taking the questions and wish you all the,13
Tata,Tata Group,Conglomerate,Q3FY25,Moderator,Moderator,"Thank you, Next question is from the line of Nitin Padmanabhan",11
Tata,Tata Group,Conglomerate,Q3FY25,Nitin Padmanabhan,Management,Good evening and Happy New Year. I had few questions. North,11
Tata,Tata Group,Conglomerate,Q3FY25,K Krithivasan,Management,"Nitin, I will take the question on North America, BSNL, Credit card",12
Tata,Tata Group,Conglomerate,Q3FY25,Sudeep Kunnumal,Analyst,"Thank you, Krithi. Hi, Nitin. So, as I mentioned, we continue to hire",13
Tata,Tata Group,Conglomerate,Q3FY25,Nitin Padmanabhan,Management,Perfect. That’s helpful. Thank you so much and all the very best.,12
Tata,Tata Group,Conglomerate,Q3FY25,Moderator,Moderator,Thank you. Next question is from the line of Kumar Rakesh from,12
Tata,Tata Group,Conglomerate,Q3FY25,"BNP Paribas. Please go ahead.
Kumar Rakesh",Management,"Hi, good evening. My first question was that you spoke about that",12
Tata,Tata Group,Conglomerate,Q3FY25,K Krithivasan,Management,"Kumar, if you look at this year, so far in the first three quarters, our",15
Tata,Tata Group,Conglomerate,Q3FY25,Kumar Rakesh,Management,"Thanks, Krithi. My second question was on the AI services revenue,",11
Tata,Tata Group,Conglomerate,Q3FY25,Aarthi Subramanian,Moderator,"I think, Kumar, if you look at the AI revenues, the growth is coming",14
Tata,Tata Group,Conglomerate,Q3FY25,Samir Seksaria,Management,The legal expenses has a combination of some ongoing elements,10
Tata,Tata Group,Conglomerate,Q3FY25,Kumar Rakesh,Management,"So essentially, the SG&A expense in this quarter largely would be",11
Tata,Tata Group,Conglomerate,Q3FY25,Samir Seksaria,Management,"Partly, it's a mix of both, but I'm not going to hair split into how",15
Tata,Tata Group,Conglomerate,Q3FY25,Moderator,Moderator,Thank you. Next question is from the line of Keith Bachman from,12
Tata,Tata Group,Conglomerate,Q3FY25,"BMO. Please go ahead.
Keith Bachman",Analyst,Yes. Thank you very much. I was hoping you could talk about,12
Tata,Tata Group,Conglomerate,Q3FY25,"Thank you.
K Krithivasan",Management,"Bachman, if you look at the renewal, most of the renewals would",12
Tata,Tata Group,Conglomerate,Q3FY25,Keith Bachman,Analyst,"So is your contention that 10% to 15%, you're suggesting that's the",12
Tata,Tata Group,Conglomerate,Q3FY25,K Krithivasan,Management,It could vary. I said just to give it as an example. But the point I'm,16
Tata,Tata Group,Conglomerate,Q3FY25,Keith Bachman,Analyst,The second question I had was similar. As you're bidding for net,12
Tata,Tata Group,Conglomerate,Q3FY25,K Krithivasan,Management,"We have been quite open to that. But at the same time, it's fair to",15
Tata,Tata Group,Conglomerate,Q3FY25,Moderator,Moderator,Next question is from the line of Dhanshree from Choice,10
Tata,Tata Group,Conglomerate,Q3FY25,Dhanshree,Analyst,Thanks for taking my question. As you have already called out AI,12
Tata,Tata Group,Conglomerate,Q3FY25,Dhanshree,Analyst,"Some color on data center operations, when the actual operations",10
Tata,Tata Group,Conglomerate,Q3FY25,Samir Seksaria,Management,"Dhanshree, what we had called out is, that we would be first",12
Tata,Tata Group,Conglomerate,Q3FY25,Moderator,Moderator,"Ladies and gentlemen, that was the last question for today. I now",12
Tata,Tata Group,Conglomerate,Q3FY25,Moderator,Moderator,"Thank you, members of the management. On behalf of TCS, that",11
Tata,Tata Group,Conglomerate,Q3FY25,Note,Analyst,This transcript has been edited for readability and does not purport to be a,14
Tata,Tata Group,Conglomerate,Q4FY25,Sub,Moderator,Transcript of the earnings conference call for the quarter and year ended,12
Tata,Tata Group,Conglomerate,Q4FY25,Moderator,Moderator,"Ladies and gentlemen, good day and welcome to the TCS Earnings",11
Tata,Tata Group,Conglomerate,Q4FY25,"Relations at TCS. Thank you and over to you.
Nehal Shah",Analyst,"Thank you, operator. Good evening and welcome everyone. Thank you for",11
Tata,Tata Group,Conglomerate,Q4FY25,Nehal Shah,Analyst,Our management team will give a brief overview of the company's,11
Tata,Tata Group,Conglomerate,Q4FY25,"Good day everyone and thank you for joining us today.
I would like to open with five key messages for the quarter and the year",Analyst,"1. First, about Q4 – We are very pleased to announce third consecutive",13
Tata,Tata Group,Conglomerate,Q4FY25,Some of the key announcements we made this quarter are,Analyst,"• We have partnered with Open AI to build 100 MW capacity, with an",14
Tata,Tata Group,Conglomerate,Q4FY25,Tech Services company. This aspiration is powered by,Analyst,"• Capitalizing on AI led renewals, vendor consolidation and cost",10
Tata,Tata Group,Conglomerate,Q4FY25,Moderator,Moderator,Thank you very much. We will now begin the question-and-answer,10
Tata,Tata Group,Conglomerate,Q4FY25,Sudheer Guntupalli,Analyst,"Hi Krithi, thanks for the opportunity. My first question, is there any",12
Tata,Tata Group,Conglomerate,Q4FY25,Sudheer Guntupalli,Analyst,"Fair enough. The second question, many of these frontier model",10
Tata,Tata Group,Conglomerate,Q4FY25,K Krithivasan,Management,"We have not seen that, Sudheer. It's been, as I said, our clients are quite",15
Tata,Tata Group,Conglomerate,Q4FY25,Sudheer Guntupalli,Analyst,"Sure, sir. Last question from my side. How do we think of FY27",13
Tata,Tata Group,Conglomerate,Q4FY25,K Krithivasan,Management,"As we mentioned, we have a good order book getting into FY27. We have",14
Tata,Tata Group,Conglomerate,Q4FY25,Moderator,Moderator,Thank you. We'll take our next question from the line of Kumar Rakesh,13
Tata,Tata Group,Conglomerate,Q4FY25,Kumar Rakesh,Management,"Hi, good evening and thank you for taking my question. My first question",13
Tata,Tata Group,Conglomerate,Q4FY25,K Krithivasan,Management,"Kumar, I don't want to put a number, but I would say that, again, as I was",17
Tata,Tata Group,Conglomerate,Q4FY25,Kumar Rakesh,Management,"Got it. Thanks for that and my second question was around margins, so",13
Tata,Tata Group,Conglomerate,Q4FY25,Samir Seksaria,Management,"As you know, we have been investing on the ‘Build-Partner-Acquire’",10
Tata,Tata Group,Conglomerate,Q4FY25,Kumar Rakesh,Management,"Got that. And just for a clarification, our restructuring is done or there's",13
Tata,Tata Group,Conglomerate,Q4FY25,Samir Seksaria,Management,"So if you look at Q4, we have not called out any one-offs, so it is business",17
Tata,Tata Group,Conglomerate,Q4FY25,Kumar Rakesh,Management,"Yeah. But there is a restructuring charge, which you have booked in the",13
Tata,Tata Group,Conglomerate,Q4FY25,Samir Seksaria,Management,We have not called out any one-off for Q4. The combined one-off for the,14
Tata,Tata Group,Conglomerate,Q4FY25,K Krithivasan,Management,"But Kumar, just to get the clarity, I will be specific. The restructuring",13
Tata,Tata Group,Conglomerate,Q4FY25,Moderator,Moderator,Thank you. We'll take our next question from the line of Yogesh Aggarwal,13
Tata,Tata Group,Conglomerate,Q4FY25,Yogesh Aggarwal,Management,"Hi. Thanks. Krithi, just firstly on the next few quarters, can we expect the",14
Tata,Tata Group,Conglomerate,Q4FY25,K Krithivasan,Management,"We are looking at a regular Q1, regular Q2 that we are used to seeing, and",16
Tata,Tata Group,Conglomerate,Q4FY25,Yogesh Aggarwal,Management,"No, Krithi, I was asking, so usually the first and the second quarter are",14
Tata,Tata Group,Conglomerate,Q4FY25,K Krithivasan,Management,That is what I said. We are also expecting a stronger 1H. Our planning,14
Tata,Tata Group,Conglomerate,Q4FY25,Yogesh Aggarwal,Management,"Okay, great. And secondly, just going back to this AI stuff. So usually in the",15
Tata,Tata Group,Conglomerate,Q4FY25,Aarthi Subramanian,Moderator,"Yogesh, I think with all the model companies, we are building strategic",12
Tata,Tata Group,Conglomerate,Q4FY25,Moderator,Moderator,Thank you. We'll take our next question from the line of Nitin,12
Tata,Tata Group,Conglomerate,Q4FY25,"Padmanabhan from Investec. Please go ahead.
Nitin Padmanabhan",Management,"Yeah. Hi. Good evening. Thank you for the opportunity. Krithi,",10
Tata,Tata Group,Conglomerate,Q4FY25,K Krithivasan,Management,"See, at this time, if you look at our direct impact from the geopolitical",14
Tata,Tata Group,Conglomerate,Q4FY25,Nitin Padmanabhan,Management,"The caution that you mentioned was very geo specific, it's not a",12
Tata,Tata Group,Conglomerate,Q4FY25,Nitin Padmanabhan,Management,"That's very helpful. The second is on, from a margin perspective,",11
Tata,Tata Group,Conglomerate,Q4FY25,Samir Seksaria,Management,"Nitin, we are exiting FY26 at a four-year high on annual margins at 25%.",14
Tata,Tata Group,Conglomerate,Q4FY25,Nitin Padmanabhan,Management,"Perfect. That's helpful. Just one last from my end. Overall, coming",11
Tata,Tata Group,Conglomerate,Q4FY25,K Krithivasan,Management,"By and large, most of the headwinds we know probably are behind us,",13
Tata,Tata Group,Conglomerate,Q4FY25,Nitin Padmanabhan,Management,That's helpful. Thank you so much and all the best.,10
Tata,Tata Group,Conglomerate,Q4FY25,Moderator,Moderator,We'll take our next question from the line of Vibhor Singhal from Nuvama,13
Tata,Tata Group,Conglomerate,Q4FY25,"Equities. Please go ahead.
Vibhor Singhal",Analyst,"Hi, thanks for taking my question. Just two questions from my side. One",13
Tata,Tata Group,Conglomerate,Q4FY25,K Krithivasan,Management,"Structurally what you are saying is correct, however, I don't know whether",12
Tata,Tata Group,Conglomerate,Q4FY25,Aarthi Subramanian,Moderator,"Vibhor, if I may just add to that, if you have to compare to the",15
Tata,Tata Group,Conglomerate,Q4FY25,Vibhor Singhal,Analyst,"That was really helpful, Aarthi. Krithi, one more question from my side and",13
Tata,Tata Group,Conglomerate,Q4FY25,K Krithivasan,Management,"Vibhor, I get the question. Fundamentally, we believe our focus on margin",12
Tata,Tata Group,Conglomerate,Q4FY25,Vibhor Singhal,Analyst,Okay. Thank you so much for answering my question and all the best.,13
Tata,Tata Group,Conglomerate,Q4FY25,Moderator,Moderator,Thank you. Our next question is from the line of Ashwin Mehta from Ambit,14
Tata,Tata Group,Conglomerate,Q4FY25,"Capital. Please go ahead.
Ashwin Mehta",Analyst,"Hi, thanks for the opportunity. One question Samir, what is the impact of",13
Tata,Tata Group,Conglomerate,Q4FY25,Samir Seksaria,Management,"On the wage increments, you should expect a similar impact on what we",13
Tata,Tata Group,Conglomerate,Q4FY25,K Krithivasan,Management,"In terms of colour or the characteristics of the deals of TCV, I would say",15
Tata,Tata Group,Conglomerate,Q4FY25,Ashwin Mehta,Analyst,"Thanks, Krithi. And just one follow-up, in terms of deals, are you seeing",13
Tata,Tata Group,Conglomerate,Q4FY25,K Krithivasan,Management,"By and large on time, but when we also see an opportunity to go back to a",17
Tata,Tata Group,Conglomerate,Q4FY25,Moderator,Moderator,Thank you. Our next question is from the line of Rishi Jhunjhunwala from,13
Tata,Tata Group,Conglomerate,Q4FY25,"IIFL. Please go ahead.
Rishi Jhunjhunwala",Analyst,"Yes, thanks for the opportunity. I think my questions have been",11
Tata,Tata Group,Conglomerate,Q4FY25,K Krithivasan,Management,"Rishi, it's a reflection as a first is we want to ensure that we properly",15
Tata,Tata Group,Conglomerate,Q4FY25,Rishi Jhunjhunwala,Analyst,"While you've started giving annualized AI revenues, would it be",10
Tata,Tata Group,Conglomerate,Q4FY25,Aarthi Subramanian,Moderator,"Rishi, if you look at it, AI deals are -- I would say of two kinds, one is",18
Tata,Tata Group,Conglomerate,Q4FY25,Aarthi Subramanian,Moderator,"And one last thing is agentic BPS, which I missed talking about. I",13
Tata,Tata Group,Conglomerate,Q4FY25,Moderator,Moderator,Thank you. Our next question is from the line of Gaurav Rateria from,13
Tata,Tata Group,Conglomerate,Q4FY25,"Morgan Stanley. Please go ahead.
Gaurav Rateria",Analyst,"Hi, thank you for taking my questions. I have two questions for Krithi and",14
Tata,Tata Group,Conglomerate,Q4FY25,K Krithivasan,Management,"So, Gaurav, first on the client metric improvement. See it's a combination",12
Tata,Tata Group,Conglomerate,Q4FY25,Samir Seksaria,Management,"Gaurav, on the AI and data part, the revenue productivity is definitely",12
Tata,Tata Group,Conglomerate,Q4FY25,Moderator,Moderator,"Thank you. Ladies and gentlemen, that was the last question for today. I",13
Tata,Tata Group,Conglomerate,Q4FY25,"Thank you for your participation.
Moderator",Moderator,"Thank you, members of the management. On behalf of TCS, that",11
Tata,Tata Group,Conglomerate,Q4FY25,Note,Analyst,This transcript has been edited for readability and does not purport to be a verbatim,15
WIPRO,Wipro,IT,Q1FY25,Moderator,Moderator,"Ladies and gentlemen, good day and welcome to Wipro Limited Q1 FY'26 Earnings Conference",14
WIPRO,Wipro,IT,Q1FY25,Dipak Bohra,Analyst,"Thank you, Yashashri. Warm welcome to our Quarter 1 Financial Year 2026 Earnings Call.",14
WIPRO,Wipro,IT,Q1FY25,Srini Pallia,Analyst,"Thank you, Dipak. Good evening, everyone. Thank you for joining us today.",12
WIPRO,Wipro,IT,Q1FY25,I would like to now discuss our outlook for the next quarter,Analyst,"While we are cautious given the macro environment, our strong order book, healthy pipeline, and",15
WIPRO,Wipro,IT,Q1FY25,Aparna Iyer,Management,"Thank you, Srini. Good evening, ladies and gentlemen. Let me give you a brief update on the",17
WIPRO,Wipro,IT,Q1FY25,Let me give you a color on our strategic market unit and sector performance,Management,All growth numbers that I will share will be in constant currency. Americas 1 grew 0.2% sequentially,17
WIPRO,Wipro,IT,Q1FY25,Moving to sectors,Management,BFSI declined 3.8% sequentially and also declined 3.5% on year-on-year terms. Healthcare grew,13
WIPRO,Wipro,IT,Q1FY25,Let me share with you some of the other key financial parameters,Analyst,Our net income grew 10.9% on a year-on-year basis in this quarter. This was after absorbing for a,18
WIPRO,Wipro,IT,Q1FY25,Moderator,Moderator,Thank you very much. We will now begin the question-and-answer session. (Operator Instructions),13
WIPRO,Wipro,IT,Q1FY25,"We will take our first question from the line of Abhishek Kumar from JM Financial. Please go ahead.
Abhishek Kumar",Analyst,"Yes. Hi, good evening. Thanks for taking my question, and congratulations on very strong deal wins.",16
WIPRO,Wipro,IT,Q1FY25,Aparna Iyer,Management,"Thank you, Abhishek for the question. You are correct that our TCV has been growing much faster",17
WIPRO,Wipro,IT,Q1FY25,Abhishek Kumar,Analyst,"Sure, that's clear. The second question is on capital allocation. The last 2 payouts after the tax regime",18
WIPRO,Wipro,IT,Q1FY25,Aparna Iyer,Management,We raised our capital allocation policy from 45% to 50% of net income to upwards of 70% on a 3,20
WIPRO,Wipro,IT,Q1FY25,Moderator,Moderator,Thank you. We will take our next question from the line of Nitin Padmanabhan from Investec. Please,17
WIPRO,Wipro,IT,Q1FY25,Nitin Padmanabhan,Management,"Yes, hi. Good evening. Good quarter. Aparna wanted your thoughts on the margins. Now you did",16
WIPRO,Wipro,IT,Q1FY25,Aparna Iyer,Management,"We don't guide for margins, Nitin. We have had a very good run on operating margin improvement",17
WIPRO,Wipro,IT,Q1FY25,Nitin Padmanabhan,Management,Sure. Fair enough. That's helpful. Thank you so much and all the best.,13
WIPRO,Wipro,IT,Q1FY25,Moderator,Moderator,We will take our next question from the line of Gaurav Rateria from Morgan Stanley. Please go,17
WIPRO,Wipro,IT,Q1FY25,Gaurav Rateria,Analyst,"Hey, congrats, Srini. Congrats upon good execution. My first question is on the kind of the deals. If",18
WIPRO,Wipro,IT,Q1FY25,Srini Pallia,Analyst,"Thanks, Gaurav. This is Srini here. Thank you for the question. If you look at what we called out at",20
WIPRO,Wipro,IT,Q1FY25,Gaurav Rateria,Analyst,Thanks for the detailed answer. The second question on you mentioned last time that there were,16
WIPRO,Wipro,IT,Q1FY25,Srini Pallia,Analyst,"So, Gaurav, if you look at the overall environment in the context of tariffs, in the context of",18
WIPRO,Wipro,IT,Q1FY25,Gaurav Rateria,Analyst,"Thank you. Last question on margins. I understand the puts and takes you explained on margins,",16
WIPRO,Wipro,IT,Q1FY25,Aparna Iyer,Management,"So, certainly that remains a band that is where we would like to operate, Gaurav. But having secured",18
WIPRO,Wipro,IT,Q1FY25,Moderator,Moderator,Thank you. We will take our next question from the line of Surendra Goyal from Citigroup. Please,17
WIPRO,Wipro,IT,Q1FY25,Surendra Goyal,Analyst,"Yes. Hi. Good evening. So, just 1 question on the deals again, like how comfortable are you that the",19
WIPRO,Wipro,IT,Q1FY25,Srini Pallia,Analyst,"Maybe I will give in my comment and ask Aparna to add to that. First and foremost, if you look at",21
WIPRO,Wipro,IT,Q1FY25,Aparna Iyer,Management,"Surendra, your observation is right. Sometimes these TCV and ACV have different growth trajectory",14
WIPRO,Wipro,IT,Q1FY25,Surendra Goyal,Analyst,And any comments on ACV growth even directionally just for us to understand the trends a little,17
WIPRO,Wipro,IT,Q1FY25,Aparna Iyer,Management,"I think the ACV growth this quarter has grown well on a year-on-year basis, that is where, so this is",20
WIPRO,Wipro,IT,Q1FY25,Surendra Goyal,Analyst,"Sure. And just one last question Capco you mentioned 6% Y-o-Y, could you share the sequential",16
WIPRO,Wipro,IT,Q1FY25,Aparna Iyer,Management,"So, we are not calling out the sequential growth rate for Capco. It's a part of all the units. One",20
WIPRO,Wipro,IT,Q1FY25,Moderator,Moderator,Thank you. We will take our next question from the line of Vibhor Singhal from Nuvama Equities.,17
WIPRO,Wipro,IT,Q1FY25,"Please go ahead.
Vibhor Singhal",Analyst,Thanks for taking my question. Congrats on a solid performance and a very near term environment.,16
WIPRO,Wipro,IT,Q1FY25,Srini Pallia,Analyst,"Vibhor, as far as Capco is concerned, just to add to what Aparna talked about in the context of year-",20
WIPRO,Wipro,IT,Q1FY25,Vibhor Singhal,Analyst,Is the pipeline also looking good in Capco in the coming quarters?,12
WIPRO,Wipro,IT,Q1FY25,Aparna Iyer,Management,"It continues to look good for the coming quarters, Vibhor.",10
WIPRO,Wipro,IT,Q1FY25,Vibhor Singhal,Analyst,"Got it, that is really helpful, Aparna. My second question is basically on the overall basically the",17
WIPRO,Wipro,IT,Q1FY25,Aparna Iyer,Management,"So, we do not guide for margins unlike some of our peers. We have in the past shared that there is an",22
WIPRO,Wipro,IT,Q1FY25,Vibhor Singhal,Analyst,"Got it, got it. So, just last follow up on that. So, I mean, with all the headwinds in place of these large",23
WIPRO,Wipro,IT,Q1FY25,Aparna Iyer,Management,"You know, I said that, this is what we have delivered in Q1. We have done well in order to improve",21
WIPRO,Wipro,IT,Q1FY25,Vibhor Singhal,Analyst,"Got it, got it. I was just pushing my luck. Thanks a lot for taking my questions and wish you all the",22
WIPRO,Wipro,IT,Q1FY25,Moderator,Moderator,Thank you. Next question is from the line of Ravi Menon from Macquarie. Please go ahead.,16
WIPRO,Wipro,IT,Q1FY25,Ravi Menon,Analyst,"Hi, thanks so much. And congrats on a really strong deal wins. You see, I am just a bit confused",20
WIPRO,Wipro,IT,Q1FY25,Srini Pallia,Analyst,"Sure, Ravi. Let me take it one at a time. So, if you look at the sectors in the U.S., we have BFSI. And",24
WIPRO,Wipro,IT,Q1FY25,Ravi Menon,Analyst,Thanks for the detailed explanation. I have a quick question on this restructuring cost of 2.4 billion.,17
WIPRO,Wipro,IT,Q1FY25,Aparna Iyer,Management,The restructuring costs pertain to restructuring in Europe that we did. This is very limited to a few,18
WIPRO,Wipro,IT,Q1FY25,Moderator,Moderator,Thank you. Thank you. Next question is from the line of Manik Taneja from Axis Capital. Please go,18
WIPRO,Wipro,IT,Q1FY25,Manik Taneja,Analyst,"Hi, thank you for the opportunity. And once again, congratulations on some of the internals that",16
WIPRO,Wipro,IT,Q1FY25,Aparna Iyer,Management,"Sure, Manik. In Europe, we have said that it's a combination of both the macroeconomic environment,",16
WIPRO,Wipro,IT,Q1FY25,Manik Taneja,Analyst,I was also trying to probe you with regards to our client metrics performance.,14
WIPRO,Wipro,IT,Q1FY25,Aparna Iyer,Management,"I now recollect your question. Yes, in some sense, if you look at the total number of active clients",19
WIPRO,Wipro,IT,Q1FY25,Manik Taneja,Analyst,Sure. Thank you and all the best for the future.,10
WIPRO,Wipro,IT,Q1FY25,Moderator,Moderator,Thank you. We will take our next question from the line of Kumar Rakesh from BNP Paribas. Please,18
WIPRO,Wipro,IT,Q1FY25,Kumar Rakesh,Management,"Hi, good evening. And thank you for taking my question. I have just one question, more of a",18
WIPRO,Wipro,IT,Q1FY25,Aparna Iyer,Management,"We do not guide for either the full year revenues or the profits, right? Yes, in the last few quarters,",20
WIPRO,Wipro,IT,Q1FY25,Kumar Rakesh,Management,"Got it. Thanks, Aparna, for that. The only reason I was trying to ask this question was to understand",19
WIPRO,Wipro,IT,Q1FY25,Aparna Iyer,Management,"Yes. Right now, we are not sharing any commentary on that. Like I said, we will now focus on this",20
WIPRO,Wipro,IT,Q1FY25,Moderator,Moderator,Thank you. We will take our next question from the line of Sudheer Guntupalli from Kotak Mahindra,17
WIPRO,Wipro,IT,Q1FY25,"AMC. Please go ahead.
Sudheer Guntupalli",Analyst,"Hi, Srini, Aparna. Congrats on a good quarter and strong deal wins. First question, on the deal wins",18
WIPRO,Wipro,IT,Q1FY25,Aparna Iyer,Management,"No, I do not think so. In fact, we have a good mix of both renewal and with an element of expansion",22
WIPRO,Wipro,IT,Q1FY25,Sudheer Guntupalli,Analyst,"Sure, Aparna. So, it is similar to what we had seen in the previous few quarters, right?",17
WIPRO,Wipro,IT,Q1FY25,Srini Pallia,Analyst,"So, Sudheer, just to reemphasize on the excitement that Aparna is talking about, these are all global",17
WIPRO,Wipro,IT,Q1FY25,Sudheer Guntupalli,Analyst,"Got it, sir. And in your presentation, Srini, you mentioned that discretionary funds are coming back",16
WIPRO,Wipro,IT,Q1FY25,Srini Pallia,Analyst,"So, Sudheer, broadly if you look at it, the discretionary spend is coming around data, AI and",17
WIPRO,Wipro,IT,Q1FY25,Sudheer Guntupalli,Analyst,"Got it, sir. Thank you and all the very best.",10
WIPRO,Wipro,IT,Q1FY25,Moderator,Moderator,Thank you. Next question is from the line of Sandeep Shah from Equitous Securities. Please go,16
WIPRO,Wipro,IT,Q1FY25,Sandeep Shah,Management,"Yes, thanks for the opportunity and congrats on deal wins action. The first question is, when we say",18
WIPRO,Wipro,IT,Q1FY25,Srini Pallia,Analyst,"So, Sandeep, first and foremost, none of the deals have a pass-through. Second, when Aparna said",16
WIPRO,Wipro,IT,Q1FY25,Sandeep Shah,Management,And any comment on pricing? Are you believing competitive pressure is very high because of macro?,16
WIPRO,Wipro,IT,Q1FY25,Srini Pallia,Analyst,"So, Sandeep, like Aparna said, right, some of these large deal wins are very competitive. There will",17
WIPRO,Wipro,IT,Q1FY25,Sandeep Shah,Management,"Okay. And Aparna, you also mentioned we have to offset this with the new levers, and you believe",18
WIPRO,Wipro,IT,Q1FY25,Aparna Iyer,Management,I think productivity and fixed price programs; they continue to be a theme. I know we talk about it,19
WIPRO,Wipro,IT,Q1FY25,Moderator,Moderator,Thank you. Thank you. We will take our next question from the line of Ashwin Mehta from Ambit,18
WIPRO,Wipro,IT,Q1FY25,"Capital. Please go ahead.
Ashwin Mehta",Analyst,"Yes, thanks for the opportunity. So, Srini, in terms of the competition that you've won these deals",17
WIPRO,Wipro,IT,Q1FY25,Srini Pallia,Analyst,"Ashwin, I never talk about competition or name them. All I can tell you, Ashwin, is these were well-",19
WIPRO,Wipro,IT,Q1FY25,Ashwin Mehta,Analyst,"Okay, thanks. And just one follow-up. So, given our commentary that Capco is growing at around",16
WIPRO,Wipro,IT,Q1FY25,Aparna Iyer,Management,"I think these are largely ramp downs that have happened. We have spoken about even within BFSI,",17
WIPRO,Wipro,IT,Q1FY25,Ashwin Mehta,Analyst,"And just a follow-up, in terms of the restructuring charges that we have taken, are they segment-",17
WIPRO,Wipro,IT,Q1FY25,Aparna Iyer,Management,They're across the board in Europe but very contained. The number of employees that would have,16
WIPRO,Wipro,IT,Q1FY25,Dipak Bohra,Analyst,"Yashashri, we can now close the call. I will just put a thank you note.",15
WIPRO,Wipro,IT,Q1FY25,Dipak Bohra,Analyst,"So, thank you all for joining the call. In case we could not take any questions due to time constraints,",20
WIPRO,Wipro,IT,Q1FY25,Moderator,Moderator,"Thank you. On behalf of Wipro Limited, that concludes this conference. Thank you for joining us",16
WIPRO,Wipro,IT,Q2FY25,Moderator,Moderator,"Ladies and gentlemen, good day and welcome to Wipro Limited Q2 FY'26 Earnings Conference",14
WIPRO,Wipro,IT,Q2FY25,Abhishek Jain,Analyst,"Thank you, Yashashri. Warm welcome to our Q2 FY '26 Earnings Call.",12
WIPRO,Wipro,IT,Q2FY25,Srini Pallia,Analyst,"Thanks, Abhishek. Good evening and thank you all for joining us today.",12
WIPRO,Wipro,IT,Q2FY25,Turning to our industry sectors now,Management,"We continue to see momentum in BFSI with clients prioritizing cost optimization, vendor",13
WIPRO,Wipro,IT,Q2FY25,Coming to deal wins and pipelines,Analyst,This quarter we closed $4.7 billion in total contract value and signed 13 large deals. Much of this,18
WIPRO,Wipro,IT,Q2FY25,Let me share three examples of a solution,Analyst,"One, AutoCortex for our automotive sector, WealthAI for BFSI, and Payer AI for Healthcare. Each",15
WIPRO,Wipro,IT,Q2FY25,Aparna Iyer,Management,"Thank you, Srini. Good evening everybody. Let me share with you an update on the financial",16
WIPRO,Wipro,IT,Q2FY25,Let me also give you some color on our strategic market unit performance,Analyst,All growth numbers that I share will be in constant currency.,11
WIPRO,Wipro,IT,Q2FY25,Let me share some other key financial metrics,Analyst,Our net income and EPS grew 1% year-on-year in this quarter. Our operating cash flows continue to,17
WIPRO,Wipro,IT,Q2FY25,Moderator,Moderator,"Ladies and gentlemen, we will wait for a moment while the question queue assembles. We will take",17
WIPRO,Wipro,IT,Q2FY25,Nitin Padmanabhan,Management,"Yes. Hi, good evening. Thanks for the opportunity. So, the first is just wanted your thoughts on the",18
WIPRO,Wipro,IT,Q2FY25,Aparna Iyer,Management,"I will take this one, Nitin. Obviously, we have several large deal wins in the BFSI space. We had one",20
WIPRO,Wipro,IT,Q2FY25,Nitin Padmanabhan,Management,Got it. Got it. Just one last one on margins. I sort of missed the margin walk that you sort of provided.,22
WIPRO,Wipro,IT,Q2FY25,Aparna Iyer,Management,"So, you know, when we started Quarter 2, we had alluded to headwinds as some of these large deals",19
WIPRO,Wipro,IT,Q2FY25,Nitin Padmanabhan,Management,Perfect. That's helpful. Thank you so much. I will fall back in the queue. All the very best.,18
WIPRO,Wipro,IT,Q2FY25,Moderator,Moderator,Thank you. Next question is from the line of Kumar Rakesh from BNP Paribas. Please go ahead.,17
WIPRO,Wipro,IT,Q2FY25,Kumar Rakesh,Management,"Hey, hi. Good evening, ma'am. Thank you for taking my question. My first question was around the",17
WIPRO,Wipro,IT,Q2FY25,Aparna Iyer,Management,"So, Rakesh, when we guide, we guide based on the visibility that we have at the start of the quarter.",20
WIPRO,Wipro,IT,Q2FY25,Kumar Rakesh,Management,"Thanks, Aparna. My second question was around margins. So, today you spoke about that you would",16
WIPRO,Wipro,IT,Q2FY25,Aparna Iyer,Management,"Yes, you know, so like I said, we do not guide for a range on the margin, right? Our endeavor has to",22
WIPRO,Wipro,IT,Q2FY25,Moderator,Moderator,Thank you. We'll take our next question from the line of Ravi Menon from Macquarie. Please go,17
WIPRO,Wipro,IT,Q2FY25,Ravi Menon,Analyst,Thank you for the opportunity. You are now growing year-on-year on an organic basis in line with,17
WIPRO,Wipro,IT,Q2FY25,Ravi Menon,Analyst,Now you are growing year on year basis. You are actually growing in line with a peer group on an,20
WIPRO,Wipro,IT,Q2FY25,Srini Pallia,Analyst,"So, Ravi, Srini here. As far as we are concerned at this point in time, we have given a Quarter 3",21
WIPRO,Wipro,IT,Q2FY25,Ravi Menon,Analyst,"Thanks, Srini. And going into Q3, other than seasonality, are there any specific factors that you think",17
WIPRO,Wipro,IT,Q2FY25,Moderator,Moderator,Thank you. We'll take our next question from the line of Sudheer Guntupalli from Kotak Mahindra,16
WIPRO,Wipro,IT,Q2FY25,"AMC. Please go ahead.
Sudheer Guntupalli",Analyst,"Hi, Srini. Hi, Aparna. So, I just wanted some clarity on your response to one of the earlier questions",19
WIPRO,Wipro,IT,Q2FY25,Srini Pallia,Analyst,"So, Sudheer, as far as Q2 deal wins are concerned, the 2 mega deals that I talked about, one is in the",22
WIPRO,Wipro,IT,Q2FY25,Sudheer Guntupalli,Analyst,"Yes, Srini, that's fine. So, I was asking Aparna's response to a prior question that it is largely a",19
WIPRO,Wipro,IT,Q2FY25,Srini Pillia,Analyst,"Yes. Sure, Sudheer. I think if you look at the deal flows we had in the first half, it's a combination of",22
WIPRO,Wipro,IT,Q2FY25,Moderator,Moderator,Thank you. Next question is from the line of Dipesh Mehta from Emkay Global. Please go ahead.,17
WIPRO,Wipro,IT,Q2FY25,Dipesh Mehta,Analyst,"Thanks for the opportunity. Two questions. First, just want to understand whether from net new",15
WIPRO,Wipro,IT,Q2FY25,Aparna Iyer,Management,"Yes. So, I will take a few questions and then, Srini, you can also add in. From a net new standpoint,",21
WIPRO,Wipro,IT,Q2FY25,Srini Pallia,Analyst,"So, Dipesh, in the context of the sector questions that you asked for, if I look at it, of the five sectors",22
WIPRO,Wipro,IT,Q2FY25,Moderator,Moderator,Thank you. We'll take our next question from the line of Girish Pai from BOb Capital Markets. Please,18
WIPRO,Wipro,IT,Q2FY25,Girish Pai,Analyst,"Thanks for the opportunity. I had a few questions. Just on the renewal deal side, are the clients asking",19
WIPRO,Wipro,IT,Q2FY25,Srini Pallia,Analyst,"So, Girish, if you look at broader industry trends that we are seeing, Girish, is clients across industry",18
WIPRO,Wipro,IT,Q2FY25,Girish Pai,Analyst,My second question is regarding potential liabilities that vendors like you face because of AI work,16
WIPRO,Wipro,IT,Q2FY25,Hari Shetty,Analyst,"Hey Girish, this is Hari Shetty here, and again, glad to be on the call today. Couple of key things, and",21
WIPRO,Wipro,IT,Q2FY25,Girish Pai,Analyst,"Okay, just last question on H1-B. I know probably it has been beaten to death. Do you foresee any",19
WIPRO,Wipro,IT,Q2FY25,Saurabh Govil,Analyst,"Girish, Saurabh here. As you know, a large part of our workforce in the U.S. is localized. So, first of",20
WIPRO,Wipro,IT,Q2FY25,Moderator,Moderator,Thank you. We'll take our next question from the line of Vibhor Singhal from Nuvama. Please go,17
WIPRO,Wipro,IT,Q2FY25,Vibhor Singhal,Analyst,"Thanks for taking my question and congrats on continuous solid deal wins. Actually, my question",15
WIPRO,Wipro,IT,Q2FY25,Srini Pallia,Analyst,"Sorry, Vibhor. Maybe I will answer this question in a little bit more detail if that's okay with you. If",20
WIPRO,Wipro,IT,Q2FY25,Vibhor Singhal,Analyst,"Right. So, a lot of, I would say, traction that we are seeing in multiple parts, Capco, as you said, right,",21
WIPRO,Wipro,IT,Q2FY25,Srini Pallia,Analyst,"Yes, Vibhor, look at my pipeline, right, obviously, BFSI's pipeline is very strong. So, from that",16
WIPRO,Wipro,IT,Q2FY25,Vibhor Singhal,Analyst,"Perfect. That is great to hear. Just to double click on the same manner on the healthcare sector, I",19
WIPRO,Wipro,IT,Q2FY25,Srini Pallia,Analyst,"Yes. So, Vibhor, if you look at that, traditionally, healthcare has been a strong sector for us.",17
WIPRO,Wipro,IT,Q2FY25,Srini Pallia,Analyst,And we did show a year-on-year growth. But you are right. There are certain headwinds in this sector,18
WIPRO,Wipro,IT,Q2FY25,Vibhor Singhal,Analyst,"Got it. Great to hear that. Just one last question, if I may squeeze in, either you or maybe a partner",21
WIPRO,Wipro,IT,Q2FY25,Saurabh Govil,Analyst,"So, if you look at the key people indices in this quarter, net headcount has gone up, on-boarded",18
WIPRO,Wipro,IT,Q2FY25,Vibhor Singhal,Analyst,"Got it. Thanks, Srini. Thank you so much for taking my questions, and wish you all the best.",18
WIPRO,Wipro,IT,Q2FY25,Moderator,Moderator,Thank you. Next question is from the line of Abhishek Kumar from JM Financial. Please go ahead.,17
WIPRO,Wipro,IT,Q2FY25,Abhishek Kumar,Analyst,"Yes, hi. Good evening. Thanks for the opportunity. I have two questions. First, on, we talked about",17
WIPRO,Wipro,IT,Q2FY25,Aparna Iyer,Management,"So, you are right. Net new is fully new, so that will add to the revenues directly. In terms of just",21
WIPRO,Wipro,IT,Q2FY25,Abhishek Kumar,Analyst,"Just to follow up on this one, then I have a second one. I was asking this because Q2, there have been",22
WIPRO,Wipro,IT,Q2FY25,Aparna Iyer,Management,"Yes. So, therefore, what happens is, yes, there is a timing difference, there is a productivity that gets",18
WIPRO,Wipro,IT,Q2FY25,Abhishek Kumar,Analyst,My second question is on the impact of the bankruptcy on your topline. Did we see any impact on,19
WIPRO,Wipro,IT,Q2FY25,Aparna Iyer,Management,"No, nothing. No, there was no impact on the revenue. We have actually made a provision for barren",18
WIPRO,Wipro,IT,Q2FY25,Abhishek Kumar,Analyst,That is all from my side. Thank you and all the best.,12
WIPRO,Wipro,IT,Q2FY25,Moderator,Moderator,Thank you. We will take our next question from the line of Nitin Padmanabhan from Investec. Please,17
WIPRO,Wipro,IT,Q2FY25,Nitin Padmanabhan,Management,"Yes. Hi. Thank you for the opportunity again. Earlier, you had called out some large SAP",16
WIPRO,Wipro,IT,Q2FY25,Srini Pallia,Analyst,"So, Nitin, specific to the comment you made in the context of what we said, there was in one quarter,",20
WIPRO,Wipro,IT,Q2FY25,Nitin Padmanabhan,Management,"Got it. The second is within the EMR vertical, so I think last quarter, you were a little hopeful that as",21
WIPRO,Wipro,IT,Q2FY25,Srini Pallia,Analyst,"You are right, Nitin. EMR sector for us has de-grown sequentially as well as year-on-year. Especially",16
WIPRO,Wipro,IT,Q2FY25,Nitin Padmanabhan,Management,Perfect. Just one last one from my end. You alluded to a very strong sort of deal pipeline. Are you,20
WIPRO,Wipro,IT,Q2FY25,Srini Pallia,Analyst,"Nitin, as far as the deal pipeline is concerned, like I said, after closing close to $9.5 billion of booking",20
WIPRO,Wipro,IT,Q2FY25,Nitin Padmanabhan,Management,Perfect. Very helpful. Thank you so much and all the best.,11
WIPRO,Wipro,IT,Q2FY25,Moderator,Moderator,"Thank you. Ladies and gentlemen, that was the last question for today. I would now like to hand the",19
WIPRO,Wipro,IT,Q2FY25,Abhishek Jain,Analyst,"Yes, thanks. Thank you all for joining the call. In case, you have any follow-up questions, please feel",18
WIPRO,Wipro,IT,Q2FY25,Moderator,Moderator,"Thank you. On behalf of Wipro Limited, that concludes this conference. Thank you for joining us",16
WIPRO,Wipro,IT,Q3FY25,Moderator,Moderator,"Ladies and gentlemen, good day and welcome to Wipro Limited Q3 FY'26 Earnings Conference",14
WIPRO,Wipro,IT,Q3FY25,Abhishek Jain,Analyst,"Thank you, Yashashri. Warm welcome to our Q3 FY '26 Earnings Call.",12
WIPRO,Wipro,IT,Q3FY25,Srini Pallia,Analyst,"Thank you, Abhishek. Good evening and thank you for joining us today. A very happy new year to",18
WIPRO,Wipro,IT,Q3FY25,"Let me start with a broader environment before walking you through our quarterly performance and
how we are positioning Wipro for an AI-first world",Analyst,"Across our client landscape, one thing is clear. Organizations are reshaping priorities as AI influences",15
WIPRO,Wipro,IT,Q3FY25,"Clients are bringing us in much earlier and recognizing the step change in the way we
deliver and innovate.
I would now like to update you on HARMAN DTS",Analyst,"First, a warm welcome to all HARMAN DTS employees joining us. With the acquisition now",15
WIPRO,Wipro,IT,Q3FY25,"Aparna.
Aparna Iyer",Management,"Thank you, Srini. Good evening, ladies and gentlemen, and wish you all a very, very Happy New",17
WIPRO,Wipro,IT,Q3FY25,"Year.
Let me share a quick update on the financial performance",Analyst,Our IT Services revenue for Quarter 3 grew 1.4% sequentially in constant currency terms and 1.2%,16
WIPRO,Wipro,IT,Q3FY25,Moderator,Moderator,"Thank you very much. Ladies and gentlemen, we will now begin the question-and-answer session.",14
WIPRO,Wipro,IT,Q3FY25,"We will take our first question from the line of Nitin Padmanabhan from Investec. Please go ahead.
Nitin Padmanabhan",Management,"Hello, good evening. Wishing you a very happy New Year. I had a couple of questions. So, one is, I",20
WIPRO,Wipro,IT,Q3FY25,Aparna Iyer,Management,"So, Nitin, I will take your second question. And then on EMR, I will ask Srini to answer. And on",20
WIPRO,Wipro,IT,Q3FY25,Srini Pallia,Analyst,"Thanks, Aparna. Happy New Year, Nitin. As far as EMR is concerned, our performance in this sector",17
WIPRO,Wipro,IT,Q3FY25,Saurabh Govil,Analyst,"In salary hikes, we will take a call in the next few weeks in terms of when should we be doing it. Our",23
WIPRO,Wipro,IT,Q3FY25,Nitin Padmanabhan,Management,Perfect. That's helpful. Just one clarification. Do you think EMR should start getting back to growth,16
WIPRO,Wipro,IT,Q3FY25,Srini Pallia,Analyst,"So as far as EMR is concerned, Nitin, I will just repeat that. One is the pipeline. Like I said,",20
WIPRO,Wipro,IT,Q3FY25,Nitin Padmanabhan,Management,Perfect. Very helpful. Thank you so much and all the very best.,12
WIPRO,Wipro,IT,Q3FY25,Moderator,Moderator,Thank you. Next question is from the line of Vibhor Singhal from Nuvama Equities. Please go ahead.,17
WIPRO,Wipro,IT,Q3FY25,Vibhor Singhal,Analyst,"Hi. Thanks for taking my question and congrats on a solid performance. So Srini, my question was",17
WIPRO,Wipro,IT,Q3FY25,Srini Pallia,Analyst,"Thanks, Vibhor. If you look at our consumer sector, clearly, if you recollect, I talked about it before",18
WIPRO,Wipro,IT,Q3FY25,Vibhor Singhal,Analyst,"Got it. And similar thing on the basically, I know it is not that big a vertical, but I think both tech and",23
WIPRO,Wipro,IT,Q3FY25,Vibhor Singhal,Analyst,"Aparna, tech and the Healthcare vertical, both of them separately.",10
WIPRO,Wipro,IT,Q3FY25,Aparna Iyer,Management,"You know, in some sense, in Healthcare, we have been consistently doing well. And we have had a",18
WIPRO,Wipro,IT,Q3FY25,Vibhor Singhal,Analyst,"Perfect. That is really helpful. Aparna, just one last question from my side. You mentioned about the",17
WIPRO,Wipro,IT,Q3FY25,Aparna Iyer,Management,"You know, Vibhor, for some reason, we are not able to hear it clearly. Can you just load on your",20
WIPRO,Wipro,IT,Q3FY25,Moderator,Moderator,I am sorry. His line is disconnected. We will move on to the next question. Next question is from the,20
WIPRO,Wipro,IT,Q3FY25,Ravi Menon,Analyst,Hi. Thanks for the opportunity. And congrats on a really strong margin performance this quarter.,15
WIPRO,Wipro,IT,Q3FY25,Aparna Iyer,Management,"I will ask Srini to talk through the demand environment. You know, we guide based on the visibility",18
WIPRO,Wipro,IT,Q3FY25,Srini Pallia,Analyst,"If you look at it, there is no significant change in the demand environment, specifically the",16
WIPRO,Wipro,IT,Q3FY25,Ravi Menon,Analyst,You talked about vendor consolidation and cost takeout and clients actually using those savings for,15
WIPRO,Wipro,IT,Q3FY25,Srini Pallia,Analyst,It's mixed. There are certain clients who are doing that and continuing with their current partners.,16
WIPRO,Wipro,IT,Q3FY25,Ravi Menon,Analyst,One last question on the HARMAN DTS. Which segments do you think this really improves your,16
WIPRO,Wipro,IT,Q3FY25,Srini Pallia,Analyst,"If I understand the question, how the HARMAN DTS acquisition will help us, right?",14
WIPRO,Wipro,IT,Q3FY25,Ravi Menon,Analyst,Correct. Which sectors do you expect the win rates to improve?,11
WIPRO,Wipro,IT,Q3FY25,Srini Pallia,Analyst,"So, clearly, HARMAN brings in both design to manufacturing capabilities and AI-powered product",13
WIPRO,Wipro,IT,Q3FY25,"Consumer and EMR.
Moderator",Moderator,We will take our next question from the line of Sandeep Shah from Equirus Securities.,15
WIPRO,Wipro,IT,Q3FY25,Sandeep Shah,Management,"The first question is, because of delay in ramp-up of deal wins of the last 2-3 Quarters, is it fair to",21
WIPRO,Wipro,IT,Q3FY25,Aparna Iyer,Management,"Sandeep, yes, in some sense, that will be the objective that we ramp up enough so that we can offset",20
WIPRO,Wipro,IT,Q3FY25,Sandeep Shah,Management,"Aparna, I wanted to understand the guidance on the margins which you said narrow band. Narrow",16
WIPRO,Wipro,IT,Q3FY25,Aparna Iyer,Management,"Again, no, we don't guide for margins. You've seen our performance over the last 8 Quarters. We've",17
WIPRO,Wipro,IT,Q3FY25,Sandeep Shah,Management,"Last couple of questions. The deal TCV in this quarter, both on large deal and total has been slightly",19
WIPRO,Wipro,IT,Q3FY25,Aparna Iyer,Management,"Typically, like I said, some of these deals, they tend to club. We are contesting a lot of large deals.",20
WIPRO,Wipro,IT,Q3FY25,Sandeep Shah,Management,"A last question, Aparna, with a war chest of $6.1 billion, though we are distributing dividend. But is",18
WIPRO,Wipro,IT,Q3FY25,Aparna Iyer,Management,We have said that buyback will continue to be a means by which we will return cash to our,19
WIPRO,Wipro,IT,Q3FY25,Moderator,Moderator,Next question is from the line of Kumar Rakesh from BNP Paribas.,12
WIPRO,Wipro,IT,Q3FY25,Kumar Rakesh,Management,I have just one question. Do you think given the kind of mix which you have both of vertical and the,21
WIPRO,Wipro,IT,Q3FY25,Srini Pallia,Analyst,"Kumar, clearly, first, if you look at our inorganic strategy, it's very clearly aligned to the strategic",17
WIPRO,Wipro,IT,Q3FY25,Moderator,Moderator,Thank you. Next question is from the line of Rishi Jhunjhunwala from IIFL. Please go ahead.,16
WIPRO,Wipro,IT,Q3FY25,Rishi Jhunjhunwala,Analyst,"Yes, thanks for the opportunity. Just wanted to understand, ex of HARMAN does not look like there",17
WIPRO,Wipro,IT,Q3FY25,Srini Pallia,Analyst,"Headcount for this quarter is primarily driven from two things. One is the acquisition, DTS",15
WIPRO,Wipro,IT,Q3FY25,Rishi Jhunjhunwala,Analyst,"Understood, sir. The second question is, I just wanted to understand this restructuring cost that we",16
WIPRO,Wipro,IT,Q3FY25,Srini Pallia,Analyst,"The restructuring basically has pivoted on obsolete skillsets and family in two areas. One is in Europe,",17
WIPRO,Wipro,IT,Q3FY25,Rishi Jhunjhunwala,Analyst,"Understood. And just last thing, there was a bookkeeping question. There is a spike in D&A in this",18
WIPRO,Wipro,IT,Q3FY25,Aparna Iyer,Management,"We have taken a provision for about full debt charge, and I think that has the line item that will show",21
WIPRO,Wipro,IT,Q3FY25,Aparna Iyer,Management,"Okay. And typically, we do assess the intangibles every year. And based on the expected forecast,",16
WIPRO,Wipro,IT,Q3FY25,Moderator,Moderator,Thank you. Next question is from the line of Kawaljeet Saluja from Kotak Securities. Please go,16
WIPRO,Wipro,IT,Q3FY25,Kawaljeet Saluja,Analyst,"Hi, Aparna. I have just a couple of questions for you. First is that at $6.5 billion, it seems that you",21
WIPRO,Wipro,IT,Q3FY25,Aparna Iyer,Management,"Okay. You are right. We did note that we have been having excess cash and as a result of that, last",21
WIPRO,Wipro,IT,Q3FY25,Kawaljeet Saluja,Analyst,"Sorry, can you repeat that last part again? I missed it.",11
WIPRO,Wipro,IT,Q3FY25,Aparna Iyer,Management,"So, I said, there are some statutory considerations that you cannot do a buyback within 12 months. If",18
WIPRO,Wipro,IT,Q3FY25,Kawaljeet Saluja,Analyst,"Okay. So let us say if you had to theoretically decide to do a buyback today, you could do that.",20
WIPRO,Wipro,IT,Q3FY25,Kawaljeet Saluja,Analyst,"There is no such impediment. I mean, you can do that as in when you feel, it is the right time. Is that",23
WIPRO,Wipro,IT,Q3FY25,Kawaljeet Saluja,Analyst,"Noted. The second question is for you and Srini. Let us say, if those two mega deals ramp-ups were",19
WIPRO,Wipro,IT,Q3FY25,Aparna Iyer,Management,"Obviously, we cannot talk about it quantitatively, Kawal. And qualitatively, like I have said, it is only",17
WIPRO,Wipro,IT,Q3FY25,Moderator,Moderator,"Thank you. Ladies and gentlemen, that was the last question for today. I would now like to hand the",19
WIPRO,Wipro,IT,Q3FY25,Abhishek Jain,Analyst,Yes. Thank you all for joining the call. Have a nice day. Thank you.,14
WIPRO,Wipro,IT,Q3FY25,Moderator,Moderator,"Thank you, members of the management team. On behalf of Wipro Limited, that concludes this",15
WIPRO,Wipro,IT,Q4FY25,Moderator,Moderator,"Ladies and gentlemen, good day, and welcome to Wipro Limited Q4 FY '26 Earnings",14
WIPRO,Wipro,IT,Q4FY25,Abhishek Jain,Analyst,Yashashri. Thank you. Warm welcome to our Q4 FY '26 Earnings Call. We'll begin the call,16
WIPRO,Wipro,IT,Q4FY25,Srini Pallia,Analyst,"Thanks, Abhishek. Hello, everyone. Thank you for joining us today. Geopolitical and policy",13
WIPRO,Wipro,IT,Q4FY25,Aparna Iyer,Management,"Good evening, everyone. Let me share a quick update, and then we can open it up for Q&A.",18
WIPRO,Wipro,IT,Q4FY25,Moderator,Moderator,"We'll take our first question from the line of Prateek Maheshwari, from HSBC Securities.",14
WIPRO,Wipro,IT,Q4FY25,Sandeep Shah,Management,"Sir, the first question is, there has been a good large deal wins, which has happened early H’1",18
WIPRO,Wipro,IT,Q4FY25,Srini Pallia,Analyst,This is Srini here. Thanks for your question. Let me just talk about the quarter 4 performance,17
WIPRO,Wipro,IT,Q4FY25,Sandeep Shah,Management,"Okay. And do you believe second quarter onwards, there could be a delayed ramp-up can",15
WIPRO,Wipro,IT,Q4FY25,Srini Pallia,Analyst,"So as far as this particular client is concerned, it will end in quarter 1, Sandeep, and there is no",20
WIPRO,Wipro,IT,Q4FY25,Sandeep Shah,Management,"Okay. And just last two, there has been a notable decline in our top clients. What is the reason",19
WIPRO,Wipro,IT,Q4FY25,Aparna Iyer,Management,"So these two deals that we've announced in this month, Sandeep, are a part of our guidance. At",18
WIPRO,Wipro,IT,Q4FY25,Sandeep Shah,Management,Okay. Okay. Is it possible to quantify inorganic growth in the guidance?,12
WIPRO,Wipro,IT,Q4FY25,Aparna Iyer,Management,"They are not inorganic. They are actually strategic deal wins. If you look at it, Olam is a",18
WIPRO,Wipro,IT,Q4FY25,Sandeep Shah,Management,Okay. We'll come in the follow-up. Thanks. All the best.,10
WIPRO,Wipro,IT,Q4FY25,Moderator,Moderator,Next question is from the line of Ravi Menon from Axis Capital. Please go ahead.,15
WIPRO,Wipro,IT,Q4FY25,Ravi Menon,Analyst,"Hi, thanks for the opportunity. It’s beyond the top customers where we've seen a sharp decline.",16
WIPRO,Wipro,IT,Q4FY25,Aparna Iyer,Management,"Ravi, if you look at it, our top client has been producing a healthy growth for us a fairly long",20
WIPRO,Wipro,IT,Q4FY25,Ravi Menon,Analyst,And the unbilled revenue has grown this quarter for more than $80 million. And then we also,17
WIPRO,Wipro,IT,Q4FY25,Aparna Iyer,Management,"No. So I don't think -- see, the unbilled revenue that has gone up is more a quarterly aberration.",19
WIPRO,Wipro,IT,Q4FY25,Moderator,Moderator,Thank you. Next question is from the line of Dipesh Mehta from Emkay Global. Please go,16
WIPRO,Wipro,IT,Q4FY25,Dipesh Mehta,Analyst,"Yes, thanks for the opportunity. A couple of questions. First on the clarification part, you said",16
WIPRO,Wipro,IT,Q4FY25,Aparna Iyer,Management,We have said that the client-specific issue that we have seen in one of our clients in Americas,18
WIPRO,Wipro,IT,Q4FY25,Aparna Iyer,Management,"Yes. So if I have to characterize, we've had several large deal bookings, right? Now the one",17
WIPRO,Wipro,IT,Q4FY25,Dipesh Mehta,Analyst,"And can you give some sense about that? What factor is leading to delay in ramp up, whether -",19
WIPRO,Wipro,IT,Q4FY25,Aparna Iyer,Management,"We guide in a range. There is -- like I said, we guided a range and there is a midpoint, and we",22
WIPRO,Wipro,IT,Q4FY25,Srini Pallia,Analyst,"Yes. Dipesh, Srini here. On the first point, this is a very client-specific issue, where they have",17
WIPRO,Wipro,IT,Q4FY25,"Dipesh.
Dipesh Mehta",Analyst,Understood. And last question from my side. I just want to get some sense about how Capco is,18
WIPRO,Wipro,IT,Q4FY25,Srini Pallia,Analyst,"So Dipesh, as you know, Capco is a tip of the spear for the consulting piece on the paper side.",20
WIPRO,Wipro,IT,Q4FY25,Moderator,Moderator,Thank you. Next question is from the line of Vibhor Singhal from Nuvama Equities. Please go,16
WIPRO,Wipro,IT,Q4FY25,Vibhor Singhal,Analyst,"Hi. Thanks for taking my questions. Congrats, Srini and Aparna for the buyback",13
WIPRO,Wipro,IT,Q4FY25,Moderator,Moderator,Are you on your handset mode? Can you use your handset mode?,12
WIPRO,Wipro,IT,Q4FY25,Vibhor Singhal,Analyst,"Okay. Sorry for that. Yes. So a couple of questions from my side. Srini, on the energy and the",19
WIPRO,Wipro,IT,Q4FY25,Srini Pallia,Analyst,"So Vibhor, from our perspective, if you look at the quarter 4, we have seen a sequential growth",18
WIPRO,Wipro,IT,Q4FY25,Vibhor Singhal,Analyst,"Got it. My second question, Srini, was basically on -- again, sorry to harp on the Q1 guidance,",18
WIPRO,Wipro,IT,Q4FY25,Moderator,Moderator,"I'm sorry, Vibhor, you're sounding muffled again. Can you repeat the last part please?",14
WIPRO,Wipro,IT,Q4FY25,Vibhor Singhal,Analyst,Yes. I'm so sorry for the poor connectivity. Yes. So as Aparna said I think the two deals will,19
WIPRO,Wipro,IT,Q4FY25,Aparna Iyer,Management,You know DTS HARMAN is fully in our Q4 numbers...,10
WIPRO,Wipro,IT,Q4FY25,Vibhor Singhal,Analyst,But Aparna in Q4 that was only 2 months. So on Q-o-Q this will add another month in Q1?,19
WIPRO,Wipro,IT,Q4FY25,Aparna Iyer,Management,No. Q4 was all 3 months. In Q3 we have this.,11
WIPRO,Wipro,IT,Q4FY25,Aparna Iyer,Management,"Yes. So that is not -- that is the only inorganic piece and our growth for Q1 is -- yes, there are",22
WIPRO,Wipro,IT,Q4FY25,Aparna Iyer,Management,"Yes. If you look at it as a organic growth, these are strategic deals we have taken. Yes.",18
WIPRO,Wipro,IT,Q4FY25,Vibhor Singhal,Analyst,Very much point taken. Just my last question Aparna on the margins. I think very strong,16
WIPRO,Wipro,IT,Q4FY25,Aparna Iyer,Management,"Yes, there are three areas where we are going to be investing in. We've already rolled out the",18
WIPRO,Wipro,IT,Q4FY25,Vibhor Singhal,Analyst,Got it. Great. Thank you so much for taking my questions and wish you all the best.,17
WIPRO,Wipro,IT,Q4FY25,Moderator,Moderator,Thank you. We'll take our next question from the line of Prateek Maheshwari from HSBC,15
WIPRO,Wipro,IT,Q4FY25,"Securities. Please go ahead.
Prateek Maheshwari",Analyst,"Thank you for the opportunity. So Srini, I've got a couple of questions. So I'm sorry for",17
WIPRO,Wipro,IT,Q4FY25,"Thank you.
Srini Pallia",Analyst,"Thanks, Prateek. You're right, AI is a central strategy for Wipro. Two quarters back, we had",16
WIPRO,Wipro,IT,Q4FY25,Prateek Maheshwari,Analyst,"First question, if you could share also -- so the question was that there's been multiple client",17
WIPRO,Wipro,IT,Q4FY25,Srini Pallia,Analyst,"Yes. I think this quarter, as well as last quarter, it was something that we called out as well,",19
WIPRO,Wipro,IT,Q4FY25,Prateek Maheshwari,Analyst,"Srini, If you could allow me to squeeze 1 more question. I just wanted to ask, you said that you",20
WIPRO,Wipro,IT,Q4FY25,Srini Pallia,Analyst,"So I think from an overall -- see I think the best way for me to reflect, Prateek, in your",20
WIPRO,Wipro,IT,Q4FY25,Moderator,Moderator,We'll take our next question from the line of Abhishek Shindadkar from Incred Research.,14
WIPRO,Wipro,IT,Q4FY25,Abhishek Shindadkar,Analyst,The first question is regarding the contribution for HARMAN. So when we gave the guidance,15
WIPRO,Wipro,IT,Q4FY25,Aparna Iyer,Management,So your question is around how much did the HARMAN acquisition contribute in Q4? Is that,16
WIPRO,Wipro,IT,Q4FY25,Aparna Iyer,Management,So we actually made a stock exchange filing around the revenues of the organization. You can,16
WIPRO,Wipro,IT,Q4FY25,Abhishek Shindadkar,Analyst,"Understood. That's helpful. The second thing is on the top client and maybe it has been asked,",17
WIPRO,Wipro,IT,Q4FY25,Aparna Iyer,Management,"I think our overall growth rate also tend to reflect in our top client metric growth rates as well,",19
WIPRO,Wipro,IT,Q4FY25,Abhishek Shindadkar,Analyst,Thank you. Super helpful. Thank you for taking my questions.,10
WIPRO,Wipro,IT,Q4FY25,Moderator,Moderator,"Thank you. Ladies and gentlemen, that was the last question for today. I would now like to",17
WIPRO,Wipro,IT,Q4FY25,Abhishek Jain,Analyst,"Thank you all for joining us. In case we could not take any questions due to time constraints,",18
WIPRO,Wipro,IT,Q4FY25,Moderator,Moderator,"Thank you. On behalf of Wipro Limited, that concludes this conference. Thank you for joining",15
