ticker,sector,quarter,role,speaker,sentence,topic_id,topic_label
BAJAJFIN,NBFC,Q1FY25,Management,Sandeep Jain,"So that other number is the net gain on fair value change, where we have INR 79",-1,General Discussion
BAJAJFIN,NBFC,Q1FY25,Management,Rajeev Jain,"Adjusted for this, the number is flat on a sequential quarter basis.",1,Analyst Q&A
BAJAJFIN,NBFC,Q1FY25,Analyst,Viral Shah,"But first, to begin with, I would say, it's glad to have you",2,Business Opportunities
BAJAJFIN,NBFC,Q1FY25,Management,Rajeev Jain,"Viral, the only point I would like to make is that every incident must have learnings",-1,General Discussion
BAJAJFIN,NBFC,Q1FY25,Management,Sandeep Jain,I think Viral this question was asked last quarter as well.,1,Analyst Q&A
BAJAJFIN,NBFC,Q1FY25,Analyst,Viral Shah,"And secondly, Sandeep, on the, say, growth guidance numbers on the non-",0,Cost & Sales Performance
BAJAJFIN,NBFC,Q1FY25,Management,Sandeep Jain,"So I think on the fee income side, we have guided for 13% to 15% for the current",-1,General Discussion
BAJAJFIN,NBFC,Q1FY25,Management,Rajeev Jain,"Last time I do want to make that, the fee income grew 17%, just to add what Sandeep",-1,General Discussion
BAJAJFIN,NBFC,Q1FY25,Management,Sandeep Jain,"And last year's quarter was partially impacted by embargo as well, so to the extent on",-1,General Discussion
BAJAJFIN,NBFC,Q1FY25,Analyst,Viral Shah,"And my last question, Rajeev, is for you.",3,Management Commentary
BAJAJFIN,NBFC,Q1FY25,Management,Sandeep Jain,"And Viral, in the same context, I think it's important that we call out, MSA business",-1,General Discussion
BAJAJFIN,NBFC,Q1FY25,Analyst,"Please go ahead.
Piran Engineer","Actually, my question was kind of answered you’re here,",1,Analyst Q&A
BAJAJFIN,NBFC,Q1FY25,Management,Rajeev Jain,The only way to do it is to offer the remediation.,0,Cost & Sales Performance
BAJAJFIN,NBFC,Q1FY25,Analyst,Piran Engineer,"And also on the B2C side, earlier we used to share",-1,General Discussion
BAJAJFIN,NBFC,Q1FY25,Management,Rajeev Jain,"It was 5.5 , and it is down to 4.",0,Cost & Sales Performance
BAJAJFIN,NBFC,Q1FY25,Management,Rajeev Jain,"The only thing and where we've got -- partially, if I may",1,Analyst Q&A
BAJAJFIN,NBFC,Q1FY25,Analyst,Piran Engineer,"And just lastly on growth or just in terms of scale-up, in car",0,Cost & Sales Performance
BAJAJFIN,NBFC,Q1FY25,Analyst,Piran Engineer,I thought you said the loan book is very small.,0,Cost & Sales Performance
BAJAJFIN,NBFC,Q1FY25,Analyst,Piran Engineer,I just want to get a sense of the,1,Analyst Q&A
BAJAJFIN,NBFC,Q1FY25,Management,Rajeev Jain,"Piran, the issue is used car and new car put together must make",1,Analyst Q&A
BAJAJFIN,NBFC,Q1FY25,Analyst,Piran Engineer,Thank you and wish you all the best.,2,Business Opportunities
BAJAJFIN,NBFC,Q1FY25,Management,Rajeev Jain,"As Viral said, what are the learnings is one of the learnings.",-1,General Discussion
BAJAJFIN,NBFC,Q1FY25,Analyst,Kunal Shah,"But anything with respect to the corporate structuring, maybe it was quite",0,Cost & Sales Performance
BAJAJFIN,NBFC,Q1FY25,Analyst,Kunal Shah,No changes in terms of the corporate structure which has been planned or maybe,0,Cost & Sales Performance
BAJAJFIN,NBFC,Q1FY25,Analyst,Kunal Shah,"And secondly, with respect to MSME, so you indicated maybe that's going",-1,General Discussion
BAJAJFIN,NBFC,Q1FY25,Management,Sandeep Jain,"The overall provisioning coverage has plenty of assets, including the composition of",-1,General Discussion
BAJAJFIN,NBFC,Q1FY25,Analyst,Kunal Shah,"Sir, fair to assume this restructuring is in SME because that's the only SME and",-1,General Discussion
BAJAJFIN,NBFC,Q1FY25,Analyst,"Please go ahead.
Kuntal Shah","Hi, thanks for taking my call and Rajeev thanks to have you back on the call.",2,Business Opportunities
BAJAJFIN,NBFC,Q1FY25,Management,Rajeev Jain,"So Kuntal, 4.7 million new customer acquisition after last 2 years of record 15",3,Management Commentary
BAJAJFIN,NBFC,Q1FY25,Analyst,Kuntal Shah,Partially but common unified super app was what I think makes sense from tech,-1,General Discussion
BAJAJFIN,NBFC,Q1FY25,Management,Rajeev Jain,"So let me make the point, if you're an Apple now, if you go to share market on",0,Cost & Sales Performance
BAJAJFIN,NBFC,Q1FY25,Analyst,Kuntal Shah,"So Rajeev, Does it mean you will tie up with more fintech, which are a lot of",-1,General Discussion
BAJAJFIN,NBFC,Q1FY25,Analyst,Kuntal Shah,More profit pools and nothing like that because you have...,-1,General Discussion
BAJAJFIN,NBFC,Q1FY25,Analyst,Abhishek M.,So the first one is going back to SME.,-1,General Discussion
BAJAJFIN,NBFC,Q1FY25,Management,Rajeev Jain,"As I said, Abhishek, at this point in time, it will remain slow.",-1,General Discussion
BAJAJFIN,NBFC,Q1FY25,Analyst,Abhishek Murarka,How much would be the total unsecured in this book?,-1,General Discussion
BAJAJFIN,NBFC,Q1FY25,Management,Rajeev Jain,"The mortgage, sit’s in mortgage and so on and so forth.",0,Cost & Sales Performance
BAJAJFIN,NBFC,Q1FY25,Analyst,Abhishek Murarka,"Sir, the other observation I had is that since it is mostly unsecured, typically when",-1,General Discussion
BAJAJFIN,NBFC,Q1FY25,Management,Sandeep Jain,Abhishek that's what I was trying to clarify earlier as well because the number of,-1,General Discussion
BAJAJFIN,NBFC,Q1FY25,Analyst,Abhishek Murarka,"The second question is on -- yes, the second question is on growth.",0,Cost & Sales Performance
BAJAJFIN,NBFC,Q1FY25,Management,Rajeev Jain,"I would think about one more quarter, Abhishek, before we give you a very clear",1,Analyst Q&A
BAJAJFIN,NBFC,Q1FY25,Management,Rajeev Jain,"Though, numbers plus minus happens all the time.",0,Cost & Sales Performance
BAJAJFIN,NBFC,Q1FY25,Analyst,Chintan,"Sir, can I come back on the NII?",-1,General Discussion
BAJAJFIN,NBFC,Q1FY25,Management,Sandeep Jain,I think the liquidity buffers were deployed more in,0,Cost & Sales Performance
BAJAJFIN,NBFC,Q1FY25,Analyst,Chintan,And how long will you hold this position?,-1,General Discussion
BAJAJFIN,NBFC,Q1FY25,Analyst,Chintan,"This is a duration of six months’ timeline,",-1,General Discussion
BAJAJFIN,NBFC,Q1FY25,Management,Sandeep Jain,"I think that was specific for quarter, because as the rates were coming down, the",-1,General Discussion
BAJAJFIN,NBFC,Q1FY25,Analyst,Chintan,"So, Sandeep, why should this go back up?",0,Cost & Sales Performance
BAJAJFIN,NBFC,Q1FY25,Management,Sandeep Jain,"It'll go into the interest income line, right?",-1,General Discussion
BAJAJFIN,NBFC,Q1FY25,Analyst,Chintan,"You gave some numbers, 2.5 went to 11 and",-1,General Discussion
BAJAJFIN,NBFC,Q1FY25,Analyst,Chintan,And can you -- do you have a view on why this has,1,Analyst Q&A
BAJAJFIN,NBFC,Q1FY25,Management,Rajeev Jain,"Look, business loans we've done for 18 years.",0,Cost & Sales Performance
BAJAJFIN,NBFC,Q1FY25,Management,Rajeev Jain,We have seen other than one lender in,0,Cost & Sales Performance
BAJAJFIN,NBFC,Q1FY25,Management,Rajeev Jain,It didn't come slowly; it came a little too suddenly is the only point I would make.,-1,General Discussion
BAJAJFIN,NBFC,Q1FY25,Analyst,"We are also a little surprised by it.
Chintan",So I suppose that's why banks aren't talking about it.,0,Cost & Sales Performance
BAJAJFIN,NBFC,Q1FY25,Analyst,Chintan,That you talked about on the macro is very broad based.,0,Cost & Sales Performance
BAJAJFIN,NBFC,Q1FY25,Analyst,Chintan,We can see it in a lot of economic indicators.,0,Cost & Sales Performance
BAJAJFIN,NBFC,Q1FY25,Analyst,Chintan,And it is quite -- it's already slowed,-1,General Discussion
BAJAJFIN,NBFC,Q1FY25,Analyst,Chintan,"I'm just wondering incrementally, how does this evolve over the next six months,",-1,General Discussion
BAJAJFIN,NBFC,Q1FY25,Management,Rajeev Jain,"I think, as I said, Chintan, earlier, we are just focusing on early MOB.",-1,General Discussion
BAJAJFIN,NBFC,Q1FY25,Management,Rajeev Jain,"AUM may grow 15% odd, as Sidhant is saying, but in terms of disbursement growth,",0,Cost & Sales Performance
BAJAJFIN,NBFC,Q1FY25,Analyst,Chintan,"And the final one, perhaps, for Sandeep, could you just give us some sense of",0,Cost & Sales Performance
BAJAJFIN,NBFC,Q1FY25,Management,Sandeep Jain,"So the liability side, very clearly, NCD has seen almost 90-basis-point of",-1,General Discussion
BAJAJFIN,NBFC,Q1FY25,Management,Sandeep Jain,We have 85% of the bank moneys on external benchmark rate.,-1,General Discussion
BAJAJFIN,NBFC,Q1FY25,Analyst,Chintan,So the NIM improvement is now driven by the better liability transmission as,0,Cost & Sales Performance
BAJAJFIN,NBFC,Q1FY25,Management,Sandeep Jain,We were paying probably 70 - 80 basis points higher than the,-1,General Discussion
BAJAJFIN,NBFC,Q1FY25,Analyst,Abhijit Tibrewal,I stepped away from my desk for a couple of minutes.,-1,General Discussion
BAJAJFIN,NBFC,Q1FY25,Analyst,Abhijit Tibrewal,So let me know if any of my,0,Cost & Sales Performance
BAJAJFIN,NBFC,Q1FY25,Management,Rajeev Jain,I was seeing you guys at decimal; we move a percentage like.,0,Cost & Sales Performance
BAJAJFIN,NBFC,Q1FY25,Analyst,Abhijit Tibrewal,"Look, sir, the reason -- the only reason why I was asking is -- in the past, we",1,Analyst Q&A
BAJAJFIN,NBFC,Q1FY25,Management,Rajeev Jain,"I mean gold loan is adding net INR 2,000",0,Cost & Sales Performance
BAJAJFIN,NBFC,Q1FY25,Analyst,Abhijit Tibrewal,"Sir, the second question I had was about this working capital loans, fresh",0,Cost & Sales Performance
BAJAJFIN,NBFC,Q1FY25,Management,Rajeev Jain,"The only difference I would make, this is a customer between INR 7 crores to",0,Cost & Sales Performance
BAJAJFIN,NBFC,Q1FY25,Analyst,Abhijit Tibrewal,"And then just a related question because you spoke about leverage, even",-1,General Discussion
BAJAJFIN,NBFC,Q1FY25,Management,Rajeev Jain,"As I said, it's come a little too suddenly Abhijit.",-1,General Discussion
BAJAJFIN,NBFC,Q1FY25,Management,Rajeev Jain,"-- wait for 1 more quarter, we'll have",1,Analyst Q&A
BAJAJFIN,NBFC,Q1FY25,Analyst,Management,"So we just add to what Rajeev has been saying, and I know that we've discussed",3,Management Commentary
BAJAJFIN,NBFC,Q1FY25,Analyst,Ajit Kumar,"Thank you, Rajeev sir, Sandeep and Bajaj Finance team.",-1,General Discussion
BAJAJFIN,NBFC,Q1FY25,Management,Rajeev Jain,Good night is the only closing comment – it’s been a long day.,2,Business Opportunities
BAJAJFIN,NBFC,Q2FY25,Management,Rajeev Jain,"Good evening all of you, the investor deck for Q2 FY '26 has already been uploaded on our",2,Business Opportunities
BAJAJFIN,NBFC,Q2FY25,Management,Rajeev Jain,"18 to 20 basis points as Sandeep is correcting me, which is really how it is for the last 2-3 years,",-1,General Discussion
BAJAJFIN,NBFC,Q2FY25,Management,Rajeev Jain,It's Navratri to Bhai Dooj or 35-day peak kick-off of the festival and end of the,3,Management Commentary
BAJAJFIN,NBFC,Q2FY25,Analyst,Kunal Shah,"Rajeev, so firstly, with respect to growth, you indicated mortgages and SME growing slightly",0,Cost & Sales Performance
BAJAJFIN,NBFC,Q2FY25,Management,Rajeev Jain,"Both these contribute to 31% and 14%, 45% of the balance sheet, right?",-1,General Discussion
BAJAJFIN,NBFC,Q2FY25,Analyst,Kunal Shah,"And in fact, now rural B2C would also start given that now it's starting into green, so that",-1,General Discussion
BAJAJFIN,NBFC,Q2FY25,Analyst,Kunal Shah,"And secondly, with respect to asset quality, so stage 3, it's moving up.",-1,General Discussion
BAJAJFIN,NBFC,Q2FY25,Management,Sandeep Jain,"So I think if you look at even last year quarter 2, you would see that the GNPA sequentially",1,Analyst Q&A
BAJAJFIN,NBFC,Q2FY25,Management,Rajeev Jain,"And correspondingly, just to -- correspondingly, there is a benefit that appears because of fewer",-1,General Discussion
BAJAJFIN,NBFC,Q2FY25,Management,Sandeep Jain,"Having said so, the number has gone up between, say, last year same time to now.",0,Cost & Sales Performance
BAJAJFIN,NBFC,Q2FY25,Management,Rajeev Jain,"So sequentially is purely number of days, Kunal?",3,Management Commentary
BAJAJFIN,NBFC,Q2FY25,Management,Sandeep Jain,And the last point on that is -- to the point that you're making on stage 2 to stage 3.,1,Analyst Q&A
BAJAJFIN,NBFC,Q2FY25,Analyst,Jay,"Sir, my first question would be on the MFI lending.",0,Cost & Sales Performance
BAJAJFIN,NBFC,Q2FY25,Analyst,Jay,"Sir, we see there is a 217% growth year-on-",0,Cost & Sales Performance
BAJAJFIN,NBFC,Q2FY25,Management,Rajeev Jain,"So we continue to tread carefully, knowing fully well as to what's happening in",1,Analyst Q&A
BAJAJFIN,NBFC,Q2FY25,Analyst,Jay,"And sir, do we have a partnership with the OEMs?",0,Cost & Sales Performance
BAJAJFIN,NBFC,Q2FY25,Management,Rajeev Jain,"Like in a typical B2B business, this is a B2B business.",0,Cost & Sales Performance
BAJAJFIN,NBFC,Q2FY25,Management,Rajeev Jain,We work closely -- they are mostly very,0,Cost & Sales Performance
BAJAJFIN,NBFC,Q2FY25,Management,Rajeev Jain,We are in 400 towns in India at this point in time.,0,Cost & Sales Performance
BAJAJFIN,NBFC,Q2FY25,Management,Rajeev Jain,"So which is building out, it's too small as yet, but promising.",0,Cost & Sales Performance
BAJAJFIN,NBFC,Q2FY25,Management,Rajeev Jain,"As we had outlined, we are seeing in last -- first quarter, we talked about it that we are seeing",1,Analyst Q&A
BAJAJFIN,NBFC,Q2FY25,Analyst,Sucrit Patil,The first is it's a forward looking question.,1,Analyst Q&A
BAJAJFIN,NBFC,Q2FY25,Management,Rajeev Jain,"I mean we could spend 1 hour on this question, quite honestly.",-1,General Discussion
BAJAJFIN,NBFC,Q2FY25,Analyst,Sucrit Patil,"My final question, again, a forward-looking one, is about margins and cost planning.",0,Cost & Sales Performance
BAJAJFIN,NBFC,Q2FY25,Management,Rajeev Jain,"So at a fundamental level, process automation, technology leadership -- technology",-1,General Discussion
BAJAJFIN,NBFC,Q2FY25,Analyst,Abhijit Tibrewal,First is in addition to what we have already shared on the MSME,-1,General Discussion
BAJAJFIN,NBFC,Q2FY25,Management,Sandeep Jain,"Yes, the other point that I want to make, I think it's in the interest of all the participants on the",-1,General Discussion
BAJAJFIN,NBFC,Q2FY25,Management,Rajeev Jain,And actions have been outlined to all the investors.,0,Cost & Sales Performance
BAJAJFIN,NBFC,Q2FY25,Management,Rajeev Jain,"And as Sandeep said, it's not changing the",-1,General Discussion
BAJAJFIN,NBFC,Q2FY25,Analyst,Abhijit Tibrewal,"And then the only other question I had was, I mean, maybe 15 days that the festive season",0,Cost & Sales Performance
BAJAJFIN,NBFC,Q2FY25,Management,Rajeev Jain,I think we're surprised by the -- given that the festive,0,Cost & Sales Performance
BAJAJFIN,NBFC,Q2FY25,Analyst,Abhijit Tibrewal,"And sir, would you also agree that, I mean, this momentum has sustained across most of",-1,General Discussion
BAJAJFIN,NBFC,Q2FY25,Management,Rajeev Jain,"Abhijit, just to be fair, I would just add, we are very dominant in electronics, so we can -- what",1,Analyst Q&A
BAJAJFIN,NBFC,Q2FY25,Analyst,Piran Engineer,"So just wanted to get some sense on how things stand in rural unsecured, rural",-1,General Discussion
BAJAJFIN,NBFC,Q2FY25,Management,Rajeev Jain,"The answer is -- and principally, that was -- Piran, it's a fair question.",1,Analyst Q&A
BAJAJFIN,NBFC,Q2FY25,Management,Rajeev Jain,"Les than 1%, is what somebody with 2PL would be.",0,Cost & Sales Performance
BAJAJFIN,NBFC,Q2FY25,Management,Rajeev Jain,"In urban, it would be 4% -- 3% or 4%?",0,Cost & Sales Performance
BAJAJFIN,NBFC,Q2FY25,Management,Rajeev Jain,"This number used to be 13% and a year ago, 13% and 3%.",0,Cost & Sales Performance
BAJAJFIN,NBFC,Q2FY25,Analyst,Piran Engineer,And this is on incremental or it is on your book?,0,Cost & Sales Performance
BAJAJFIN,NBFC,Q2FY25,Management,Rajeev Jain,"Since February, whatever you're originating is on these numbers.",0,Cost & Sales Performance
BAJAJFIN,NBFC,Q2FY25,Management,Sandeep Jain,"And talking about rural B2C, after a long time, we have now revised the management assessment",-1,General Discussion
BAJAJFIN,NBFC,Q2FY25,Analyst,Piran Engineer,"And just secondly, you had mentioned captive 2-wheelers, which is 1.5% of the",0,Cost & Sales Performance
BAJAJFIN,NBFC,Q2FY25,Analyst,Piran Engineer,And what would -- so the non-captive would be how much?,-1,General Discussion
BAJAJFIN,NBFC,Q2FY25,Analyst,Piran Engineer,Just want to get a sense of what's,1,Analyst Q&A
BAJAJFIN,NBFC,Q2FY25,Management,Rajeev Jain,"That if you see the number at -- if you go to -- we have separated it in the portfolio quality, that",0,Cost & Sales Performance
BAJAJFIN,NBFC,Q2FY25,Management,Sandeep Jain,"And Piran, to the question that you're asking on open market 2-wheeler financing, while the",0,Cost & Sales Performance
BAJAJFIN,NBFC,Q2FY25,Analyst,Ashish Sharma,So have we given the guidance for FY'27?,-1,General Discussion
BAJAJFIN,NBFC,Q2FY25,Management,Sandeep Jain,"So we are not giving an absolute guidance at this point in time, Ashish.",-1,General Discussion
BAJAJFIN,NBFC,Q2FY25,Management,Rajeev Jain,"The gold loan business, the new car financing business are much lower risk business.",0,Cost & Sales Performance
BAJAJFIN,NBFC,Q2FY25,Management,Sandeep Jain,"And my hunch would be that while the range currently is 185 to 195 for the current year, and",-1,General Discussion
BAJAJFIN,NBFC,Q2FY25,Analyst,Ashish Sharma,"Just reconfirming one thing in terms of the MSME guidance of 10-12%, do you think given the",-1,General Discussion
BAJAJFIN,NBFC,Q2FY25,Analyst,Ashish Sharma,"Thank you, sir, and all the best for the next quarter.",2,Business Opportunities
BAJAJFIN,NBFC,Q2FY25,Management,Sandeep Jain,"The last point probably, Ashish, on that, as an organization, we have never shied away from",-1,General Discussion
BAJAJFIN,NBFC,Q2FY25,Management,Sandeep Jain,But I think the best assumption that we have at this point in time,-1,General Discussion
BAJAJFIN,NBFC,Q2FY25,Analyst,"Idea would be that work with improving the overall cost of fund environment as far as Bajaj
Finance is concerned and use that opportunity to pass on the benefit to the customers and
maintain the NIM at current level.
Viral","And just as a clarification, Sandeep, in this guidance on cost of fund, you have taken only 100",0,Cost & Sales Performance
BAJAJFIN,NBFC,Q2FY25,Management,Sandeep Jain,We are not privy to any further rate cut that is being discussed or has been announced,-1,General Discussion
BAJAJFIN,NBFC,Q2FY25,Management,Rajeev Jain,"Benefit will flow in next year, not in the current year.",-1,General Discussion
BAJAJFIN,NBFC,Q2FY25,Analyst,Viral,"But there will be a benefit then, right?",-1,General Discussion
BAJAJFIN,NBFC,Q2FY25,Analyst,Viral,"On the gold loan piece, more so from, say, a",0,Cost & Sales Performance
BAJAJFIN,NBFC,Q2FY25,Management,Rajeev Jain,"Let him -- sorry, go ahead, go ahead.",-1,General Discussion
BAJAJFIN,NBFC,Q2FY25,Analyst,Viral,"So just on the second scenario, you mentioned that, say, assuming the gold prices don't go",0,Cost & Sales Performance
BAJAJFIN,NBFC,Q2FY25,Management,Rajeev Jain,"I should have covered that at a fundamental level, see, one of the key modes that we've developed",-1,General Discussion
BAJAJFIN,NBFC,Q2FY25,Analyst,"Singh from Emkay Global.
Avinash Singh","Quickly, if you can help, I mean, the softness in other operating income, is it -- I mean, lower",-1,General Discussion
BAJAJFIN,NBFC,Q2FY25,Management,Sandeep Jain,"The other operating income, as you rightly called out, is on account",-1,General Discussion
BAJAJFIN,NBFC,Q2FY25,Management,Rajeev Jain,"No, but we had also guided that in the current year...",-1,General Discussion
BAJAJFIN,NBFC,Q2FY25,Management,Sandeep Jain,That's overall fee and other income put together.,-1,General Discussion
BAJAJFIN,NBFC,Q2FY25,Management,Sandeep Jain,We are guided for the full year that between,-1,General Discussion
BAJAJFIN,NBFC,Q2FY25,Management,Rajeev Jain,The second question was going down the curve; we keep reiterating that is risk first.,-1,General Discussion
BAJAJFIN,NBFC,Q2FY25,Analyst,"Wealth.
Marukh Adajaniya",You transparently laid out all the SME-related issues.,-1,General Discussion
BAJAJFIN,NBFC,Q2FY25,Analyst,"Wealth.
Marukh Adajaniya",And I guess you were the first to flag it,-1,General Discussion
BAJAJFIN,NBFC,Q2FY25,Management,Rajeev Jain,I'm a bigger believer in micro than macro.,0,Cost & Sales Performance
BAJAJFIN,NBFC,Q2FY25,Analyst,Anuj Singla,Thank you Bajaj Finance team for the opportunity.,-1,General Discussion
BAJAJFIN,NBFC,Q3FY25,Management,Rajeev Jain,"Thank you, Morgan Stanley, for hosting this call.",2,Business Opportunities
BAJAJFIN,NBFC,Q3FY25,Management,Rajeev Jain,"I have with me in the room, Sandeep Jain,",3,Management Commentary
BAJAJFIN,NBFC,Q3FY25,Analyst,Viral Shah,"Hi, thank you for the opportunity for letting me ask the question.",2,Business Opportunities
BAJAJFIN,NBFC,Q3FY25,Analyst,Viral Shah,"So, Rajeev first with regards to the ECL",3,Management Commentary
BAJAJFIN,NBFC,Q3FY25,Management,Rajeev Jain,The first one requires a little longer explanation.,1,Analyst Q&A
BAJAJFIN,NBFC,Q3FY25,Management,Sandeep Jain,"So, I think as Rajeev called out, these are the actions that we have taken on a voluntary basis.",3,Management Commentary
BAJAJFIN,NBFC,Q3FY25,Management,Rajeev Jain,"We could have taken a view to do an overlay, given the environment, global environment, not local environment,",-1,General Discussion
BAJAJFIN,NBFC,Q3FY25,Management,Sandeep Jain,"And as the Board and committee approved the change, I think they were also very clear in communication that",-1,General Discussion
BAJAJFIN,NBFC,Q3FY25,Analyst,Viral Shah,"So, I understand that this is a decision by the Board to do this.",-1,General Discussion
BAJAJFIN,NBFC,Q3FY25,Management,Rajeev Jain,"I want to correct you, this is by management, point number one.",0,Cost & Sales Performance
BAJAJFIN,NBFC,Q3FY25,Management,Rajeev Jain,"Two, fully supported and ratified by the Board.",-1,General Discussion
BAJAJFIN,NBFC,Q3FY25,Management,Sandeep Jain,"So, Abhijit as you would recollect, the recent times have been extremely volatile, not only in terms of just the",-1,General Discussion
BAJAJFIN,NBFC,Q3FY25,Management,Rajeev Jain,I'll just make added point from -- so that the question is in addition to why now to the direction of travel on credit,-1,General Discussion
BAJAJFIN,NBFC,Q3FY25,Management,Sandeep Jain,"I think on a lighter note, Rajeev, there could not be a better occasion to communicate and give the message to",3,Management Commentary
BAJAJFIN,NBFC,Q3FY25,Analyst,Abhijit Tibrewal,"I mean, this quarter, maybe it was just a coincidence that, I mean, we sold a",1,Analyst Q&A
BAJAJFIN,NBFC,Q3FY25,Management,Sandeep Jain,We were expecting that this question will be raised regarding the timing of the provisioning.,-1,General Discussion
BAJAJFIN,NBFC,Q3FY25,Analyst,Abhijit Tibrewal,I just wanted to squeeze in one last question on business.,1,Analyst Q&A
BAJAJFIN,NBFC,Q3FY25,Analyst,Abhijit Tibrewal,"On the MSME side, I mean, you've explained for the",-1,General Discussion
BAJAJFIN,NBFC,Q3FY25,Management,Rajeev Jain,And we are mostly -- as I was making a point that over,1,Analyst Q&A
BAJAJFIN,NBFC,Q3FY25,Management,Sandeep Jain,"Yes, if I may just add on the MSME point, I think we had called out this last quarter as well that looking at the",1,Analyst Q&A
BAJAJFIN,NBFC,Q3FY25,Analyst,Piran Engineer,Congrats and thanks for the extra slides on FINAI.,2,Business Opportunities
BAJAJFIN,NBFC,Q3FY25,Analyst,Piran Engineer,"Before my question, just to confirm, when you say the stake",-1,General Discussion
BAJAJFIN,NBFC,Q3FY25,Management,Sandeep Jain,It goes and directly sits in the reserves.,0,Cost & Sales Performance
BAJAJFIN,NBFC,Q3FY25,Management,Sandeep Jain,It doesn't come in the P&L at all.,-1,General Discussion
BAJAJFIN,NBFC,Q3FY25,Analyst,Piran Engineer,"And the full INR 1,400 crores or is there a tax impact?",0,Cost & Sales Performance
BAJAJFIN,NBFC,Q3FY25,Management,Sandeep Jain,The entire amount net of tax goes and sits in the reserve line.,0,Cost & Sales Performance
BAJAJFIN,NBFC,Q3FY25,Analyst,Piran Engineer,"But anyway, I don't want to argue on that.",-1,General Discussion
BAJAJFIN,NBFC,Q3FY25,Management,Sandeep Jain,"I think as regards write-off policy is concerned, Piran, we are -- which is reasonably prudent.",-1,General Discussion
BAJAJFIN,NBFC,Q3FY25,Analyst,Piran Engineer,"And just secondly, your fee income growth of 30% Y-o-Y is pretty strong compared to what we've seen in",-1,General Discussion
BAJAJFIN,NBFC,Q3FY25,Management,Rajeev Jain,"Piran, this should gravitate closer to -- from the next fiscal gravitate closer to between 18% and 20%.",-1,General Discussion
BAJAJFIN,NBFC,Q3FY25,Management,Sandeep Jain,"There were one-timers in the last year, we had some INR 80 crores of gain sitting in the other operating income",0,Cost & Sales Performance
BAJAJFIN,NBFC,Q3FY25,Analyst,Piran Engineer,"No, Sandeep, I'm referring only to the fee and commission line item, the INR 1,960 crore line item.",0,Cost & Sales Performance
BAJAJFIN,NBFC,Q3FY25,Management,Sandeep Jain,"And as Rajeev alluded to, as we get into FY '27",3,Management Commentary
BAJAJFIN,NBFC,Q3FY25,Analyst,Abhishek Murarka,"One, just on cost of funds, can you talk",-1,General Discussion
BAJAJFIN,NBFC,Q3FY25,Management,Rajeev Jain,"If you actually go to the first nine months of growth in AUM, okay, I mean, MFI is",0,Cost & Sales Performance
BAJAJFIN,NBFC,Q3FY25,Analyst,Abhishek Murarka,"If you're targeting a profitability metric, it's more ROE than ROA.",3,Management Commentary
BAJAJFIN,NBFC,Q3FY25,Management,Rajeev Jain,I mean we give same amount of leverage to each business other than the mortgage,0,Cost & Sales Performance
BAJAJFIN,NBFC,Q3FY25,Analyst,Shreya Shivani,My first question is on the urban B2C or rural B2C these,-1,General Discussion
BAJAJFIN,NBFC,Q3FY25,Management,Rajeev Jain,"No, just I think just related to businesses, and I want to refer back to even Abhishek's point, I want you guys when",-1,General Discussion
BAJAJFIN,NBFC,Q3FY25,Analyst,Shreya Shivani,"So, you're saying that pre-COVID till now -- from 2019 till now, our market share probably",-1,General Discussion
BAJAJFIN,NBFC,Q3FY25,Management,Rajeev Jain,Between 7% and 10% is what it gravitated around.,0,Cost & Sales Performance
BAJAJFIN,NBFC,Q3FY25,Management,Rajeev Jain,"Mind you, Shivani, if I may make a",3,Management Commentary
BAJAJFIN,NBFC,Q3FY25,Analyst,Shreya Shivani,"So, then that probably explains the revision in the LGD floors.",-1,General Discussion
BAJAJFIN,NBFC,Q3FY25,Management,Rajeev Jain,I mean if there is only one red flag that I would have is that the overall consumer leverage,0,Cost & Sales Performance
BAJAJFIN,NBFC,Q3FY25,Management,Sandeep Jain,"Just on the LGD piece, I think as you see Slide #54, where we have provided provisioning coverage ratio by",-1,General Discussion
BAJAJFIN,NBFC,Q3FY25,Analyst,Shreya Shivani,"Sir, just my question on the gold loan.",0,Cost & Sales Performance
BAJAJFIN,NBFC,Q3FY25,Analyst,Shreya Shivani,"What will be the strategy for next year, if you're going to share",-1,General Discussion
BAJAJFIN,NBFC,Q3FY25,Management,Rajeev Jain,I mean I've used the word quite optimistic if you see in my investor deck as well.,-1,General Discussion
BAJAJFIN,NBFC,Q3FY25,Analyst,Chintan Joshi,And perhaps one last one on LRS since we didn't get a chance,3,Management Commentary
BAJAJFIN,NBFC,Q3FY25,Analyst,Chintan Joshi,"The differences like -- as you compare the two LRS, you went through the exercise, what did you think was more",-1,General Discussion
BAJAJFIN,NBFC,Q3FY25,Management,Rajeev Jain,"So, all LRS in general or any management strategy is on a continuum, okay.",3,Management Commentary
BAJAJFIN,NBFC,Q3FY25,Analyst,Chintan Joshi,"There is plenty to unpick there, but we don't have the time.",-1,General Discussion
BAJAJFIN,NBFC,Q3FY25,Management,Rajeev Jain,"I would just say focus on core operating performance remains strong, and we are quite excited",0,Cost & Sales Performance
BAJAJFIN,NBFC,Q4FY25,Management,Rajeev Jain,"Good evening or good morning, depending on the",2,Business Opportunities
BAJAJFIN,NBFC,Q4FY25,Analyst,Abhishek Murarka,"Yes, so there, your number is gross loan provisions of INR 2,126 crores and then",0,Cost & Sales Performance
BAJAJFIN,NBFC,Q4FY25,Analyst,Abhishek Murarka,"And just the annual number, INR 7,934 that works out to 175.",0,Cost & Sales Performance
BAJAJFIN,NBFC,Q4FY25,Analyst,Abhishek Murarka,"So now in this 145 to 160, as you said this takes into account the de-",0,Cost & Sales Performance
BAJAJFIN,NBFC,Q4FY25,Analyst,Abhishek Murarka,"If anything comes up second half or something, then this may go up depending on",1,Analyst Q&A
BAJAJFIN,NBFC,Q4FY25,Management,Rajeev Jain,I would just say the more important point or a meta point in this is we are entering,-1,General Discussion
BAJAJFIN,NBFC,Q4FY25,Management,Sandeep Jain,So I think what Rajeev is trying to say is some level of conservatism in terms of,3,Management Commentary
BAJAJFIN,NBFC,Q4FY25,Management,"We have to wait and see how situation evolves eventually.
Rajeev Jain","No, I'm also making a point that we have tailwinds on credit cost.",0,Cost & Sales Performance
BAJAJFIN,NBFC,Q4FY25,Analyst,Shreya Shivani,My question is on the long-term guidance of,-1,General Discussion
BAJAJFIN,NBFC,Q4FY25,Analyst,Shreya Shivani,"So for FY27 also, as per my math, you will need a NIM expansion also or at least a",-1,General Discussion
BAJAJFIN,NBFC,Q4FY25,Management,Rajeev Jain,"See, the answer is to the second part is, no.",1,Analyst Q&A
BAJAJFIN,NBFC,Q4FY25,Management,Sandeep Jain,"And just to help you with the math on 4.6%, the guidance metric for the next",-1,General Discussion
BAJAJFIN,NBFC,Q4FY25,Analyst,Kunal Shah,"So on the growth guidance, 22% to 24% apart from SME, which is almost",0,Cost & Sales Performance
BAJAJFIN,NBFC,Q4FY25,Management,Sandeep Jain,"So Kunal, the idea would be to maintain the portfolio mix.",3,Management Commentary
BAJAJFIN,NBFC,Q4FY25,Management,Rajeev Jain,"Just the last point I'll make, Kunal, if you plot Panel 63 of composition of our",3,Management Commentary
BAJAJFIN,NBFC,Q4FY25,Analyst,Piran Engineer,Congrats on the really strong set of numbers.,2,Business Opportunities
BAJAJFIN,NBFC,Q4FY25,Management,Rajeev Jain,"So Piran, if you recall, in Q3, I made a point that I'm not necessarily a very big",1,Analyst Q&A
BAJAJFIN,NBFC,Q4FY25,Management,Rajeev Jain,"For new businesses, it's a metric that we drive.",-1,General Discussion
BAJAJFIN,NBFC,Q4FY25,Analyst,Kuntal Shah,One is what kind of capex or investment we are going into AI,-1,General Discussion
BAJAJFIN,NBFC,Q4FY25,Management,Rajeev Jain,"Kuntal, yes, so benefits, as I said, consumers and employees both should",-1,General Discussion
BAJAJFIN,NBFC,Q4FY25,Management,Rajeev Jain,"Otherwise, it will become a new added metric.",-1,General Discussion
BAJAJFIN,NBFC,Q4FY25,Analyst,Anurag Chottani,"Yes Kuntal, Rajeev covered a lot of use cases.",3,Management Commentary
BAJAJFIN,NBFC,Q4FY25,Management,Rajeev Jain,"You will experience, Kuntal, as consumers, on the app very soon, AI summaries will",3,Management Commentary
BAJAJFIN,NBFC,Q4FY25,Analyst,"We are in the process of implementing.
Anurag Chottani","Last year, we processed -- on peak of Diwali on a single",3,Management Commentary
BAJAJFIN,NBFC,Q4FY25,Analyst,Viral Shah,I have 2 questions more connected to each other.,1,Analyst Q&A
BAJAJFIN,NBFC,Q4FY25,Analyst,Viral Shah,So first thing is when I look at,1,Analyst Q&A
BAJAJFIN,NBFC,Q4FY25,Management,Sandeep Jain,So I think your assessment is correct versus 165 to 175 that Rajeev -- that becomes,3,Management Commentary
BAJAJFIN,NBFC,Q4FY25,Analyst,Shubhranshu Mishra,"The first one is, how do we split the opex into cost of",-1,General Discussion
BAJAJFIN,NBFC,Q4FY25,Management,Rajeev Jain,"Shubhranshu, I need AI for all the 3 questions.",6,Operational Updates
BAJAJFIN,NBFC,Q4FY25,Management,Sandeep Jain,"So on the opex side, I think the results sheet carries additional breakups in",-1,General Discussion
BAJAJFIN,NBFC,Q4FY25,Analyst,Omkar,"So in the Investor meet, which you do every year, you have guided that it's not",0,Cost & Sales Performance
BAJAJFIN,NBFC,Q4FY25,Management,Sandeep Jain,I think the long-term guidance that we give at this point in time is between 22%,-1,General Discussion
BAJAJFIN,NBFC,Q4FY25,Management,Rajeev Jain,"I'll just make a point that, look, for INR100,000 crore addition in balance sheet, the",0,Cost & Sales Performance
BAJAJFIN,NBFC,Q4FY25,Analyst,Ajit Kumar,"Thank you, Rajeev, Sandeep and Bajaj Finance team.",-1,General Discussion
HDFC,Banking,Q1FY25,Management,"Vaidyanathan.
Srinivasan Vaidyanathan",Good evening and welcome to all the participants today.,2,Business Opportunities
HDFC,Banking,Q1FY25,Management,Sashidhar Jagdishan,Thank you Srini and thank you all in the call to join us on a Saturday evening.,2,Business Opportunities
HDFC,Banking,Q1FY25,Management,Srinivasan Vaidyanathan,We go straight to Q&A; we can open it up and proceed.,-1,General Discussion
HDFC,Banking,Q1FY25,Management,Sashidhar Jagdishan,So we are seeing some amount of healthy demand from the rural side.,-1,General Discussion
HDFC,Banking,Q1FY25,Analyst,Rikin Shah,"The first one, notice that the CRB loan classification has been",0,Cost & Sales Performance
HDFC,Banking,Q1FY25,Management,Srinivasan Vaidyanathan,"One, on the rejig of the portfolio, you'll see it on Page 11.",0,Cost & Sales Performance
HDFC,Banking,Q1FY25,Analyst,Rikin Shah,But has the business allocation to different heads also been rejigged along with this?,-1,General Discussion
HDFC,Banking,Q1FY25,Management,Bhavin Lakhpatwala,"Rikin, the respective product heads, like for example, the SLI head is continuing to be the same",-1,General Discussion
HDFC,Banking,Q1FY25,Management,Srinivasan Vaidyanathan,"If you do a settlement, one-time settlement, it's now part of the NPA.",-1,General Discussion
HDFC,Banking,Q1FY25,Analyst,Rikin Shah,How does that behave in the next 12 to 24,0,Cost & Sales Performance
HDFC,Banking,Q1FY25,Management,Srinivasan Vaidyanathan,"Credit costs, normally, in the June and December quarters are slightly elevated, because of the agri",-1,General Discussion
HDFC,Banking,Q1FY25,Management,Pranav,The bank hasn't really gained CASA market share or,-1,General Discussion
HDFC,Banking,Q1FY25,Management,Sashidhar Jagdishan,"Pranav, let me answer this and then Srini can sort of complement what I'm trying to tell.",3,Management Commentary
HDFC,Banking,Q1FY25,Management,Sashidhar Jagdishan,I think the segment that they cater to is about a notch or two below,-1,General Discussion
HDFC,Banking,Q1FY25,Management,Srinivasan Vaidyanathan,"One other aspect of what you had asked also, Pranav, if I venture to say, in our customer base,",0,Cost & Sales Performance
HDFC,Banking,Q1FY25,Management,Pranav,Just a quick follow-up on the CASA one.,-1,General Discussion
HDFC,Banking,Q1FY25,Management,Sashidhar Jagdishan,"No, I don't think, Pranav, if I have understood you right, are you saying that the slowdown in",3,Management Commentary
HDFC,Banking,Q1FY25,Management,Sashidhar Jagdishan,"You see, the thing is, corporate contributes to just a very smaller segment or proportion",-1,General Discussion
HDFC,Banking,Q1FY25,Analyst,Kunal Shah,So in annual report also you have indicated that you have,-1,General Discussion
HDFC,Banking,Q1FY25,Management,Sashidhar Jagdishan,"See, on the employee front, while I think Srini and the team will give you greater colour.",3,Management Commentary
HDFC,Banking,Q1FY25,Management,Srinivasan Vaidyanathan,"A lot of the people, we have added in the sales force.",-1,General Discussion
HDFC,Banking,Q1FY25,Management,Srinivasan Vaidyanathan,"That is part of the approach, both asset sales",-1,General Discussion
HDFC,Banking,Q1FY25,Management,Sashidhar Jagdishan,"That is, as I said, that is the thing.",1,Analyst Q&A
HDFC,Banking,Q1FY25,Management,Sashidhar Jagdishan,"I mean, see, the thing is I am not sort of here to say that I",1,Analyst Q&A
HDFC,Banking,Q1FY25,Management,Srinivasan Vaidyanathan,"I think you answered the segment of growth, if any specific segment.",0,Cost & Sales Performance
HDFC,Banking,Q1FY25,Management,Sashidhar Jagdishan,"That I have just mentioned a few questions ago, Kunal.",3,Management Commentary
HDFC,Banking,Q1FY25,Management,Sashidhar Jagdishan,I mentioned about the fact that where we,1,Analyst Q&A
HDFC,Banking,Q1FY25,Management,Srinivasan Vaidyanathan,"Even in this quarter, we did see approximately 1,000 people migration from back office to front",1,Analyst Q&A
HDFC,Banking,Q1FY25,Analyst,Kunal Shah,"And lastly, with respect to margins, so maybe what would be the average duration of",0,Cost & Sales Performance
HDFC,Banking,Q1FY25,Management,Srinivasan Vaidyanathan,"See, we have a significant portion of deposits, which are call it 12 to 18",0,Cost & Sales Performance
HDFC,Banking,Q1FY25,Analyst,Rahul Jain,This first question is on the loan growth.,0,Cost & Sales Performance
HDFC,Banking,Q1FY25,Management,Srinivasan Vaidyanathan,"See, the disbursal growth in mortgages, if you see, is consciously down.",0,Cost & Sales Performance
HDFC,Banking,Q1FY25,Analyst,Rahul Jain,"And so it's fair to assume that by the time we get into the second and third quarter,",1,Analyst Q&A
HDFC,Banking,Q1FY25,Management,Srinivasan Vaidyanathan,"See, fee income this quarter has been subdued due to the third-party distribution fees.",-1,General Discussion
HDFC,Banking,Q1FY25,Analyst,"And again we believe it is timing through the year that this quarter industry-wide we did not see
much of that third-party distribution fees coming through or distribution sales coming through
there by the fees. But the overall outlook for the full year in terms of the distribution remains quite
optimistic and quite strong.
Rahul Jain",So disbursal growth and loan growth in second and third quarter should start getting similar.,0,Cost & Sales Performance
HDFC,Banking,Q1FY25,Management,Srinivasan Vaidyanathan,"No, I don't want to give one particular outlook, but then certainly it depends.",-1,General Discussion
HDFC,Banking,Q1FY25,Analyst,Rahul Jain,Just one last question and more a directional question on cost-to-income except actually,-1,General Discussion
HDFC,Banking,Q1FY25,Management,Srinivasan Vaidyanathan,"Cost-to-income is always a priority, even at the rate of growth that we aspire to do.",0,Cost & Sales Performance
HDFC,Banking,Q1FY25,Analyst,Abhishek Murarka,"Hi, good evening and thanks for taking my question.",2,Business Opportunities
HDFC,Banking,Q1FY25,Analyst,Abhishek Murarka,"Sashi, you said that there's a bit of a breather",-1,General Discussion
HDFC,Banking,Q1FY25,Management,Srinivasan Vaidyanathan,"See, I'm going to take that, Abhishek, from a CD ratio.",-1,General Discussion
HDFC,Banking,Q1FY25,Analyst,Abhishek Murarka,"Yes, Srini, the thought was that actually with now a little bit of leeway, if you target something a",3,Management Commentary
HDFC,Banking,Q1FY25,Management,Sashidhar Jagdishan,"But as I said, it will have a certain amount of",-1,General Discussion
HDFC,Banking,Q1FY25,Analyst,Abhishek Murarka,"And the second question is on this contingent provision of INR1,700",-1,General Discussion
HDFC,Banking,Q1FY25,Management,Srinivasan Vaidyanathan,"Abhishek, we should look at what is contingent provision.",-1,General Discussion
HDFC,Banking,Q1FY25,Analyst,Abhishek Murarka,"And finally, can you give some colour on asset quality and outlook on asset quality in PL,",3,Management Commentary
HDFC,Banking,Q1FY25,Management,Sashidhar Jagdishan,"While Srini may probably give some numbers, if at all he does, but I can tell you that that continues",3,Management Commentary
HDFC,Banking,Q1FY25,Management,"I think this is something that we are proud of.
Srinivasan Vaidyanathan","On the particular number, if you look at the NPA on the retail segment excluding agri, it’s at about",-1,General Discussion
HDFC,Banking,Q1FY25,Analyst,Abhishek Murarka,So essentially you’re saying there’s no real stress and it’s stable.,0,Cost & Sales Performance
HDFC,Banking,Q1FY25,Analyst,Chintan,Can I ask you a couple of detailed questions from your 20F?,2,Business Opportunities
HDFC,Banking,Q1FY25,Analyst,Chintan,"The first one is last quarter, you had",1,Analyst Q&A
HDFC,Banking,Q1FY25,Management,Bhavin Lakhpatwala,"Chintan, that 20F is a consolidation of all the subsidiaries.",0,Cost & Sales Performance
HDFC,Banking,Q1FY25,Management,Bhavin Lakhpatwala,If you look at any numbers there and,0,Cost & Sales Performance
HDFC,Banking,Q1FY25,Management,Bhavin Lakhpatwala,"If you see the borrowings that we do give a breakup, we constantly have something which comes",0,Cost & Sales Performance
HDFC,Banking,Q1FY25,Management,Sashidhar Jagdishan,"Even if there are opportunities, you have to take a fair value",1,Analyst Q&A
HDFC,Banking,Q1FY25,Management,Srinivasan Vaidyanathan,"On the PSL, you touched upon the PSL.",-1,General Discussion
HDFC,Banking,Q1FY25,Management,Srinivasan Vaidyanathan,"Yes, right, PSL is an active management book in terms",-1,General Discussion
HDFC,Banking,Q1FY25,Management,Sashidhar Jagdishan,"Even as we speak, I think, we are reasonably Comfortable at an overall private sector portfolio",0,Cost & Sales Performance
HDFC,Banking,Q1FY25,Management,Srinivasan Vaidyanathan,The the only thing we always look for to get is the small and marginal farmer and the micro,-1,General Discussion
HDFC,Banking,Q1FY25,Analyst,Chintan,"Will 2Q be the trough of NIMS for the bank, given that a",0,Cost & Sales Performance
HDFC,Banking,Q1FY25,Management,Bhavin Lakhpatwala,It will depend on if there is another rate cut coming or not during the year.,-1,General Discussion
HDFC,Banking,Q1FY25,Management,Bhavin Lakhpatwala,"Then you should expect that to happen subject to repricing on the liability side, which should come",0,Cost & Sales Performance
HDFC,Banking,Q1FY25,Management,Srinivasan Vaidyanathan,"The deposit costs are managed deposit costs, and the deposit costs do not reflect yet fully pricing",0,Cost & Sales Performance
HDFC,Banking,Q1FY25,Management,Sashidhar Jagdishan,"Having said that, I sort of mentioned in the past, liabilities are more fixed in nature.",0,Cost & Sales Performance
HDFC,Banking,Q1FY25,Management,Srinivasan Vaidyanathan,"I would urge to look at these things only annually, not quarterly.",-1,General Discussion
HDFC,Banking,Q1FY25,Management,Sashidhar Jagdishan,"Which is what you have been mentioning, even in your last earnings call.",-1,General Discussion
HDFC,Banking,Q1FY25,Analyst,Piran Engineer,"Most of my questions are answered, just a couple of",-1,General Discussion
HDFC,Banking,Q1FY25,Management,Srinivasan Vaidyanathan,"Look, again, it's a question of the overall credit cost in the industry or at the bank remains pretty",-1,General Discussion
HDFC,Banking,Q1FY25,Analyst,Piran Engineer,"But there's nothing on the horizon, at least in the foreseeable future that we see?",1,Analyst Q&A
HDFC,Banking,Q1FY25,Analyst,Piran Engineer,"And just secondly, in terms of fixed rate lending products, like car loans,",0,Cost & Sales Performance
HDFC,Banking,Q1FY25,Management,Bhavin Lakhpatwala,Because there's a large segment there and different players,-1,General Discussion
HDFC,Banking,Q1FY25,Analyst,Piran Engineer,Thank you and wish you all the best.,2,Business Opportunities
HDFC,Banking,Q1FY25,Management,Srinivasan Vaidyanathan,"If you have any more questions, queries, comments",-1,General Discussion
HDFC,Banking,Q2FY25,Management,Srinivasan Vaidyanathan,"Good evening, and welcome to all the participants on a very busy day.",2,Business Opportunities
HDFC,Banking,Q2FY25,Management,Sashidhar Jagdishan,"First, let me wish all of you Shubha Dhanteras and Shubha Deepavali.",3,Management Commentary
HDFC,Banking,Q2FY25,Analyst,"Mahrukh Adajania from Nuvama Wealth. Please go ahead.
Mahrukh Adajania","My first question is on the recoveries in the NPL movement, they look",-1,General Discussion
HDFC,Banking,Q2FY25,Management,Srinivasan Vaidyanathan,"The recoveries, I have a one-off there, where there was an NPA, which performed satisfactorily",-1,General Discussion
HDFC,Banking,Q2FY25,Management,Srinivasan Vaidyanathan,"1.4% was the prior quarter NPA, we ended up at 1.24%, about 10 basis points was",-1,General Discussion
HDFC,Banking,Q2FY25,Analyst,Mahrukh Adajania,"And then in terms of margins, you had been guiding that the exit",0,Cost & Sales Performance
HDFC,Banking,Q2FY25,Management,Srinivasan Vaidyanathan,"If you look at the yield on assets,",-1,General Discussion
HDFC,Banking,Q2FY25,Analyst,Mahrukh Adajania,And how do you view the deposit growth?,0,Cost & Sales Performance
HDFC,Banking,Q2FY25,Management,Srinivasan Vaidyanathan,"See, our LDR, we started the year at about 96 and",3,Management Commentary
HDFC,Banking,Q2FY25,Management,Sashidhar Jagdishan,It is obvious you are seeing this kind of a buildup of the capital ratios in the,-1,General Discussion
HDFC,Banking,Q2FY25,Analyst,Chintan,I mean the only thing I would say to that is I don’t think you are in a place where you consume,1,Analyst Q&A
HDFC,Banking,Q2FY25,Management,Srinivasan Vaidyanathan,"Even in this quarter if you look at it, our capital generated is 60 basis points and the",-1,General Discussion
HDFC,Banking,Q2FY25,Management,Sashidhar Jagdishan,"Having said that, if there are any opportunities that may arise in terms of other options that are",1,Analyst Q&A
HDFC,Banking,Q2FY25,Analyst,Chintan,"LDR seems to have benefited this quarter, but when",3,Management Commentary
HDFC,Banking,Q2FY25,Management,Srinivasan Vaidyanathan,Our cost of funds moved down by about 18 - 19 basis points or so in this quarter.,-1,General Discussion
HDFC,Banking,Q2FY25,Management,Sashidhar Jagdishan,"Because we need stability in our balance sheet,",-1,General Discussion
HDFC,Banking,Q2FY25,Analyst,Chintan,"Borrowings from erstwhile limited, how much is left on your books",0,Cost & Sales Performance
HDFC,Banking,Q2FY25,Management,Srinivasan Vaidyanathan,"Yes, annual report reflects the maturity profile of this over the next few years.",-1,General Discussion
HDFC,Banking,Q2FY25,Analyst,Kunal Shah,"So, the first question is particularly with respect to deposit market share.",0,Cost & Sales Performance
HDFC,Banking,Q2FY25,Management,Srinivasan Vaidyanathan,"On the deposits, the market share is an outcome, and our approach is as granular as possible and as",0,Cost & Sales Performance
HDFC,Banking,Q2FY25,Management,Sashidhar Jagdishan,"Kunal, when I did my opening remarks, I did mention that there was an element of disciplined pricing",3,Management Commentary
HDFC,Banking,Q2FY25,Analyst,Kunal Shah,"And this increase in contingency provisions, so you indicated that on the recoveries, there was",-1,General Discussion
HDFC,Banking,Q2FY25,Management,Srinivasan Vaidyanathan,"Yes, that is exactly, there is an opportunity space.",1,Analyst Q&A
HDFC,Banking,Q2FY25,Management,Srinivasan Vaidyanathan,"Contingent provision as the name suggests, it is",-1,General Discussion
HDFC,Banking,Q2FY25,Analyst,Kunal Shah,"And lastly, on fee income side, the sequential uptick is more volume related or is there any",0,Cost & Sales Performance
HDFC,Banking,Q2FY25,Management,Srinivasan Vaidyanathan,"The fee element, if you look at it, the fee has grown by about 9% or thereabouts.",-1,General Discussion
HDFC,Banking,Q2FY25,Analyst,Kunal Shah,Some element of wholesale would be there because that proportion is going.,0,Cost & Sales Performance
HDFC,Banking,Q2FY25,Management,Sashidhar Jagdishan,"Kunal, the fact of the matter is you started to see the asset buildup happening, the",3,Management Commentary
HDFC,Banking,Q2FY25,Analyst,Kunal Shah,Thank you and wish you all a very best happy diwali.,3,Management Commentary
HDFC,Banking,Q2FY25,Analyst,Anand Swaminathan,"One, we have just crossed the two-year mark post-merger as well.",-1,General Discussion
HDFC,Banking,Q2FY25,Management,Sashidhar Jagdishan,"So, let me try and attempt this and maybe later on, Kaizad or Srini can just jump in.",3,Management Commentary
HDFC,Banking,Q2FY25,Analyst,Kaizad Bharucha,"Without going through all the pointers that Sashi mentioned, I think one of the",-1,General Discussion
HDFC,Banking,Q2FY25,Management,Srinivasan Vaidyanathan,"I will add to Kaizad, so that this number we can keep talking and tracking - credit cards for when a",0,Cost & Sales Performance
HDFC,Banking,Q2FY25,Management,Sashidhar Jagdishan,And the end result in terms of the balance buildup in such accounts are far higher than the normal,-1,General Discussion
HDFC,Banking,Q2FY25,Analyst,Anand Swaminathan,Our intention always was to go back to the upper end of that,-1,General Discussion
HDFC,Banking,Q2FY25,Management,Srinivasan Vaidyanathan,"Anand, those opportunity space on the ROA, yes, we are between 1.8% to 1.85% to 1.95%.",-1,General Discussion
HDFC,Banking,Q2FY25,Analyst,Rikin Shah,Good evening and thank you for the opportunity.,2,Business Opportunities
HDFC,Banking,Q2FY25,Analyst,Rikin Shah,"So, I was asking on the cost of fund trajectory in this quarter for us relative to the peers.",0,Cost & Sales Performance
HDFC,Banking,Q2FY25,Management,Srinivasan Vaidyanathan,"Rikin, the first thing is in terms of the cost of funds, every balance sheet has got a structure, a",0,Cost & Sales Performance
HDFC,Banking,Q2FY25,Analyst,Rikin Shah,Thank you so much and happy diwali to the entire team.,3,Management Commentary
HDFC,Banking,Q2FY25,Analyst,Abhishek Murarka,"So, I have a couple of questions on some of the individual loan segments.",0,Cost & Sales Performance
HDFC,Banking,Q2FY25,Analyst,Kaizad Bharucha,"So, your first question is being on the unsecured book.",-1,General Discussion
HDFC,Banking,Q2FY25,Analyst,Abhishek Murarka,I just had a very quick follow-up here.,-1,General Discussion
HDFC,Banking,Q2FY25,Analyst,Kaizad Bharucha,"It is coming back to some levels of sanity, but I would think it is yet a little distance away, because",-1,General Discussion
HDFC,Banking,Q2FY25,Analyst,Abhishek Murarka,"Is the yield here higher than your retail blended yield or at par, just the retail portfolio?",-1,General Discussion
HDFC,Banking,Q2FY25,Management,Srinivasan Vaidyanathan,"Abhishek, so going into one particular product rate, all I will tell you is that this is incremental to the",0,Cost & Sales Performance
HDFC,Banking,Q2FY25,Analyst,Abhishek Murarka,Thank you so much and happy diwali to the team.,3,Management Commentary
HDFC,Banking,Q2FY25,Analyst,Jayant,The cards book has not grown as much in this quarter.,-1,General Discussion
HDFC,Banking,Q2FY25,Management,Srinivasan Vaidyanathan,"First on the card overall, first is that the card growth I alluded to, I think it is 1-1.5 million new card",-1,General Discussion
HDFC,Banking,Q2FY25,Management,Sashidhar Jagdishan,"See, very similar to what Kaizad and Srini have mentioned, I just wanted to add that there will be",3,Management Commentary
HDFC,Banking,Q2FY25,Analyst,Jayant,And second question was the mix of the new acquisitions.,-1,General Discussion
HDFC,Banking,Q2FY25,Management,Srinivasan Vaidyanathan,"Normally, it has been between 65% to 75% or so is existing, and that has been the level at which we",0,Cost & Sales Performance
HDFC,Banking,Q2FY25,Management,Ravi Purohit,Thanks for the opportunity and happy Diwali to the entire team of HDFC Bank.,3,Management Commentary
HDFC,Banking,Q2FY25,Management,Srinivasan Vaidyanathan,"Yes, I did mention to Mahrukh and to another person that the 10 basis points",3,Management Commentary
HDFC,Banking,Q2FY25,Analyst,Kaizad Bharucha,"As regards to the SME part of it, I think we have seen at a ground level a fair amount of positivity",-1,General Discussion
HDFC,Banking,Q2FY25,Management,Ravi Purohit,"And sir, in the RBI policy recently, they had mentioned about Indian banks being allowed to",0,Cost & Sales Performance
HDFC,Banking,Q2FY25,Analyst,Kaizad Bharucha,"So, I think this certainly opens an avenue for large banks to participate, in fact, for most banks",0,Cost & Sales Performance
HDFC,Banking,Q2FY25,Management,Ravi Purohit,Thanks a lot and once again seasons greetings to everyone.,2,Business Opportunities
HDFC,Banking,Q2FY25,Management,"Mr. Vaidyanathan for closing comments.
Srinivasan Vaidyanathan",I want to take this opportune time to wish all of you a very happy festival time with your,3,Management Commentary
HDFC,Banking,Q3FY25,Management,Srinivasan Vaidyanathan,"Good evening, and a warm welcome to all the participants.",2,Business Opportunities
HDFC,Banking,Q3FY25,Management,Sashidhar Jagdishan,Thank you very much for joining in on a Saturday evening.,2,Business Opportunities
HDFC,Banking,Q3FY25,Analyst,Mahrukh Adajania,"Sir, my first question is on the LDR.",3,Management Commentary
HDFC,Banking,Q3FY25,Analyst,Mahrukh Adajania,But when do you think now you would,-1,General Discussion
HDFC,Banking,Q3FY25,Management,Srinivasan Vaidyanathan,The first thing you touched upon is the LDR from a,3,Management Commentary
HDFC,Banking,Q3FY25,Analyst,Mahrukh Adajania,But did the 5 billion come this quarter only then?,-1,General Discussion
HDFC,Banking,Q3FY25,Analyst,Mahrukh Adajania,And what would be the size of the portfolio?,0,Cost & Sales Performance
HDFC,Banking,Q3FY25,Analyst,Mahrukh Adajania,"No, the size of the portfolio on which the provision was taken.",0,Cost & Sales Performance
HDFC,Banking,Q3FY25,Management,Srinivasan Vaidyanathan,"No, that's not consequent to this at all because it depends on loan item and what is the scale of",0,Cost & Sales Performance
HDFC,Banking,Q3FY25,Analyst,Kunal Shah,"So again, getting on to the question on LDR and deposit growth in particular.",0,Cost & Sales Performance
HDFC,Banking,Q3FY25,Management,Sashidhar Jagdishan,"See, let me take this and maybe Srini and Kaizad can add into this if required.",3,Management Commentary
HDFC,Banking,Q3FY25,Analyst,Kunal Shah,"And anything on bulk deposits rundown, quantification, if possible?",0,Cost & Sales Performance
HDFC,Banking,Q3FY25,Management,Srinivasan Vaidyanathan,"I mean, Kunal, that's part of the business.",3,Management Commentary
HDFC,Banking,Q3FY25,Analyst,Kunal Shah,"So the impact of almost 8-odd billion, looking at our",0,Cost & Sales Performance
HDFC,Banking,Q3FY25,Management,Srinivasan Vaidyanathan,"One, it is an estimate given whatever information that we",0,Cost & Sales Performance
HDFC,Banking,Q3FY25,Analyst,Chintan,"May I get into the LDR again, please?",-1,General Discussion
HDFC,Banking,Q3FY25,Analyst,Chintan,"So Sashi, please did I hear you correctly",-1,General Discussion
HDFC,Banking,Q3FY25,Management,Sashidhar Jagdishan,I've given you a broad range because I don't want to box myself with,-1,General Discussion
HDFC,Banking,Q3FY25,Analyst,Chintan,"I mean if you're trading off EPS growth for slightly slower ROA improvement,",-1,General Discussion
HDFC,Banking,Q3FY25,Analyst,Kaizad Bharucha,"So if I got the question right, you want to know the trend for asset quality and how it is looking.",-1,General Discussion
HDFC,Banking,Q3FY25,Analyst,Chintan,"And just on growth momentum, are you seeing things improve generally in the",-1,General Discussion
HDFC,Banking,Q3FY25,Management,Srinivasan Vaidyanathan,"In the economy, the growth momentum, yes, if you look at some of those indicators that we have",-1,General Discussion
HDFC,Banking,Q3FY25,Analyst,Nitin Aggarwal,Good evening and thanks a lot for the opportunity.,2,Business Opportunities
HDFC,Banking,Q3FY25,Analyst,Nitin Aggarwal,"So I was also saying that related to this, if you look at the branch expansion run rate, every",-1,General Discussion
HDFC,Banking,Q3FY25,Management,Srinivasan Vaidyanathan,"So I'll get started with the last one first, which is to do with the branches.",1,Analyst Q&A
HDFC,Banking,Q3FY25,Analyst,Nitin Aggarwal,"See, the reason to ask this is also because while advances side is still in our control, we can",1,Analyst Q&A
HDFC,Banking,Q3FY25,Management,Srinivasan Vaidyanathan,"See Nitin these get benchmarked by district, by our presence in those districts, that's how we",-1,General Discussion
HDFC,Banking,Q3FY25,Management,Srinivasan Vaidyanathan,"The new guidelines, we don't expect any material change that can impact us.",-1,General Discussion
HDFC,Banking,Q3FY25,Analyst,Suresh Ganapathy,"It's been almost 9 quarters since the merger, your",1,Analyst Q&A
HDFC,Banking,Q3FY25,Management,Srinivasan Vaidyanathan,"Suresh, if you think about the margin, the most important lever on the margin is the cost of funds,",0,Cost & Sales Performance
HDFC,Banking,Q3FY25,Analyst,Prakhar Sharma,"Thank you, everyone and congratulations on the results.",2,Business Opportunities
HDFC,Banking,Q3FY25,Management,Srinivasan Vaidyanathan,"The second aspect of the question I didn't get, probably we will see.",1,Analyst Q&A
HDFC,Banking,Q3FY25,Management,Srinivasan Vaidyanathan,But as far as the rate of growth,0,Cost & Sales Performance
HDFC,Banking,Q3FY25,Management,Srinivasan Vaidyanathan,"I said it's a good double-digit, and everything else was in single",0,Cost & Sales Performance
HDFC,Banking,Q3FY25,Analyst,Prakhar Sharma,"And is there a way to just give a context of within your total deposits, 83% is classified as",0,Cost & Sales Performance
HDFC,Banking,Q3FY25,Management,Srinivasan Vaidyanathan,"But yes, when we say that is a branch-driven deposits where",0,Cost & Sales Performance
HDFC,Banking,Q3FY25,Analyst,Abhishek Murarka,"So Srini, going back to the branch addition question, and thanks for giving so much color.",3,Management Commentary
HDFC,Banking,Q3FY25,Management,Srinivasan Vaidyanathan,"To answer in short, 5% to 7% implies 500 to 700 branches annual.",0,Cost & Sales Performance
HDFC,Banking,Q3FY25,Management,Sashidhar Jagdishan,"Abhishek, just to add to what Srini is saying.",3,Management Commentary
HDFC,Banking,Q3FY25,Management,Sashidhar Jagdishan,If you've seen the last cohort of what he just said in,1,Analyst Q&A
HDFC,Banking,Q3FY25,Analyst,Abhishek Murarka,"So Sashi, as I understand, that's a great point for making that point.",-1,General Discussion
HDFC,Banking,Q3FY25,Management,Sashidhar Jagdishan,"Whether it's 40%, 50%, 60%, we will keep on recalibrating because there are a lot of things that",0,Cost & Sales Performance
HDFC,Banking,Q3FY25,Analyst,Abhishek Murarka,And the second thing is on credit cost.,0,Cost & Sales Performance
HDFC,Banking,Q3FY25,Analyst,Abhishek Murarka,"Now if I look at your net slippages,",0,Cost & Sales Performance
HDFC,Banking,Q3FY25,Analyst,Abhishek Murarka,"So net of your recoveries, etcetera, it should keep coming down",-1,General Discussion
HDFC,Banking,Q3FY25,Management,Srinivasan Vaidyanathan,"See, in a growing book, if the slippage is steady, the losses are steady, recoveries are steady.",0,Cost & Sales Performance
HDFC,Banking,Q3FY25,Analyst,Abhishek Murarka,"So 50, 55 is more or less BAU is what you're seeing?",0,Cost & Sales Performance
HDFC,Banking,Q3FY25,Management,Sashidhar Jagdishan,"I think if you really look at it, the segment that we are",-1,General Discussion
HDFC,Banking,Q3FY25,Management,Srinivasan Vaidyanathan,"I want to add one thing on the card, particularly the card revolving aspect of it, right, which is if",-1,General Discussion
HDFC,Banking,Q3FY25,Analyst,Abhishek Murarka,Thank you so much for answering all those questions and all the best.,2,Business Opportunities
HDFC,Banking,Q3FY25,Analyst,Jayant Kharote,"Sir, one question is on your loan growth broad guidance of above",0,Cost & Sales Performance
HDFC,Banking,Q3FY25,Analyst,Kaizad Bharucha,"So our understanding as of now is next year, we expect system growth to be between 12% to 13%,",0,Cost & Sales Performance
HDFC,Banking,Q3FY25,Analyst,Jayant Kharote,I think this answers you're working with the 12 to 13 range at least.,-1,General Discussion
HDFC,Banking,Q3FY25,Management,Srinivasan Vaidyanathan,"See, we are addressing competition only through relationship and not through pricing.",0,Cost & Sales Performance
HDFC,Banking,Q3FY25,Analyst,Kaizad Bharucha,I think we do continue to be the largest financiers in,-1,General Discussion
HDFC,Banking,Q3FY25,Analyst,Jayant Kharote,"And your market reading is, as of now, we are not in that situation where aggression is eroding",-1,General Discussion
HDFC,Banking,Q3FY25,Analyst,Jayant Kharote,"So not for HDFC, but probably for broader system.",7,Sequential Performance Review
HDFC,Banking,Q3FY25,Analyst,Jayant Kharote,Are you seeing that aggression in the auto,-1,General Discussion
HDFC,Banking,Q3FY25,Analyst,Kaizad Bharucha,"We've seen it not only in auto, but also in the home loan product.",0,Cost & Sales Performance
HDFC,Banking,Q3FY25,Management,Srinivasan Vaidyanathan,"Thank you, Nirav, and thanks to all the participants for taking the time to attend.",2,Business Opportunities
HDFC,Banking,Q3FY25,Management,Sashidhar Jagdishan,Thank you very much for all the hard work.,2,Business Opportunities
HDFC,Banking,Q4FY25,Management,Srinivasan Vaidyanathan,"Good evening, and warm welcome to all the participants.",2,Business Opportunities
HDFC,Banking,Q4FY25,Management,Sashidhar Jagdishan,"Good afternoon to you, and welcome to the full year FY26",2,Business Opportunities
HDFC,Banking,Q4FY25,Management,Srinivasan Vaidyanathan,"Nirav, with that, we can open it up for questions, please.",-1,General Discussion
HDFC,Banking,Q4FY25,Analyst,Mahrukh Adajania,"Firstly, in terms of growth next year, what would be the key drivers?",0,Cost & Sales Performance
HDFC,Banking,Q4FY25,Analyst,Kaizad Bharucha,If I got your question as to what would be the growth drivers.,0,Cost & Sales Performance
HDFC,Banking,Q4FY25,Analyst,Mahrukh Adajania,So what kind of growth trajectory should we look at for FY27?,-1,General Discussion
HDFC,Banking,Q4FY25,Analyst,Kaizad Bharucha,"So Mahrukh, if you really see, our loan growth last year was 5%, and our loan growth this",0,Cost & Sales Performance
HDFC,Banking,Q4FY25,Analyst,Nitin Aggarwal,"So firstly, congrats on a good quarter in a very challenging environment.",2,Business Opportunities
HDFC,Banking,Q4FY25,Management,Srinivasan Vaidyanathan,"See, if you look at the quarter, the INR 2.45 lakh crores of",0,Cost & Sales Performance
HDFC,Banking,Q4FY25,Analyst,Nitin Aggarwal,"And Srini, like also the other part of the question is like any color if you can share on the -",3,Management Commentary
HDFC,Banking,Q4FY25,Management,Srinivasan Vaidyanathan,"If you look at it, the liquidity, you look at the system, what kind of funds that have been",0,Cost & Sales Performance
HDFC,Banking,Q4FY25,Analyst,Kunal Shah,"So firstly, again, touching upon on the growth side.",0,Cost & Sales Performance
HDFC,Banking,Q4FY25,Analyst,Kunal Shah,"So, we indicated like we will try to grow in",-1,General Discussion
HDFC,Banking,Q4FY25,Management,Sashidhar Jagdishan,The first one is on the growth in the system.,0,Cost & Sales Performance
HDFC,Banking,Q4FY25,Management,Sashidhar Jagdishan,"So if we have mobilized INR 3.9 2.7 lakh crores for the full year, 47% is that.",0,Cost & Sales Performance
HDFC,Banking,Q4FY25,Analyst,Kunal Shah,So that gives the confidence on LCR at 114%-odd because now we are below 115%.,0,Cost & Sales Performance
HDFC,Banking,Q4FY25,Management,Srinivasan Vaidyanathan,"Kunal, in the past, we have mentioned that our endeavor for LCR is to be between 110% and",3,Management Commentary
HDFC,Banking,Q4FY25,Management,Pranav,"My first question, Srini, is more on the guidance.",3,Management Commentary
HDFC,Banking,Q4FY25,Management,Srinivasan Vaidyanathan,So let me talk about what you ascribed to the borrowings mix changing.,0,Cost & Sales Performance
HDFC,Banking,Q4FY25,Management,Pranav,"See, if I may just ask a follow-up.",-1,General Discussion
HDFC,Banking,Q4FY25,Management,Srinivasan Vaidyanathan,"If all else remaining same, that means no other factors play in, borrowing percentage coming",0,Cost & Sales Performance
HDFC,Banking,Q4FY25,Management,Pranav,"On the first question on the metric, I think I heard you say that you focus more on",-1,General Discussion
HDFC,Banking,Q4FY25,Analyst,Seshadri Sen,"One is, I was hearing Sashi with interest in terms",-1,General Discussion
HDFC,Banking,Q4FY25,Management,Srinivasan Vaidyanathan,"Seshadri, if you look at the cost growth that we have, we have seen that at a level almost at,",0,Cost & Sales Performance
HDFC,Banking,Q4FY25,Management,Sashidhar Jagdishan,"Which is what I mentioned, Seshadri, that if we just focus on the investments that we have made",0,Cost & Sales Performance
HDFC,Banking,Q4FY25,Analyst,Seshadri Sen,The second question is on retail loan growth.,0,Cost & Sales Performance
HDFC,Banking,Q4FY25,Analyst,Seshadri Sen,You've done well in terms of recovering the,-1,General Discussion
HDFC,Banking,Q4FY25,Analyst,Kaizad Bharucha,So I think I did cover it in my opening response to Mahrukh.,3,Management Commentary
HDFC,Banking,Q4FY25,Analyst,Kaizad Bharucha,"That wasn't the question, but I'm happy to cover it.",1,Analyst Q&A
HDFC,Banking,Q4FY25,Analyst,Kaizad Bharucha,"So, another aspect just to leave on the consumer",0,Cost & Sales Performance
HDFC,Banking,Q4FY25,Management,Sashidhar Jagdishan,That's extremely important as to what we are looking at from a mortgage book,0,Cost & Sales Performance
HDFC,Banking,Q4FY25,Analyst,Kaizad Bharucha,We have the lowest NPA percentages as we understand in the industry on a book of our size on,-1,General Discussion
HDFC,Banking,Q4FY25,Analyst,Rikin Shah,The first one is on the yield on investments.,-1,General Discussion
HDFC,Banking,Q4FY25,Management,"Thank you.
Srinivasan Vaidyanathan",One thing that you touched upon is about the investment yield.,-1,General Discussion
HDFC,Banking,Q4FY25,Analyst,Rikin Shah,"Srini, If I can, even though the geopolitics, the 10-year G-Sec were decisively moving up, right, in",3,Management Commentary
HDFC,Banking,Q4FY25,Management,Srinivasan Vaidyanathan,"See, Rikin, I do want you to realize that you should appreciate that there is something called",-1,General Discussion
HDFC,Banking,Q4FY25,Management,Srinivasan Vaidyanathan,"The other one you talked about the cost of funds, I think we published the cost of funds, which is",-1,General Discussion
HDFC,Banking,Q4FY25,Analyst,Rikin Shah,"But the residual repricing, if any, any comments on that?",-1,General Discussion
HDFC,Banking,Q4FY25,Analyst,Rikin Shah,Or are we already at the bottom in terms,-1,General Discussion
HDFC,Banking,Q4FY25,Management,Srinivasan Vaidyanathan,"Residual repricing, if everything else remains the same, there will be further reduction coming on",-1,General Discussion
HDFC,Banking,Q4FY25,Analyst,Rikin Shah,"And so the last question on the treasury and FX, any comments, if any, there seems to",-1,General Discussion
HDFC,Banking,Q4FY25,Management,Srinivasan Vaidyanathan,If you see that the rate of growth on the treasury income is modest.,-1,General Discussion
HDFC,Banking,Q4FY25,Analyst,Abhishek Murarka,So I had a question on the third-party distribution,-1,General Discussion
HDFC,Banking,Q4FY25,Management,Srinivasan Vaidyanathan,"Yes, the third-party products revenue growth has been",-1,General Discussion
HDFC,Banking,Q4FY25,Analyst,Abhishek Murarka,"So Srini, on the mix, so lower life sales, is it?",3,Management Commentary
HDFC,Banking,Q4FY25,Management,Srinivasan Vaidyanathan,It's just a question of our RMs are engaged as much as they are,0,Cost & Sales Performance
HDFC,Banking,Q4FY25,Management,Srinivasan Vaidyanathan,"We are closing at the appointed time, which is",-1,General Discussion
HUL,FMCG,Q1FY25,Management,Yogesh Mulgaonkar,Welcome to the conference call of Hindustan Unilever Limited.,-1,General Discussion
HUL,FMCG,Q1FY25,Analyst,"Makers.
Let me take you through some of the key actions that we are driving across each
portfolio","In our Core portfolio, our objective is to keep our brands healthy, contemporary,",-1,General Discussion
HUL,FMCG,Q1FY25,Analyst,"Lifebuoy.
Let me demonstrate our strategy in action with the example of the Tea business","In Tea, we have market leadership and a comprehensive portfolio that spans the",0,Cost & Sales Performance
HUL,FMCG,Q1FY25,Management,Rohit Jawa,I will now hand over to Ritesh to follow the next section.,3,Management Commentary
HUL,FMCG,Q1FY25,Analyst,"The first question is from the line of Abneesh Roy from Nuvama. Please go ahead.
Abneesh Roy","Yeah, thanks for the opportunity and congrats on good recovery in many of your",2,Business Opportunities
HUL,FMCG,Q1FY25,Analyst,Abneesh Roy,"My second question is on the two acquisitions,",-1,General Discussion
HUL,FMCG,Q1FY25,Management,Ritesh Tiwari,"So, talking about OZiva and Minimalist, both put together now, it's a Rs.",-1,General Discussion
HUL,FMCG,Q1FY25,Analyst,Abneesh Roy,"I know I'm going beyond my two questions,",1,Analyst Q&A
HUL,FMCG,Q1FY25,Management,Rohit Jawa,"What we are really saying is basically, we started building liquid detergents",-1,General Discussion
HUL,FMCG,Q1FY25,Analyst,Abneesh Roy,"Thanks for the opportunity, and thanks to Rohit for his insights, time, and",-1,General Discussion
HUL,FMCG,Q1FY25,Analyst,Arnab Mitra,"My first question actually is on the Foods business, where you've seen the",0,Cost & Sales Performance
HUL,FMCG,Q1FY25,Management,Ritesh Tiwari,"So if I just segment the foods business into its component, so Tea has seen",-1,General Discussion
HUL,FMCG,Q1FY25,Management,Rohit Jawa,If I may add that we have seen broad-based growth in foods this time.,0,Cost & Sales Performance
HUL,FMCG,Q1FY25,Analyst,Arnab Mitra,My second question was on the overall growth,0,Cost & Sales Performance
HUL,FMCG,Q1FY25,Management,Rohit Jawa,Let me paint the picture of the market and request Ritesh to talk about the future.,3,Management Commentary
HUL,FMCG,Q1FY25,Management,Ritesh Tiwari,"So, as Rohit mentioned that if I look at the overall FMCG market, we have",0,Cost & Sales Performance
HUL,FMCG,Q1FY25,Analyst,Arnab Mitra,"All the best, Rohit for your future journey and",-1,General Discussion
HUL,FMCG,Q1FY25,Analyst,"Please go ahead.
Latika Chopra","First of all, thank you, Rohit, for all the",-1,General Discussion
HUL,FMCG,Q1FY25,Management,Rohit Jawa,Let me just address the first question on our confidence in skin growth part of the,-1,General Discussion
HUL,FMCG,Q1FY25,Management,Ritesh Tiwari,"So, overall, Laitka the margin that we made in this quarter for",0,Cost & Sales Performance
HUL,FMCG,Q1FY25,Analyst,Laitka Chopra,The second question that I had was on Skin Cleansing.,-1,General Discussion
HUL,FMCG,Q1FY25,Management,Rohit Jawa,"So, we're very happy with our Skin Cleansing performance.",-1,General Discussion
HUL,FMCG,Q1FY25,Analyst,Manoj Menon,Just continuing with the question or clarification which Arnab had on,-1,General Discussion
HUL,FMCG,Q1FY25,Management,Ritesh Tiwari,"So, when you ask, Manoj, volume and mix part, are you talking HUL, are you",-1,General Discussion
HUL,FMCG,Q1FY25,Analyst,Manoj Menon,"Let's say, what your portfolio is telling, because you are a large player.",0,Cost & Sales Performance
HUL,FMCG,Q1FY25,Management,Ritesh Tiwari,"So, if I talk about HUL numbers to start with.",-1,General Discussion
HUL,FMCG,Q1FY25,Analyst,Manoj Menon,"Ritesh, just a quick follow-up on this link to the Skin Cleansing",-1,General Discussion
HUL,FMCG,Q1FY25,Management,Ritesh Tiwari,"Skin Cleansing, Manoj, remember, I've spoken sometime back as well.",-1,General Discussion
HUL,FMCG,Q1FY25,Analyst,Manoj Menon,"Just second and last question is, you did speak a lot about the",1,Analyst Q&A
HUL,FMCG,Q1FY25,Management,Rohit Jawa,"On Glow & Lovely, which is an iconic brand used by more than half the",-1,General Discussion
HUL,FMCG,Q1FY25,Analyst,"Core brand but on the way and Horlicks more work to be done but Boost already
showing signs of promise this quarter.
Manoj Menon","Thank you, Rohit and Ritesh for the comprehensive response and good luck to",3,Management Commentary
HUL,FMCG,Q1FY25,Management,Rohit Jawa,It's there because it's done very well in the summers and it's really a summer focus,-1,General Discussion
HUL,FMCG,Q1FY25,Analyst,Manoj Menon,I can't agree more because we have not seen it in a long time.,1,Analyst Q&A
HUL,FMCG,Q1FY25,Management,"Thank you.
Rohit Jawa",We are focused on it especially in the summer season and that's why we did a,-1,General Discussion
HUL,FMCG,Q1FY25,Analyst,"Please go ahead.
Vivek","So, one more question on your slide #4 which is operating",1,Analyst Q&A
HUL,FMCG,Q1FY25,Management,Ritesh Tiwari,"Yeah, so rural to start with, Vivek, first of all as a context is one third of the business",-1,General Discussion
HUL,FMCG,Q1FY25,Management,Rohit Jawa,It's not that we are suddenly seeing a massive,0,Cost & Sales Performance
HUL,FMCG,Q1FY25,Management,Ritesh Tiwari,And hence to Rohit's point the operating word I will add to it is gradual recovery,-1,General Discussion
HUL,FMCG,Q1FY25,Analyst,Vivek,It's just that the chart shows the trend drifting down starting December last,0,Cost & Sales Performance
HUL,FMCG,Q1FY25,Management,Ritesh Tiwari,"The chart, Vivek, just to clarify it's an MAT trend as we called out and if you see",-1,General Discussion
HUL,FMCG,Q1FY25,Management,Ritesh Tiwari,"Yes, so overall if I look, Vivek, we have a Rs.",-1,General Discussion
HUL,FMCG,Q1FY25,Management,Rohit Jawa,"But just to specifically talk about say OZiva, in fact just a few weeks back we had",-1,General Discussion
HUL,FMCG,Q1FY25,Analyst,Vivek,"Got it and the last one on the same theme, with platforms becoming more and",5,New Business & Emerging Trends
HUL,FMCG,Q1FY25,Management,Rohit Jawa,"We look at it more as a portfolio play, so we have as we have said before we have",0,Cost & Sales Performance
HUL,FMCG,Q1FY25,Analyst,Vivek,"And Rohit and Priya, wishing you all the very best.",3,Management Commentary
HUL,FMCG,Q1FY25,Management,Amit,"Hi, Thank you so much for taking my question.",2,Business Opportunities
HUL,FMCG,Q1FY25,Management,Ritesh Tiwari,"Yes, so just to clarify when we quoted the number of more than 25% growth, we",0,Cost & Sales Performance
HUL,FMCG,Q1FY25,Management,"Hindustan Unilever.
Amit","That's very helpful and let me just stretch it a little bit on, because I think",0,Cost & Sales Performance
HUL,FMCG,Q1FY25,Management,Rohit Jawa,"We acknowledge that you need more than just a few big core brands, which is",-1,General Discussion
HUL,FMCG,Q1FY25,Management,Amit,Thank you so much for that and can I ask just one small,2,Business Opportunities
HUL,FMCG,Q1FY25,Management,Rohit Jawa,"First of all, we are not yet above water fully",-1,General Discussion
HUL,FMCG,Q1FY25,Analyst,"Please go ahead.
Percy Panthaki",My first question is on the detergent’s portfolio.,0,Cost & Sales Performance
HUL,FMCG,Q1FY25,Management,Ritesh Tiwari,"So overall on Home Care as you rightly alluded, Percy, that we have grown high-",-1,General Discussion
HUL,FMCG,Q1FY25,Analyst,Percy Panthaki,And the competitive action more by MNC or national players or more by small,-1,General Discussion
HUL,FMCG,Q1FY25,Management,Ritesh Tiwari,What happens for liquids you see it's still a concentrated market with few players.,0,Cost & Sales Performance
HUL,FMCG,Q1FY25,Analyst,Percy Panthaki,"So, on powders whatever price cuts have happened, have happened mainly on",0,Cost & Sales Performance
HUL,FMCG,Q1FY25,Management,Ritesh Tiwari,You can never say it only on account of A or only on account of B.,1,Analyst Q&A
HUL,FMCG,Q1FY25,Management,Ritesh Tiwari,As I mentioned largely is on account of reason of commodity for powders,0,Cost & Sales Performance
HUL,FMCG,Q1FY25,Analyst,Percy Panthaki,"My second question is on Glow & Lovely again, of course a lot of it has",-1,General Discussion
HUL,FMCG,Q1FY25,Management,Rohit Jawa,"Firstly, we play a portfolio, high level for Skin Care as we just said we have to go",-1,General Discussion
HUL,FMCG,Q1FY25,Analyst,Percy Panthaki,"Sure and with the actions you've taken, how long do you think it will be before",-1,General Discussion
HUL,FMCG,Q1FY25,Management,Rohit Jawa,"I think it would be difficult to put a number, specific precise number to that.",0,Cost & Sales Performance
HUL,FMCG,Q1FY25,Analyst,Percy Panthaki,"And very quickly last question would be that in Skin Cleansing, for the last few",-1,General Discussion
HUL,FMCG,Q1FY25,Management,Rohit Jawa,"Lifebuoy is clearly not yet growing in line with the total business, but our intention",-1,General Discussion
HUL,FMCG,Q1FY25,Analyst,Mihir Shah,"Firstly on Gross Margin, the gap between NMI",0,Cost & Sales Performance
HUL,FMCG,Q1FY25,Management,Ritesh Tiwari,Overall as you saw that there's a price versus cost gap that we have this point in,0,Cost & Sales Performance
HUL,FMCG,Q1FY25,Analyst,Mihir Shah,"Secondly, on your comment on your ad spends",0,Cost & Sales Performance
HUL,FMCG,Q1FY25,Management,Ritesh Tiwari,"So, coming to A&P and the intensity there, a year back in the period of deflation,",-1,General Discussion
HUL,FMCG,Q1FY25,Analyst,Mihir Shah,"Mr. Jawa, it was a pleasure interacting with",3,Management Commentary
HUL,FMCG,Q1FY25,Management,Yogesh Mulgaonkar,With that we now come to the end of the Q&A session.,-1,General Discussion
HUL,FMCG,Q1FY25,Analyst,"Thank you.
Disclaimer",This transcript has been edited to remove any grammatical inaccuracies or inconsistencies of,4,Performance Metrics
HUL,FMCG,Q2FY25,Management,Priya Nair,Thank you for joining us on the call today.,2,Business Opportunities
HUL,FMCG,Q2FY25,Management,Priya Nair,I would like to take this opportunity to extend my heartfelt thanks to Ritesh for his,3,Management Commentary
HUL,FMCG,Q2FY25,Management,Yogesh Mulgaonkar,"With this, we will now move to the Q&A",-1,General Discussion
HUL,FMCG,Q2FY25,Management,Priya Nair,I will go category-by-category to just talk a little bit about,1,Analyst Q&A
HUL,FMCG,Q2FY25,Analyst,Vivek,"And Priya, slightly from a longer -- let’s say from a medium-term",3,Management Commentary
HUL,FMCG,Q2FY25,Management,Priya Nair,"I think, let me break this down into multiple parts, Vivek, if I could.",-1,General Discussion
HUL,FMCG,Q2FY25,Analyst,Vivek,"So, that was my first question with your permission.",1,Analyst Q&A
HUL,FMCG,Q2FY25,Management,Ritesh Tiwari,"So, GST, as you mentioned, Vivek, that overall, as the change started to",-1,General Discussion
HUL,FMCG,Q2FY25,Analyst,Vivek,"And as a follow-up to that, can you quantify, Ritesh, what was the impact",3,Management Commentary
HUL,FMCG,Q2FY25,Management,Ritesh Tiwari,"So, we did lean in with trade support in the quarter.",1,Analyst Q&A
HUL,FMCG,Q2FY25,Analyst,Vivek,"Thank you and wishing you all the very best, Priya, Ritesh as well as",3,Management Commentary
HUL,FMCG,Q2FY25,Analyst,"Please go ahead.
Abneesh Roy",My first question is on the demand side and the GST impact.,-1,General Discussion
HUL,FMCG,Q2FY25,Analyst,Abneesh Roy,One follow-up question to the demand side only.,0,Cost & Sales Performance
HUL,FMCG,Q2FY25,Management,Ritesh Tiwari,"Let me help, Abneesh, answer this from a little different lens than urban rural",-1,General Discussion
HUL,FMCG,Q2FY25,Analyst,Abneesh Roy,"Ritesh, one quick follow-up on the restocking and destocking.",3,Management Commentary
HUL,FMCG,Q2FY25,Management,Ritesh Tiwari,"See, this is what I was trying to explain to Vivek as well earlier.",-1,General Discussion
HUL,FMCG,Q2FY25,Analyst,Abneesh Roy,"So, one is you had given the guidance",-1,General Discussion
HUL,FMCG,Q2FY25,Management,Ritesh Tiwari,"So yes, currently, where we are with the Ice Cream plans, Abneesh, we expect",0,Cost & Sales Performance
HUL,FMCG,Q2FY25,Analyst,"Please go ahead.
Arnab Mitra","So, my first question actually is to Priya.",3,Management Commentary
HUL,FMCG,Q2FY25,Management,Priya Nair,"Arnab, firstly, our focus, obsession is going to be on volume-",-1,General Discussion
HUL,FMCG,Q2FY25,Management,Ritesh Tiwari,"So let me come in Arnab, about here.",-1,General Discussion
HUL,FMCG,Q2FY25,Management,Ritesh Tiwari,"So, as we mentioned that our outlook for",1,Analyst Q&A
HUL,FMCG,Q2FY25,Analyst,Arnab Mitra,My second question actually was on - three specific areas where I think,1,Analyst Q&A
HUL,FMCG,Q2FY25,Analyst,Arnab Mitra,That’s it from my side and all the best Ritesh for your next stint.,3,Management Commentary
HUL,FMCG,Q2FY25,Analyst,Latika,The second question was clearly the four key priorities,1,Analyst Q&A
HUL,FMCG,Q2FY25,Management,Ritesh Tiwari,"As Priya mentioned earlier, overall radical segmentation of the market from all",0,Cost & Sales Performance
HUL,FMCG,Q2FY25,Analyst,Latika,Thank you so much and wish you both the best.,2,Business Opportunities
HUL,FMCG,Q2FY25,Management,Priya Nair,Let me start with talking about how we will reimagine our core,-1,General Discussion
HUL,FMCG,Q2FY25,Analyst,Mihir Shah,Great to hear that looking forward to all the bold launches and communications,5,New Business & Emerging Trends
HUL,FMCG,Q2FY25,Management,Ritesh Tiwari,"So first, the employee costs, and I would just like to add employee cost to",0,Cost & Sales Performance
HUL,FMCG,Q2FY25,Analyst,Mihir Shah,Wishing you all the very best in your new role.,2,Business Opportunities
HUL,FMCG,Q2FY25,Management,Ritesh Tiwari,"Thank you Mihir, and any questions that you have offline, please we can pick it up.",2,Business Opportunities
HUL,FMCG,Q2FY25,Management,Priya Nair,It's always the case in a company like,0,Cost & Sales Performance
HUL,FMCG,Q2FY25,Analyst,Sheela Rathi,"Do you think that on a quarter-to-quarter basis,",1,Analyst Q&A
HUL,FMCG,Q2FY25,Management,Priya Nair,I think the priorities I've given to you are more on a long-term basis.,-1,General Discussion
HUL,FMCG,Q2FY25,Analyst,Sheela Rathi,My second question was we have been calling out that the second,1,Analyst Q&A
HUL,FMCG,Q2FY25,Management,Ritesh Tiwari,"See, Sheela, always our first barometer is competitive growth.",0,Cost & Sales Performance
HUL,FMCG,Q2FY25,Management,Priya Nair,HUL has over the last few quarters in the last couple of,-1,General Discussion
HUL,FMCG,Q2FY25,Analyst,Percy Panthaki,Just to dwell a little further into this.,1,Analyst Q&A
HUL,FMCG,Q2FY25,Management,Priya Nair,"I think HUL has called out the Aspire strategy, and I think that has been shared",-1,General Discussion
HUL,FMCG,Q2FY25,Analyst,Percy Panthaki,"Secondly, I wanted to understand Ritesh or maybe even Priya,",3,Management Commentary
HUL,FMCG,Q2FY25,Management,Ritesh Tiwari,"So, Percy the way we will see this is one additional input, which adds to a few",-1,General Discussion
HUL,FMCG,Q2FY25,Analyst,Percy Panthaki,"Follow-up on this, Ritesh for your portfolio as a whole, what in your view is the",0,Cost & Sales Performance
HUL,FMCG,Q2FY25,Management,Ritesh Tiwari,"No, reality Percy is, life is a little more complex than that.",-1,General Discussion
HUL,FMCG,Q2FY25,Analyst,"Please go ahead.
Harit Kapoor","I just had one clarification, firstly, on the grammage part.",1,Analyst Q&A
HUL,FMCG,Q2FY25,Management,Ritesh Tiwari,"See, overall, Harit, in terms of changes, what we have done is for all non-",0,Cost & Sales Performance
HUL,FMCG,Q2FY25,Management,Priya Nair,I think many of the things I mentioned are medium to long term in nature.,0,Cost & Sales Performance
HUL,FMCG,Q2FY25,Management,Ritesh Tiwari,"Yeah, so tea now, as we speak, we are in season.",-1,General Discussion
HUL,FMCG,Q2FY25,Analyst,Nihar Jham,My second question was to Priya on the Beauty & Wellbeing,3,Management Commentary
HUL,FMCG,Q2FY25,Management,Priya Nair,"If you look at the beauty category, let me start with the key trends that drive",-1,General Discussion
HUL,FMCG,Q2FY25,Analyst,Siddharth,"Hi, welcome back to HUL, Priya and Ritesh and thanks for taking my question.",3,Management Commentary
HUL,FMCG,Q2FY25,Management,Ritesh Tiwari,"So, first of all, coming to margins for e-",0,Cost & Sales Performance
HUL,FMCG,Q2FY25,Analyst,Sidharth,"Thanks, and just a follow-up on the e-commerce piece.",0,Cost & Sales Performance
HUL,FMCG,Q2FY25,Management,Ritesh Tiwari,"See, I won't be able to share hard numbers, but let me tell you that overall, CAC",0,Cost & Sales Performance
HUL,FMCG,Q2FY25,Management,Yogesh Mulgaonkar,"With that, we now come to the end of the Q&A session.",-1,General Discussion
HUL,FMCG,Q2FY25,Analyst,Disclaimer,This transcript has been edited to remove any grammatical inaccuracies or inconsistencies of,4,Performance Metrics
HUL,FMCG,Q3FY25,Management,Priya Nair,"Good afternoon, everyone, and thank you for joining us on the call today.",2,Business Opportunities
HUL,FMCG,Q3FY25,Management,Yogesh Mulgaonkar,"With this, we now move to the Q&A.",-1,General Discussion
HUL,FMCG,Q3FY25,Analyst,"Our first question is from the line of Manoj Menon from ICICI Securities.
Manoj Menon","Hi, Priya, Niranjan and Yogesh, Good performance and more importantly good",3,Management Commentary
HUL,FMCG,Q3FY25,Management,Priya Nair,"Yes, I can start and then Niranjan will add.",-1,General Discussion
HUL,FMCG,Q3FY25,Analyst,Niranjan Gupta,"And on the macro factors, if I just add like what you said,",0,Cost & Sales Performance
HUL,FMCG,Q3FY25,Analyst,Manoj Menon,"Just a couple of things I was just trying to get was are you finding actually, let's",1,Analyst Q&A
HUL,FMCG,Q3FY25,Management,Priya Nair,"So, I think that's the best way to",-1,General Discussion
HUL,FMCG,Q3FY25,Analyst,Manoj Menon,And the second question is there's a mention about category partnership,0,Cost & Sales Performance
HUL,FMCG,Q3FY25,Management,Priya Nair,"So firstly, what I want to say is we are in an omni-channel environment in India.",0,Cost & Sales Performance
HUL,FMCG,Q3FY25,Analyst,"Please go ahead.
Abneesh Roy",My first question is on Beauty & Wellbeing.,-1,General Discussion
HUL,FMCG,Q3FY25,Management,Priya Nair,"I think firstly, let me comment on our Hair Care business.",0,Cost & Sales Performance
HUL,FMCG,Q3FY25,Analyst,Abneesh Roy,My second question is on the overall strategy.,-1,General Discussion
HUL,FMCG,Q3FY25,Analyst,Niranjan Gupta,"So, Abneesh, what I'll do, I'll pick up the portfolio part of it and organization part,",0,Cost & Sales Performance
HUL,FMCG,Q3FY25,Management,Priya Nair,"As regards to the organization, I think our focus firstly is to simplify the",0,Cost & Sales Performance
HUL,FMCG,Q3FY25,Analyst,"Please go ahead.
Arnab Mitra","My first question was, you mentioned in your outlook,",1,Analyst Q&A
HUL,FMCG,Q3FY25,Management,Priya Nair,"So firstly, Arnab, the way you should think about the guidance we have given is",-1,General Discussion
HUL,FMCG,Q3FY25,Analyst,Arnab Mitra,"So, if you look at the Home Care",-1,General Discussion
HUL,FMCG,Q3FY25,Management,Priya Nair,"I think firstly, on our Home Care performance, the first thing I want to mention is",-1,General Discussion
HUL,FMCG,Q3FY25,Analyst,"Please go ahead.
Latika Chopra","My first question was on pricing itself, but at an aggregate portfolio.",0,Cost & Sales Performance
HUL,FMCG,Q3FY25,Analyst,Niranjan Gupta,"So if you look at the commodities, you have a divergent trend, you heard all the",0,Cost & Sales Performance
HUL,FMCG,Q3FY25,Analyst,Latika Chopra,The second question I had was on specific segments.,1,Analyst Q&A
HUL,FMCG,Q3FY25,Analyst,Niranjan Gupta,"So, if you look at it, Skin Cleansing, firstly, within Skin Cleansing, our premium",-1,General Discussion
HUL,FMCG,Q3FY25,Analyst,Latika Chopra,I'm just trying to understand whether the re-stocking benefits are still to,-1,General Discussion
HUL,FMCG,Q3FY25,Analyst,Niranjan Gupta,"So, the December quarter, you can assume that all the benefits have come in.",-1,General Discussion
HUL,FMCG,Q3FY25,Analyst,Latika Chopra,"And just lastly, sorry to include, but on Nutrition, Horlicks saw high-single",-1,General Discussion
HUL,FMCG,Q3FY25,Management,Priya Nair,"So, Latika, this is firstly our third consecutive quarter of positive UVG on our",1,Analyst Q&A
HUL,FMCG,Q3FY25,Analyst,Mihir P Shah,"First, post the divestment of the ice cream business, what",0,Cost & Sales Performance
HUL,FMCG,Q3FY25,Analyst,Niranjan Gupta,"So, our guided range has been that 22% to 23%.",-1,General Discussion
HUL,FMCG,Q3FY25,Analyst,Mihir P Shah,"Sorry, so it should be 22.5% to 23.5%, is that how much should be understood?",0,Cost & Sales Performance
HUL,FMCG,Q3FY25,Analyst,Mihir P Shah,"Secondly, just wanted to understand the new launch that you",5,New Business & Emerging Trends
HUL,FMCG,Q3FY25,Management,Priya Nair,I think the focus of this pack is really to bring the put down price close to the,0,Cost & Sales Performance
HUL,FMCG,Q3FY25,Analyst,Mihir P Shah,"Secondly, just wanted to understand while December quarter",1,Analyst Q&A
HUL,FMCG,Q3FY25,Management,Priya Nair,"Yes, we have guided clearly that we see second half to be better than the first",1,Analyst Q&A
HUL,FMCG,Q3FY25,Analyst,Mihir P Shah,"And lastly, just wanted to understand if you can help us break down the",1,Analyst Q&A
HUL,FMCG,Q3FY25,Analyst,Niranjan Gupta,"I think let me just reiterate what we have said is, first of all, growth will continue",0,Cost & Sales Performance
HUL,FMCG,Q3FY25,Analyst,Aditya Soman,And I think you briefly sort of responded to this,1,Analyst Q&A
HUL,FMCG,Q3FY25,Management,Priya Nair,"I think it's very important when you look at our Skin Care business, look at the",-1,General Discussion
HUL,FMCG,Q3FY25,Analyst,Aditya Soman,And I think the context for my question was actually more from,1,Analyst Q&A
HUL,FMCG,Q3FY25,Management,Priya Nair,I think the growth across channels tend to be different because of the size of the,0,Cost & Sales Performance
HUL,FMCG,Q3FY25,Management,Priya Nair,"No, the price per use of liquids on average is higher than the price per use of",0,Cost & Sales Performance
HUL,FMCG,Q3FY25,Analyst,Percy,"I just wanted to check on the pipeline, both on, not just distributor level, but even",0,Cost & Sales Performance
HUL,FMCG,Q3FY25,Analyst,Percy,"And given that October was a bad month for you, but you still did",0,Cost & Sales Performance
HUL,FMCG,Q3FY25,Analyst,Niranjan Gupta,I think the right way will be to take our overall December quarter numbers as the,1,Analyst Q&A
HUL,FMCG,Q3FY25,Management,Priya Nair,"And just clarifying maybe because we saw down-stocking in October month, we",0,Cost & Sales Performance
HUL,FMCG,Q3FY25,Analyst,Percy,Just help me understand what is really hindering growth?,0,Cost & Sales Performance
HUL,FMCG,Q3FY25,Management,Priya Nair,"Firstly, I want to say we have delivered our highest ever UVG in the last 12",-1,General Discussion
HUL,FMCG,Q3FY25,Analyst,Percy,Would it be a stretch for us to expect double-digit top line growth from HUL?,-1,General Discussion
HUL,FMCG,Q3FY25,Analyst,Niranjan Gupta,"As of now, what we can say is that A, the external or macro or the operating",0,Cost & Sales Performance
HUL,FMCG,Q3FY25,Analyst,Harit Kapoor,I just wanted to understand why we are still,1,Analyst Q&A
HUL,FMCG,Q3FY25,Analyst,Niranjan Gupta,As we have outlined already that top line growth will remain our number 1,0,Cost & Sales Performance
HUL,FMCG,Q3FY25,Analyst,Harit Kapoor,"Yes, I was talking about EBITDA margin only, 13.7 is your number after the Labor",0,Cost & Sales Performance
HUL,FMCG,Q3FY25,Analyst,"Code adjustment.
Niranjan Gupta","Our EBITDA margin is 23.3%, which is 24%",0,Cost & Sales Performance
HUL,FMCG,Q3FY25,Analyst,Harit Kapoor,"What I was trying to -- sorry, what I was trying to say was if I adjust -- if I",0,Cost & Sales Performance
HUL,FMCG,Q3FY25,Analyst,Niranjan Gupta,"So first of all, we should look at all our numbers on a consolidated basis.",0,Cost & Sales Performance
HUL,FMCG,Q3FY25,Analyst,Harit Kapoor,My minimum point was here was that it seems like the A&P increase is all driven,-1,General Discussion
HUL,FMCG,Q3FY25,Management,Priya Nair,"Yes, I'll just begin on the liquids and then Niranjan can take over.",-1,General Discussion
HUL,FMCG,Q3FY25,Analyst,Niranjan Gupta,"And in terms of looking at the margins, yes, we are at a",0,Cost & Sales Performance
HUL,FMCG,Q3FY25,Management,Priya Nair,And our mix in Home Care is a premium mix is what you must keep in mind and,-1,General Discussion
HUL,FMCG,Q3FY25,Analyst,Jay Doshi,Just pressing a little bit on Percy's question.,-1,General Discussion
HUL,FMCG,Q3FY25,Analyst,Jay Doshi,What has to change for HUL to deliver,-1,General Discussion
HUL,FMCG,Q3FY25,Analyst,Niranjan Gupta,"So, let me just repeat what I said to the earlier similar question is that when you",1,Analyst Q&A
HUL,FMCG,Q3FY25,Analyst,Jay Doshi,"If I may just ask so if you are already at 6% revenue growth in second half,",-1,General Discussion
HUL,FMCG,Q3FY25,Analyst,Niranjan Gupta,Fiscal year'27 better than fiscal year'26 is on the top line and margin to stay within,0,Cost & Sales Performance
HUL,FMCG,Q3FY25,Management,Priya Nair,"I think firstly, all 4 of our categories drive growth for us.",0,Cost & Sales Performance
HUL,FMCG,Q3FY25,Analyst,Niranjan Gupta,"So as far as quick commerce demand is concerned, it's a combination of the",0,Cost & Sales Performance
HUL,FMCG,Q3FY25,Management,Priya Nair,"And just to add to what Niranjan is saying, essentially, we find in all our categories",-1,General Discussion
HUL,FMCG,Q3FY25,Analyst,"Fund. Please go ahead.
Manish Poddar","I just had 1 question, so probably an extension to the things which other",1,Analyst Q&A
HUL,FMCG,Q3FY25,Analyst,Niranjan Gupta,"So firstly, let's start by putting that our strategy is, firstly, its growth is number 1",-1,General Discussion
HUL,FMCG,Q3FY25,Analyst,Manish Poddar,"But would that mean, let's say, if you do 2% higher spends, would that entail, let's",-1,General Discussion
HUL,FMCG,Q3FY25,Analyst,Niranjan Gupta,"It doesn't work that way actually because eventually, you have to maintain the",-1,General Discussion
HUL,FMCG,Q3FY25,Analyst,Tejas Shah,My first question pertains to this one India R&D initiative that we are trying.,0,Cost & Sales Performance
HUL,FMCG,Q3FY25,Management,Priya Nair,"I think firstly, we benefit from all our global technology capability and",1,Analyst Q&A
HUL,FMCG,Q3FY25,Analyst,Tejas Shah,"But as an analyst, where should I see the benefit of this?",0,Cost & Sales Performance
HUL,FMCG,Q3FY25,Management,Priya Nair,"Speed, agility and more relevant consumer innovation for India.",0,Cost & Sales Performance
HUL,FMCG,Q3FY25,Analyst,Tejas Shah,"Second, this is a kind of labouring the previous point that we have",1,Analyst Q&A
HUL,FMCG,Q3FY25,Analyst,Niranjan Gupta,"Yes, the macro scenario of budgeted is what is happening today, which is",-1,General Discussion
HUL,FMCG,Q3FY25,Analyst,Tejash Shah,"Niranjan, just when I see that our finance minister has kind of projected 10%",-1,General Discussion
HUL,FMCG,Q3FY25,Analyst,Niranjan Gupta,"So, there is a way that we guide our numbers, and we will stick with FY'27 to be",-1,General Discussion
HUL,FMCG,Q3FY25,Management,Yogesh Mulgaonkar,"So, we don't have any questions on the web.",-1,General Discussion
HUL,FMCG,Q3FY25,Management,Yogesh Mulgaonkar,"With that, we now come to the end",-1,General Discussion
HUL,FMCG,Q3FY25,Analyst,Disclaimer,This transcript has been edited to remove any grammatical inaccuracies or inconsistencies of,4,Performance Metrics
HUL,FMCG,Q4FY25,Management,Priya Nair,Thank you for joining us on the call today.,2,Business Opportunities
HUL,FMCG,Q4FY25,Management,Yogesh Mulgaonkar,"With this, we now move to the Q&A.",-1,General Discussion
HUL,FMCG,Q4FY25,Analyst,"The first question is from the line of Manoj Menon from ICICI Securities. Please go
ahead.
Manoj Menon","Hi team, my first question is actually on the volume drivers.",0,Cost & Sales Performance
HUL,FMCG,Q4FY25,Management,Priya Nair,"So, you know Manoj, I think I will break this up into a few",-1,General Discussion
HUL,FMCG,Q4FY25,Analyst,Manoj Menon,"Sure, just one quick clarification if I may.",1,Analyst Q&A
HUL,FMCG,Q4FY25,Analyst,Manoj Menon,"If I understood the response for the, let's",1,Analyst Q&A
HUL,FMCG,Q4FY25,Management,Priya Nair,So there are more macro factors which are,0,Cost & Sales Performance
HUL,FMCG,Q4FY25,Analyst,Manoj Menon,"Now second and the last question, I will come back in the queue.",-1,General Discussion
HUL,FMCG,Q4FY25,Management,Priya Nair,"So, I think, we are quite pleased with, you know, the trajectory of",1,Analyst Q&A
HUL,FMCG,Q4FY25,Management,Priya Nair,"Yeah, Abneesh, actually Horlicks gets drunk both in milk and in water.",-1,General Discussion
HUL,FMCG,Q4FY25,Analyst,Abneesh Roy,"If we see HUL as a company, in Q3, Q4 has",-1,General Discussion
HUL,FMCG,Q4FY25,Management,Priya Nair,"Yeah, first let's talk about the rainfall prediction and I will ask Niranjan also to",-1,General Discussion
HUL,FMCG,Q4FY25,Analyst,Niranjan Gupta,"And I mean, if we look at the H1 inflation, Abneesh, as you",0,Cost & Sales Performance
HUL,FMCG,Q4FY25,Management,Priya Nair,"And probably maybe I will just add, Abneesh, that in the end, listen we can't",-1,General Discussion
HUL,FMCG,Q4FY25,Analyst,Niranjan Gupta,"Plus, the fact that our portfolio straddles across price pyramid.",0,Cost & Sales Performance
HUL,FMCG,Q4FY25,Analyst,Abneesh Roy,"So last two, three years we have seen",-1,General Discussion
HUL,FMCG,Q4FY25,Management,Priya Nair,"Overall, we have seen rural and urban demand to be more or less equal,",-1,General Discussion
HUL,FMCG,Q4FY25,Analyst,"Please go ahead.
Vivek","My first question is, you have mentioned volume growth is the top",0,Cost & Sales Performance
HUL,FMCG,Q4FY25,Analyst,Niranjan Gupta,"So, Vivek, the way we are navigating this space, as I said already, is that we have",-1,General Discussion
HUL,FMCG,Q4FY25,Analyst,Vivek,"My second question is, can you just briefly elaborate a bit more on what",1,Analyst Q&A
HUL,FMCG,Q4FY25,Management,Priya Nair,"So, Vivek, let me talk about the capex first.",-1,General Discussion
HUL,FMCG,Q4FY25,Analyst,"Quick Commerce.
Vivek","Okay, and just a follow-up if I may.",-1,General Discussion
HUL,FMCG,Q4FY25,Analyst,"Quick Commerce.
Vivek","On the Quick Commerce bit, Priya, does that",3,Management Commentary
HUL,FMCG,Q4FY25,Management,Priya Nair,"I mean, in line with our strategy, we have always maintained we are open to bolt-",1,Analyst Q&A
HUL,FMCG,Q4FY25,Analyst,Latika Chopra,My first question was on broader top line,1,Analyst Q&A
HUL,FMCG,Q4FY25,Management,Priya Nair,"Yeah, Latika, I will answer and also ask Niranjan to add.",-1,General Discussion
HUL,FMCG,Q4FY25,Analyst,Latika Chopra,"Yeah, the second question I had was on Personal Care.",-1,General Discussion
HUL,FMCG,Q4FY25,Management,Priya Nair,"So, Latika, overall Personal Care for us and, you know, let's break it down as soaps",0,Cost & Sales Performance
HUL,FMCG,Q4FY25,Analyst,Niranjan Gupta,"So, I think our focus is on driving the premiumization in",-1,General Discussion
HUL,FMCG,Q4FY25,Analyst,Niranjan Gupta,"So, Arnab, these are two different situations actually.",-1,General Discussion
HUL,FMCG,Q4FY25,Management,Priya Nair,"But Arnab, if your question is will we take price if, crude inflation continues?",0,Cost & Sales Performance
HUL,FMCG,Q4FY25,Analyst,Arnab Mitra,And my second question is also on Home Care that in,-1,General Discussion
HUL,FMCG,Q4FY25,Management,Priya Nair,"Yeah, I think, I mentioned it but maybe I will just explain how we see this.",1,Analyst Q&A
HUL,FMCG,Q4FY25,Analyst,Avi Mehta,"I just had one clarificatory question, which was on if you could give us",1,Analyst Q&A
HUL,FMCG,Q4FY25,Management,Priya Nair,"Yeah, I think, first I want to put colour totally on our Beauty & Wellbeing business.",-1,General Discussion
HUL,FMCG,Q4FY25,Analyst,Avi Mehta,"So Priya, if I may, just to read and correct me if I understand is wrong, but what",3,Management Commentary
HUL,FMCG,Q4FY25,Analyst,Niranjan Gupta,I think this is the 8% to 10% cost inflation is on our,-1,General Discussion
HUL,FMCG,Q4FY25,Analyst,Mihir Shah,"No, I was asking basically in this 8% to 10%, do you also have certain low-",0,Cost & Sales Performance
HUL,FMCG,Q4FY25,Analyst,Mihir Shah,"Secondly, if you can throw some insights on the steps that you have",1,Analyst Q&A
HUL,FMCG,Q4FY25,Management,Priya Nair,"Our steps in terms of rewiring our GTM are not just in quick commerce, but",0,Cost & Sales Performance
HUL,FMCG,Q4FY25,Analyst,Mihir Shah,"And lastly, if I can just put in one more.",-1,General Discussion
HUL,FMCG,Q4FY25,Management,Priya Nair,You will have to explain again what you mean.,1,Analyst Q&A
HUL,FMCG,Q4FY25,Analyst,Mihir Shah,"So, Priya, I mean, so there are certain categories and brands that have been",3,Management Commentary
HUL,FMCG,Q4FY25,Management,Priya Nair,"Honestly, we don't split our business in this fashion.",0,Cost & Sales Performance
HUL,FMCG,Q4FY25,Analyst,Mihir Shah,"So, if I aggregate for all the other segments, like how you have put Rs.",-1,General Discussion
HUL,FMCG,Q4FY25,Management,"Please go ahead.
Amit Sachdeva",Thank you so much for taking my question.,2,Business Opportunities
HUL,FMCG,Q4FY25,Management,Priya Nair,The biggest opportunity for us in Skin Care is to democratize formats that are,-1,General Discussion
HUL,FMCG,Q4FY25,Management,Amit Sachdeva,Just if I may just a small follow-up here on DTC,-1,General Discussion
HUL,FMCG,Q4FY25,Management,Priya Nair,"So, our overall revenue size of Minimalist is about Rs.",0,Cost & Sales Performance
HUL,FMCG,Q4FY25,Management,Amit Sachdeva,And what was the cosmetics growth for the quarter?,0,Cost & Sales Performance
HUL,FMCG,Q4FY25,Management,Priya Nair,We don't break down the growth of all our sub-categories.,0,Cost & Sales Performance
HUL,FMCG,Q4FY25,Management,Amit Sachdeva,"And my second question, Priya, is on pricing environment.",3,Management Commentary
HUL,FMCG,Q4FY25,Management,Priya Nair,And I think the only thing we can control is our performance.,1,Analyst Q&A
HUL,FMCG,Q4FY25,Analyst,Aditya Soman,"So, three questions, I mean, two questions and a",1,Analyst Q&A
HUL,FMCG,Q4FY25,Analyst,Niranjan Gupta,"So as far as restocking is concerned, we actually had alluded to that there's been",0,Cost & Sales Performance
HUL,FMCG,Q4FY25,Analyst,Aditya Soman,"And just on tea, so the volume growth is low-single digit, right?",0,Cost & Sales Performance
HUL,FMCG,Q4FY25,Analyst,Niranjan Gupta,It's very speculative to take the current spot because the current spot what is,-1,General Discussion
HUL,FMCG,Q4FY25,Analyst,Nihal Jham,"Niranjan, the second question was again on the Home Care part",-1,General Discussion
HUL,FMCG,Q4FY25,Management,Priya Nair,"Listen, our number one priority will be to be competitive, very simply.",-1,General Discussion
HUL,FMCG,Q4FY25,Analyst,Nihal Jham,"Priya, just a clarification where I was coming from is that, in that phase the",3,Management Commentary
HUL,FMCG,Q4FY25,Management,Priya Nair,I think listen; we have a portfolio that is across four segments.,0,Cost & Sales Performance
HUL,FMCG,Q4FY25,Management,Yogesh Mulgaonkar,"Yeah, in the web there's one question for you, Priya.",3,Management Commentary
HUL,FMCG,Q4FY25,Management,Priya Nair,"Yeah, I think the HUL Foods business is very distinctively different from the",-1,General Discussion
HUL,FMCG,Q4FY25,Management,"Mulgaonkar for closing comments.
Yogesh Mulgaonkar","Yeah, with that we now come to the end of the Q&A session.",-1,General Discussion
HUL,FMCG,Q4FY25,Analyst,Disclaimer,This transcript has been edited to remove any grammatical inaccuracies or inconsistencies of,4,Performance Metrics
MARUTI,Auto,Q1FY25,Analyst,Rahul Bharti,"Good afternoon, ladies and gentlemen and thank you for joining us.",2,Business Opportunities
MARUTI,Auto,Q1FY25,Analyst,Raghunandan NL,"Firstly, on net sales per unit, it has gone up 8% Q-o-Q, it is at",-1,General Discussion
MARUTI,Auto,Q1FY25,Analyst,Rahul Bharti,"It's a simple function of the mix of the model of higher SUVs, lower smaller",5,New Business & Emerging Trends
MARUTI,Auto,Q1FY25,Analyst,Raghunandan NL,The 8th pay commission is expected next year.,-1,General Discussion
MARUTI,Auto,Q1FY25,Analyst,Raghunandan NL,How do you see the positive impact on,-1,General Discussion
MARUTI,Auto,Q1FY25,Analyst,Rahul Bharti,"So, it's slightly premature to estimate the benefit on account of that.",-1,General Discussion
MARUTI,Auto,Q1FY25,Analyst,Rahul Bharti,"Depending upon the definition, because different people have different definition, we can take",-1,General Discussion
MARUTI,Auto,Q1FY25,Analyst,Raghunandan NL,Can you please indicate the retail for Q1 and dealer inventory at end of the,0,Cost & Sales Performance
MARUTI,Auto,Q1FY25,Analyst,Rahul Bharti,"In fact, we have been the most conservative, probably,",1,Analyst Q&A
MARUTI,Auto,Q1FY25,Analyst,Raghunandan NL,"Just the last thing before I fall back, if you can share the discounts and exports number?",0,Cost & Sales Performance
MARUTI,Auto,Q1FY25,Analyst,Arnab Roy,Export revenue is in the range of about Rs.,0,Cost & Sales Performance
MARUTI,Auto,Q1FY25,Analyst,Arnab Roy,"6,500 crores overall, and discount is flattish compared",0,Cost & Sales Performance
MARUTI,Auto,Q1FY25,Analyst,Amyn Pirani,"Hi, thanks for the opportunity and congratulations on the strong performance despite weak",2,Business Opportunities
MARUTI,Auto,Q1FY25,Analyst,Rahul Bharti,"So, it is a challenge, and of course our people, our engineers are working to mitigate it",-1,General Discussion
MARUTI,Auto,Q1FY25,Analyst,Amyn Pirani,"Secondly, just on the mix obviously this quarter your exports have been doing",0,Cost & Sales Performance
MARUTI,Auto,Q1FY25,Analyst,Arnab Roy,"See overall, if you look at an overall broader perspective, it's fairly even-steven, there is not",1,Analyst Q&A
MARUTI,Auto,Q1FY25,Analyst,Amyn Pirani,"Understood, thanks for this, I will come back in the queue.",-1,General Discussion
MARUTI,Auto,Q1FY25,Analyst,Gunjan Prithyani,Just follow up again on the retail number for this quarter.,0,Cost & Sales Performance
MARUTI,Auto,Q1FY25,Analyst,Rahul Bharti,"So, the retail was about 380,000 units, and the de-growth was lesser in retail than in the",0,Cost & Sales Performance
MARUTI,Auto,Q1FY25,Analyst,Arnab Roy,"Yes, it is flat on a rupees per car basis, flattish.",-1,General Discussion
MARUTI,Auto,Q1FY25,Analyst,Gunjan Prithyani,"Any color on urban, like you said de-growth, is there any difference that you are",0,Cost & Sales Performance
MARUTI,Auto,Q1FY25,Analyst,Gunjan Prithyani,Rural salience for us now stands at what?,-1,General Discussion
MARUTI,Auto,Q1FY25,Analyst,Rahul Bharti,"We used to monitor this parameter a few years ago, but now the lines are getting hazier.",-1,General Discussion
MARUTI,Auto,Q1FY25,Analyst,Gunjan Prithyani,Okay And the 2nd question is more on the demand environment.,0,Cost & Sales Performance
MARUTI,Auto,Q1FY25,Analyst,Rahul Bharti,"So, in the beginning of the year, yes, the industry body had given a kind of a guess of 1% to 2%",0,Cost & Sales Performance
MARUTI,Auto,Q1FY25,Analyst,Gunjan Prithyani,A lot of noise has been there in the press around the,8,Macro & Scale Commentary
MARUTI,Auto,Q1FY25,Analyst,Rahul Bharti,"See to the extent the discussions are in SIAM, I won't be able to answer because SIAM is the",3,Management Commentary
MARUTI,Auto,Q1FY25,Analyst,Gunjan Prithyani,"Okay got it, I will join back the queue.",-1,General Discussion
MARUTI,Auto,Q1FY25,Management,Amit Hiranandani,Thanks for the opportunity and congrats for the decent set of numbers.,2,Business Opportunities
MARUTI,Auto,Q1FY25,Analyst,Rahul Bharti,"See, a lot of efforts have gone in the full past decade at a very deep",1,Analyst Q&A
MARUTI,Auto,Q1FY25,Management,Amit Hiranandani,"Yes, commendable work sir on the export front.",0,Cost & Sales Performance
MARUTI,Auto,Q1FY25,Management,Amit Hiranandani,"Sir my second question is, basically I want to",1,Analyst Q&A
MARUTI,Auto,Q1FY25,Management,Amit Hiranandani,"Sir, how much percentage will be SUVs in Maruti’s upcoming launches",5,New Business & Emerging Trends
MARUTI,Auto,Q1FY25,Analyst,Rahul Bharti,"Normally, auto manufacturers do not share launches so much in advance.",5,New Business & Emerging Trends
MARUTI,Auto,Q1FY25,Management,Amit Hiranandani,Why other income was higher and the CAPEX outlook for this,-1,General Discussion
MARUTI,Auto,Q1FY25,Analyst,Arnab Roy,"So, other income has been higher as you can see it from the results.",-1,General Discussion
MARUTI,Auto,Q1FY25,Analyst,Arnab Roy,"So, we had an outlook of about close to 10,000 crores for the year, and we are tracking at about",0,Cost & Sales Performance
MARUTI,Auto,Q1FY25,Management,Binay,My question is on supply chain resilience when it comes to,0,Cost & Sales Performance
MARUTI,Auto,Q1FY25,Analyst,Rahul Bharti,I hope we had an equally good answer.,1,Analyst Q&A
MARUTI,Auto,Q1FY25,Management,Binay,"Secondly, Rahul just on the coming festival season like you talked about, you will have",-1,General Discussion
MARUTI,Auto,Q1FY25,Analyst,Rahul Bharti,"See, one of our SUVs is the EV.",5,New Business & Emerging Trends
MARUTI,Auto,Q1FY25,Analyst,Rahul Bharti,You are aware and we have taken many steps to give the,1,Analyst Q&A
MARUTI,Auto,Q1FY25,Management,Binay,"Right, especially with regard to the other launch not the EV one, the other SUV?",5,New Business & Emerging Trends
MARUTI,Auto,Q1FY25,Analyst,Rahul Bharti,We have to keep in mind that only Maruti Suzuki has this advantage in India that we have two,0,Cost & Sales Performance
MARUTI,Auto,Q1FY25,Analyst,Rishi Vora,"So, when are we going to export the",0,Cost & Sales Performance
MARUTI,Auto,Q1FY25,Analyst,Rahul Bharti,"See, we will have to dispatch cars to about 100 markets of the world including India.",0,Cost & Sales Performance
MARUTI,Auto,Q1FY25,Analyst,Rishi Vora,"So, it does not happen in the month of July.",0,Cost & Sales Performance
MARUTI,Auto,Q1FY25,Analyst,Rahul Bharti,Today is the last day of July and it has not happened today.,0,Cost & Sales Performance
MARUTI,Auto,Q1FY25,Analyst,Rishi Vora,"Secondly, on the Grand Vitara volumes, we have seen quite a significant decline in",-1,General Discussion
MARUTI,Auto,Q1FY25,Analyst,Rahul Bharti,"See, the product is good, the customer response is good and the customers who have seen it",-1,General Discussion
MARUTI,Auto,Q1FY25,Analyst,Rishi Vora,"On the ICE SUV launch, which is slated for release in the coming months, will it",5,New Business & Emerging Trends
MARUTI,Auto,Q1FY25,Analyst,Rahul Bharti,If I tell you now you won't come to our launch.,5,New Business & Emerging Trends
MARUTI,Auto,Q1FY25,Analyst,Rahul Bharti,I want to invite you to our launch.,5,New Business & Emerging Trends
MARUTI,Auto,Q1FY25,Analyst,Rishi Vora,"Just on the ASP side, will there also be some positive impact of",-1,General Discussion
MARUTI,Auto,Q1FY25,Analyst,Rahul Bharti,"What I can tell you is, that let's say by end of July which is now, almost 97% of our volume by",0,Cost & Sales Performance
MARUTI,Auto,Q1FY25,Analyst,Rishi Vora,"Understood and by any chance you know the number, what would be by end of March?",0,Cost & Sales Performance
MARUTI,Auto,Q1FY25,Analyst,Rahul Bharti,"It's a transition phase, so just wait for the next quarter.",1,Analyst Q&A
MARUTI,Auto,Q1FY25,Analyst,Kapil Singh,"Good evening sir, just a few numbers which I wanted.",2,Business Opportunities
MARUTI,Auto,Q1FY25,Analyst,Kapil Singh,"Firstly, the spare sales for the quarter if",0,Cost & Sales Performance
MARUTI,Auto,Q1FY25,Analyst,Arnab Roy,"Okay, first on the last one, the CAPEX is MSIL, SMG is over and above it.",-1,General Discussion
MARUTI,Auto,Q1FY25,Analyst,Arnab Roy,"So, the growth is about 13%, I don't think we have the exact number",-1,General Discussion
MARUTI,Auto,Q1FY25,Analyst,Kapil Singh,What is the yield we have on the Treasury book?,-1,General Discussion
MARUTI,Auto,Q1FY25,Analyst,Arnab Roy,"This is a June quarter, so we don't share the balance sheet.",-1,General Discussion
MARUTI,Auto,Q1FY25,Analyst,Arnab Roy,"So you can do the math, and you can",0,Cost & Sales Performance
MARUTI,Auto,Q1FY25,Analyst,Kapil Singh,"One question I had on the electric vehicle launch in the global markets, particularly",0,Cost & Sales Performance
MARUTI,Auto,Q1FY25,Analyst,Rahul Bharti,"So, Europe today has about 12% EV penetration, but the appetite is high.",5,New Business & Emerging Trends
MARUTI,Auto,Q1FY25,Analyst,Rahul Bharti,"See, obviously this will not be like India, where Maruti Suzuki is a dominant player.",0,Cost & Sales Performance
MARUTI,Auto,Q1FY25,Analyst,Pramod Amthe,"So, Rahul, this is with regard to the exports.",0,Cost & Sales Performance
MARUTI,Auto,Q1FY25,Analyst,Pramod Amthe,"As a proportion of mix, we seem to be",-1,General Discussion
MARUTI,Auto,Q1FY25,Analyst,Rahul Bharti,"As I mentioned, we export to about 100 countries of the world.",0,Cost & Sales Performance
MARUTI,Auto,Q1FY25,Analyst,Pramod Amthe,The second one is taking forward to the EV exports.,5,New Business & Emerging Trends
MARUTI,Auto,Q1FY25,Analyst,Pramod Amthe,"So, how do you need to track from India",0,Cost & Sales Performance
MARUTI,Auto,Q1FY25,Analyst,Pramod Amthe,"Yeah, I was saying initial pricing has come through, in Europe how the products are pricing, so,",0,Cost & Sales Performance
MARUTI,Auto,Q1FY25,Analyst,Rahul Bharti,See how they price it in their markets is their strategy.,0,Cost & Sales Performance
MARUTI,Auto,Q1FY25,Analyst,Rahul Bharti,"But of course, since we have to export",0,Cost & Sales Performance
MARUTI,Auto,Q1FY25,Analyst,Pramod Amthe,And you will be working on quarterly targets of pushing volumes to the parent based on the,-1,General Discussion
MARUTI,Auto,Q1FY25,Analyst,Rahul Bharti,Every market has a customer appetite and there is a demand,0,Cost & Sales Performance
MARUTI,Auto,Q2FY25,Analyst,Rahul Bharti,"Thanks Pranav, Good evening, ladies and gentlemen, and thank you for joining us.",2,Business Opportunities
MARUTI,Auto,Q2FY25,Analyst,Raghunandan NL,"Thank you, sir, for the opportunity, and festive greetings.",2,Business Opportunities
MARUTI,Auto,Q2FY25,Analyst,Rahul Bharti,"So, in the festive season, if we talk about retail sales, and I am talking about the period",0,Cost & Sales Performance
MARUTI,Auto,Q2FY25,Analyst,Raghunandan NL,"Sir, the strategy to take the market share back to 50%.",0,Cost & Sales Performance
MARUTI,Auto,Q2FY25,Analyst,Rahul Bharti,I want to add one more piece of statistics.,0,Cost & Sales Performance
MARUTI,Auto,Q2FY25,Analyst,Rahul Bharti,"In the month of October, our retail grew by",0,Cost & Sales Performance
MARUTI,Auto,Q2FY25,Management,Binay Singh,"Just continuing on the earlier comments you made, like",1,Analyst Q&A
MARUTI,Auto,Q2FY25,Analyst,Rahul Bharti,"We have to be conscious that this would have had some amount of deferred sales, some amount",-1,General Discussion
MARUTI,Auto,Q2FY25,Management,Binay Singh,"Like earlier, we had talked about, I think, 10% H2 growth in",0,Cost & Sales Performance
MARUTI,Auto,Q2FY25,Analyst,Rahul Bharti,We had mentioned 10% for the small car segment and 6% overall.,0,Cost & Sales Performance
MARUTI,Auto,Q2FY25,Analyst,Rahul Bharti,"See, in the month of October, the cars that were in the 18% bracket",5,New Business & Emerging Trends
MARUTI,Auto,Q2FY25,Management,Binay Singh,"And lastly, typically post-festive, we see production volumes dropping down.",0,Cost & Sales Performance
MARUTI,Auto,Q2FY25,Analyst,Rahul Bharti,Our production colleagues have worked for three Sundays now and probably will need to work,1,Analyst Q&A
MARUTI,Auto,Q2FY25,Analyst,Rahul Bharti,"Sorry your voice is not clear but if your question is on pending bookings, it's about 200,000",-1,General Discussion
MARUTI,Auto,Q2FY25,Analyst,Gunjan Prithyani,"Firstly, on the small car recovery that we are seeing right now.",-1,General Discussion
MARUTI,Auto,Q2FY25,Analyst,Rahul Bharti,"I think studying the market, studying the consumer trends and studying what can we do different",0,Cost & Sales Performance
MARUTI,Auto,Q2FY25,Analyst,Gunjan Prithyani,Just looking for a clarification on what did this depreciation,-1,General Discussion
MARUTI,Auto,Q2FY25,Analyst,Arnab Roy,"So, all the depreciation is primarily coming out",-1,General Discussion
MARUTI,Auto,Q2FY25,Analyst,Gunjan Prithyani,Kharkhoda had already reflected from March and June quarter.,-1,General Discussion
MARUTI,Auto,Q2FY25,Analyst,Gunjan Prithyani,"So, I am a little unsure about the",1,Analyst Q&A
MARUTI,Auto,Q2FY25,Analyst,Arnab Roy,"Plus, we had a new model launch which came out, the",5,New Business & Emerging Trends
MARUTI,Auto,Q2FY25,Analyst,Kapil Singh,"I just wanted to understand, we have seen a very strong improvement in ASPs.",-1,General Discussion
MARUTI,Auto,Q2FY25,Analyst,Arnab Roy,I think we are holding on to the mix.,-1,General Discussion
MARUTI,Auto,Q2FY25,Analyst,Arnab Roy,"So, overall, if we have to talk about the ASP, in Quarter 2",-1,General Discussion
MARUTI,Auto,Q2FY25,Analyst,Kapil Singh,"Which model, mix or what mix has led to a QoQ improvement",1,Analyst Q&A
MARUTI,Auto,Q2FY25,Analyst,Arnab Roy,"It's a combination of multiple things because there are multiple markets, multiple things which",0,Cost & Sales Performance
MARUTI,Auto,Q2FY25,Analyst,Kapil Singh,"And can you just let us know, where are the inventory levels?",0,Cost & Sales Performance
MARUTI,Auto,Q2FY25,Analyst,Rahul Bharti,"Last year, 211,000 units during the festive period (3rd October’24 to 11th",-1,General Discussion
MARUTI,Auto,Q2FY25,Analyst,Arnab Roy,"So, as of September end, we were at about 38 days of inventory.",0,Cost & Sales Performance
MARUTI,Auto,Q2FY25,Analyst,Kapil Singh,And just one question I had on the pricing power now.,0,Cost & Sales Performance
MARUTI,Auto,Q2FY25,Analyst,Kapil Singh,How to think about that and the discounts?,0,Cost & Sales Performance
MARUTI,Auto,Q2FY25,Management,Amit Hiranandani,Thanks for the opportunity and congrats team for the decent set of numbers.,2,Business Opportunities
MARUTI,Auto,Q2FY25,Analyst,Rahul Bharti,"You know, pricing and discounts depend on many-many",0,Cost & Sales Performance
MARUTI,Auto,Q2FY25,Management,Amit Hiranandani,"Sir, your retail sales have done very well.",-1,General Discussion
MARUTI,Auto,Q2FY25,Management,Amit Hiranandani,"Basically, I wanted to understand what was the",1,Analyst Q&A
MARUTI,Auto,Q2FY25,Management,Amit Hiranandani,"So, lastly, any upward revision in the export’s growth target of 20% for this fiscal?",0,Cost & Sales Performance
MARUTI,Auto,Q2FY25,Analyst,Rahul Bharti,"So, we should be exceeding our guidance of 400,000 units this year.",-1,General Discussion
MARUTI,Auto,Q2FY25,Analyst,Amyn Pirani,Most of my results related questions have already been asked.,-1,General Discussion
MARUTI,Auto,Q2FY25,Analyst,Rahul Bharti,What is good for India is good for Maruti and what is good for Maruti is good for India.,0,Cost & Sales Performance
MARUTI,Auto,Q2FY25,Analyst,Amyn Pirani,"As a follow-up, last year you talked about two new SUV",5,New Business & Emerging Trends
MARUTI,Auto,Q2FY25,Analyst,Rahul Bharti,Thanks for that question but I think you will have to retain your curiosity for some more time.,2,Business Opportunities
MARUTI,Auto,Q2FY25,Management,Kumar Rakesh,"My first question, Rahul, was around the same question which Amyn",1,Analyst Q&A
MARUTI,Auto,Q2FY25,Analyst,Rahul Bharti,"The answer is yes, I do not know if you are aware Suzuki Motor Corporation on its website has",0,Cost & Sales Performance
MARUTI,Auto,Q2FY25,Management,"Suzuki.
Kumar Rakesh",Is there any similar number or goals for Maruti Suzuki that you would want to share?,0,Cost & Sales Performance
MARUTI,Auto,Q2FY25,Analyst,Rahul Bharti,"So, this 10% EBIT margin we have also adopted as a guiding light and management is working",0,Cost & Sales Performance
MARUTI,Auto,Q2FY25,Management,Kumar Rakesh,My second question was more near term over the last two,1,Analyst Q&A
MARUTI,Auto,Q2FY25,Analyst,Arnab Roy,"As I said earlier, gross margin and operating margin are a function of multiple factors.",0,Cost & Sales Performance
MARUTI,Auto,Q2FY25,Management,Kumar Rakesh,Can you share the CNG mix in the quarter?,0,Cost & Sales Performance
MARUTI,Auto,Q2FY25,Analyst,"Please go ahead.
Chandramouli Muthiah","Hi, good evening and thank you for taking my questions.",2,Business Opportunities
MARUTI,Auto,Q2FY25,Analyst,Chandramouli Muthiah,Second question is just a clarification on export revenue in the quarter and also if,0,Cost & Sales Performance
MARUTI,Auto,Q2FY25,Analyst,Rahul Bharti,"So, the export revenue is about 8,300 crores plus and your other question was?",0,Cost & Sales Performance
MARUTI,Auto,Q2FY25,Analyst,Chandramouli Muthiah,The retail for the September quarter and discount per unit that you had in the quarter.,0,Cost & Sales Performance
MARUTI,Auto,Q2FY25,Analyst,Rahul Bharti,"So, retail sales was about 394,000 units in Q2 FY26 and sales promotion sequentially affected",0,Cost & Sales Performance
MARUTI,Auto,Q2FY25,Analyst,Chandramouli Muthiah,Alright and just lastly on the eight SUVs launch plan over the next 5-6 years.,5,New Business & Emerging Trends
MARUTI,Auto,Q2FY25,Analyst,Chandramouli Muthiah,So there can be some small car launches in tandem with the SUVs to keep that healthy,5,New Business & Emerging Trends
MARUTI,Auto,Q2FY25,Analyst,Rahul Bharti,There could be so many ways of looking at the portfolio.,0,Cost & Sales Performance
MARUTI,Auto,Q2FY25,Analyst,Chandramouli Muthiah,Thank you very much and all the best.,2,Business Opportunities
MARUTI,Auto,Q2FY25,Analyst,Pramod Amthe,I wanted to get some color in terms of consumer profile in this recovery.,3,Management Commentary
MARUTI,Auto,Q2FY25,Analyst,Rahul Bharti,"So, as anecdotally our marketing colleagues have mentioned, we see a lot of helmets coming",8,Macro & Scale Commentary
MARUTI,Auto,Q2FY25,Analyst,Pramod Amthe,"And looking at the first-time buyer, do you see a first-time buyer increasing.",-1,General Discussion
MARUTI,Auto,Q2FY25,Analyst,Rahul Bharti,"So, there is some increase in the first-time buyers.",-1,General Discussion
MARUTI,Auto,Q2FY25,Analyst,Rahul Bharti,Since these have been days of high sales,-1,General Discussion
MARUTI,Auto,Q2FY25,Analyst,Pramod Amthe,"And related to GST also, do you see a decent reduction in the service charges because the parts",-1,General Discussion
MARUTI,Auto,Q2FY25,Analyst,Pramod Amthe,There has also been a lot of auto component parts where the GST has been reduced.,-1,General Discussion
MARUTI,Auto,Q2FY25,Analyst,Rahul Bharti,"So just to add to it, the share of the 4 entry level vehicles in our portfolio has gone up from about",5,New Business & Emerging Trends
MARUTI,Auto,Q3FY25,Analyst,Rahul Bharti,"Good afternoon, ladies and gentlemen, and thank you for joining us.",2,Business Opportunities
MARUTI,Auto,Q3FY25,Analyst,Gunjan Prithyani,"Just looking for a bit of clarification on the numbers that you shared on the margin, can you talk",0,Cost & Sales Performance
MARUTI,Auto,Q3FY25,Analyst,Rahul Bharti,"So we are seeing some kind of headwinds in commodities at the moment in platinum, palladium,",0,Cost & Sales Performance
MARUTI,Auto,Q3FY25,Analyst,Gunjan Prithyani,"And bit more on precious metals, how significant is it in terms of the commodity costs?",0,Cost & Sales Performance
MARUTI,Auto,Q3FY25,Analyst,Rahul Bharti,"As of now, we have not taken a view on to the future.",-1,General Discussion
MARUTI,Auto,Q3FY25,Analyst,Rahul Bharti,"But yes, we can mention to you that the",1,Analyst Q&A
MARUTI,Auto,Q3FY25,Analyst,Gunjan Prithyani,And my second question is on the demand outlook.,0,Cost & Sales Performance
MARUTI,Auto,Q3FY25,Analyst,Rahul Bharti,"So, as I mentioned, in the immediate short-term, of course, we are constrained by supply, and",0,Cost & Sales Performance
MARUTI,Auto,Q3FY25,Analyst,Gunjan Prithyani,"And just lastly, just housekeeping, if you can give the discounts and the retail volumes",-1,General Discussion
MARUTI,Auto,Q3FY25,Analyst,Rahul Bharti,"So of course, as we mentioned, the discounts were at a much lower level.",0,Cost & Sales Performance
MARUTI,Auto,Q3FY25,Analyst,Gunjan Prithyani,Retail volumes and I will join back the queue.,-1,General Discussion
MARUTI,Auto,Q3FY25,Analyst,Chandramouli Muthiah,My first question is just around the amalgamated financials.,-1,General Discussion
MARUTI,Auto,Q3FY25,Analyst,Chandramouli Muthiah,"So, if I were to just compare, it",-1,General Discussion
MARUTI,Auto,Q3FY25,Analyst,Arnab Roy,You're right on the classification part of depreciation and rent.,-1,General Discussion
MARUTI,Auto,Q3FY25,Analyst,Chandramouli Muthiah,I think over the past 4 to 5,-1,General Discussion
MARUTI,Auto,Q3FY25,Analyst,Rahul Bharti,"So yes, there was a one-off in the quarter 3.",1,Analyst Q&A
MARUTI,Auto,Q3FY25,Analyst,Rahul Bharti,We missed a shipment for some logistical reasons.,0,Cost & Sales Performance
MARUTI,Auto,Q3FY25,Analyst,Chandramouli Muthiah,"And lastly, if you could you share the export revenue for the quarter,",0,Cost & Sales Performance
MARUTI,Auto,Q3FY25,Analyst,Arvind Sharma,If you could just tell us the reason for this quarter-on-quarter,1,Analyst Q&A
MARUTI,Auto,Q3FY25,Analyst,Rahul Bharti,"In our top line, apart from the sale of vehicles, we have other",-1,General Discussion
MARUTI,Auto,Q3FY25,Analyst,Arvind Sharma,"The second question, if I could ask, would be on VICTORIS versus Grand",1,Analyst Q&A
MARUTI,Auto,Q3FY25,Analyst,Rahul Bharti,"Of course, it should contribute to profits healthily.",-1,General Discussion
MARUTI,Auto,Q3FY25,Analyst,Arvind Sharma,"And sir, if I may just ask one small clarification.",1,Analyst Q&A
MARUTI,Auto,Q3FY25,Analyst,Arnab Roy,"It's predominantly the past services cost, which has got",-1,General Discussion
MARUTI,Auto,Q3FY25,Analyst,Kapil Singh,Could you share your outlook between the segments of,-1,General Discussion
MARUTI,Auto,Q3FY25,Analyst,Rahul Bharti,"So, Kapil, we are seeing a healthy demand all across.",0,Cost & Sales Performance
MARUTI,Auto,Q3FY25,Analyst,Rahul Bharti,"Of course, small cars were earlier at a",5,New Business & Emerging Trends
MARUTI,Auto,Q3FY25,Analyst,"I missed.
Kapil Singh","First-time buyer mix, have you seen any changes before?",-1,General Discussion
MARUTI,Auto,Q3FY25,Analyst,Rahul Bharti,"So, there are so many ways of defining, the increase is 7%.",0,Cost & Sales Performance
MARUTI,Auto,Q3FY25,Analyst,Kapil Singh,"We used to say around like around 40% or so, right.",0,Cost & Sales Performance
MARUTI,Auto,Q3FY25,Analyst,Kapil Singh,"So, if we should assume 47% or something?",0,Cost & Sales Performance
MARUTI,Auto,Q3FY25,Analyst,Rahul Bharti,"So, with respect to that benchmark, yes, it has gone up by 7%.",0,Cost & Sales Performance
MARUTI,Auto,Q3FY25,Analyst,Kapil Singh,"And sir, the second question is on the pricing.",0,Cost & Sales Performance
MARUTI,Auto,Q3FY25,Analyst,Rahul Bharti,"See, this is a historic GST reform and the momentum generated is from something like 0%,",-1,General Discussion
MARUTI,Auto,Q3FY25,Analyst,Mumuksh Mandlesha,"For the exports market for CY '26, any outlook you want to share?",0,Cost & Sales Performance
MARUTI,Auto,Q3FY25,Analyst,Rahul Bharti,"VICTORIS, we sent out the first shipment of about 400-500 numbers from the Gujarat port.",-1,General Discussion
MARUTI,Auto,Q3FY25,Analyst,Mumuksh Mandlesha,"On the e VITARA side, how are you seeing the ramp-up?",-1,General Discussion
MARUTI,Auto,Q3FY25,Analyst,Rahul Bharti,"So, the e VITARA, as I mentioned in my opening remarks also, till the end of December, we",-1,General Discussion
MARUTI,Auto,Q3FY25,Analyst,Mumuksh Mandlesha,"This forex impact is part of which line item, sir?",0,Cost & Sales Performance
MARUTI,Auto,Q3FY25,Analyst,Mumuksh Mandlesha,"And sir, possible to share spares number this quarter?",0,Cost & Sales Performance
MARUTI,Auto,Q3FY25,Analyst,Mumuksh Mandlesha,"Lastly, just on the steel prices also have recently moved up.",0,Cost & Sales Performance
MARUTI,Auto,Q3FY25,Analyst,Rahul Bharti,"So, the government had given a safeguard duty in some grades, with some price limits.",-1,General Discussion
MARUTI,Auto,Q3FY25,Analyst,Rishi Vora,My first question is just a clarification on SMG amalgamation.,-1,General Discussion
MARUTI,Auto,Q3FY25,Analyst,Arnab Roy,"As per Ind AS, you have to restate the financials for previous year.",-1,General Discussion
MARUTI,Auto,Q3FY25,Analyst,Rishi Vora,So that is also a like-for-like SMG amalgamated number?,-1,General Discussion
MARUTI,Auto,Q3FY25,Analyst,Arnab Roy,I mean when the moment you do it; you'll have to restate all the comparable,-1,General Discussion
MARUTI,Auto,Q3FY25,Analyst,Rishi Vora,Second question is regarding the 50 bps of Fixed Cost Incidence you talked about.,-1,General Discussion
MARUTI,Auto,Q3FY25,Analyst,Arnab Roy,"In Q3, there was a depletion in inventory at the factory.",1,Analyst Q&A
MARUTI,Auto,Q3FY25,Analyst,Rishi Vora,And just last question on the commodity side of things.,0,Cost & Sales Performance
MARUTI,Auto,Q3FY25,Analyst,Rahul Bharti,"The largest commodity is steel, which you cannot hedge.",0,Cost & Sales Performance
MARUTI,Auto,Q3FY25,Analyst,Arnab Roy,"And just to supplement here, if you look at it, there is a predictable trend to the commodity, then",0,Cost & Sales Performance
MARUTI,Auto,Q3FY25,Analyst,Rishi Vora,"So right now, just to clarify, do we have any hedges or we don't?",0,Cost & Sales Performance
MARUTI,Auto,Q3FY25,Management,Binay Singh,"Looking at the backlog that you talked about and demand trends, how do you see mix trending",0,Cost & Sales Performance
MARUTI,Auto,Q3FY25,Analyst,Rahul Bharti,"Binay, I may want to tell you that once demand momentum comes, the operating leverage is so",-1,General Discussion
MARUTI,Auto,Q3FY25,Management,Binay Singh,"And Rahul, that leads me to the second question, how to think about EBIT margins",0,Cost & Sales Performance
MARUTI,Auto,Q3FY25,Analyst,Arnab Roy,"See, I think we have clarified this a few quarters now that we don't give a forward-looking",1,Analyst Q&A
MARUTI,Auto,Q3FY25,Management,Binay Singh,"And then just lastly, on this price reduction, 70 basis points hit that we said, we had earlier also",-1,General Discussion
MARUTI,Auto,Q3FY25,Analyst,Rahul Bharti,"So, we had announced these and customers who had booked that time, some of them we have",0,Cost & Sales Performance
MARUTI,Auto,Q3FY25,Analyst,Pramod Amthe,"One is considering the buoyancy in demand and also the low inventory, do",0,Cost & Sales Performance
MARUTI,Auto,Q3FY25,Analyst,Rahul Bharti,"So, in terms of capacity, I mentioned that two plants will come onstream.",-1,General Discussion
MARUTI,Auto,Q3FY25,Analyst,Pramod Amthe,"So, would you balance between capacity versus new model launches?",5,New Business & Emerging Trends
MARUTI,Auto,Q3FY25,Analyst,Pramod Amthe,"When you look at capex, one is for fixed asset, and the second one is for new model launches.",-1,General Discussion
MARUTI,Auto,Q3FY25,Analyst,Rahul Bharti,"No, there is no need to cut down on any one of them.",-1,General Discussion
MARUTI,Auto,Q3FY25,Analyst,Pramod Amthe,I agree because we haven't seen such a 0.5 million capacity being installed at one go.,-1,General Discussion
MARUTI,Auto,Q3FY25,Analyst,"I was asking on the capex.
Rahul Bharti",India is the third largest car market now.,0,Cost & Sales Performance
MARUTI,Auto,Q3FY25,Analyst,Pramod Amthe,"And related to that, in terms of new models, is there a delay in terms of EV rollout for India?",5,New Business & Emerging Trends
MARUTI,Auto,Q3FY25,Analyst,Rahul Bharti,It's just that we are serving about 100 markets.,0,Cost & Sales Performance
MARUTI,Auto,Q3FY25,Analyst,Pramod Amthe,And the last one is with regard to the EU and UK FTA.,-1,General Discussion
MARUTI,Auto,Q3FY25,Analyst,Pramod Amthe,How do you see an opportunity for you,1,Analyst Q&A
MARUTI,Auto,Q3FY25,Analyst,Rahul Bharti,The preliminary details that have come out seem to be quite positive.,-1,General Discussion
MARUTI,Auto,Q4FY25,Analyst,Rahul Bharti,"Good afternoon, ladies and gentlemen, and thank you for joining us.",2,Business Opportunities
MARUTI,Auto,Q4FY25,Analyst,Gunjan Prithyani,My first question is on the cost headwinds and thanks for giving that margin bridge.,8,Macro & Scale Commentary
MARUTI,Auto,Q4FY25,Analyst,Rahul Bharti,"So though you asked only about margin, but I'll speak about both demand",0,Cost & Sales Performance
MARUTI,Auto,Q4FY25,Analyst,Gunjan Prithyani,"Do we see a similar sort of cost headwind going into quarter 1 as well, 80 basis points",8,Macro & Scale Commentary
MARUTI,Auto,Q4FY25,Analyst,Rahul Bharti,A lot of mitigation actions are in progress.,-1,General Discussion
MARUTI,Auto,Q4FY25,Analyst,Rahul Bharti,"In fact, that management spends a lot of time on this.",0,Cost & Sales Performance
MARUTI,Auto,Q4FY25,Analyst,Gunjan Prithyani,My second question is on the emission regulations now.,-1,General Discussion
MARUTI,Auto,Q4FY25,Analyst,Rahul Bharti,The final draft is yet to be notified.,-1,General Discussion
MARUTI,Auto,Q4FY25,Analyst,Gunjan Prithyani,What can be the cost increase because of flex-fuel for upgrading the engine or complement,-1,General Discussion
MARUTI,Auto,Q4FY25,Analyst,Rahul Bharti,"First of all, let me tell you, there are two distinct movements happening in ethanol.",0,Cost & Sales Performance
MARUTI,Auto,Q4FY25,Analyst,"Sachs. Please go ahead.
Chandramouli Muthiah","Hi, good evening and thanks for taking my question.",2,Business Opportunities
MARUTI,Auto,Q4FY25,Analyst,Rahul Bharti,Our Chairman just mentioned that this time we would be thinking of utilizing our new plants.,-1,General Discussion
MARUTI,Auto,Q4FY25,Analyst,Chandramouli Muthiah,"You mentioned that there will be 250,000 units of additional",-1,General Discussion
MARUTI,Auto,Q4FY25,Analyst,Chandramouli Muthiah,"So just related to that, last year when you had put the first Greenfield in Kharkhoda, there",-1,General Discussion
MARUTI,Auto,Q4FY25,Analyst,Arnab Roy,"There will be some ramp-up definitely for the Kharkhoda Phase 2 plant, but we do not expect",-1,General Discussion
MARUTI,Auto,Q4FY25,Analyst,Chandramouli Muthiah,"And last question, just bookkeeping questions around the other income",-1,General Discussion
MARUTI,Auto,Q4FY25,Analyst,Chandramouli Muthiah,"And just the retail numbers, Maruti's retail volume number for the quarter.",0,Cost & Sales Performance
MARUTI,Auto,Q4FY25,Analyst,Chandramouli Muthiah,Thank you very much and all the best.,2,Business Opportunities
MARUTI,Auto,Q4FY25,Analyst,"Please go ahead.
Raghunandhan NL","Sir, firstly, if you can indicate growth or",0,Cost & Sales Performance
MARUTI,Auto,Q4FY25,Analyst,Rahul Bharti,It is a very hard to draw a line between urban and rural because the boundaries are blurring now.,-1,General Discussion
MARUTI,Auto,Q4FY25,Analyst,Raghunandhan NL,And how are you seeing the trend in the first-time buyers and the share increase?,-1,General Discussion
MARUTI,Auto,Q4FY25,Analyst,Rahul Bharti,Happy to share that the first-time buyer is about 51% in Q4 FY26.,-1,General Discussion
MARUTI,Auto,Q4FY25,Analyst,Rahul Bharti,Q3FY26 was at 48% and Q4FY26 at 51%.,1,Analyst Q&A
MARUTI,Auto,Q4FY25,Analyst,Raghunandhan NL,"And this also aligns with that 130,000 small car orders, which",5,New Business & Emerging Trends
MARUTI,Auto,Q4FY25,Analyst,Rahul Bharti,What we can share with you is that EBIT margin has expanded by about 50 bps on account of,0,Cost & Sales Performance
MARUTI,Auto,Q4FY25,Management,Kumar Rakesh,Good evening and thank you for taking my question.,2,Business Opportunities
MARUTI,Auto,Q4FY25,Analyst,Rahul Bharti,"We have a healthy product line-up, and we'll keep our customers enthralled.",0,Cost & Sales Performance
MARUTI,Auto,Q4FY25,Management,Kumar Rakesh,"But can we imply that going by that run rate, we should be having one new nameplate at",-1,General Discussion
MARUTI,Auto,Q4FY25,Analyst,Rahul Bharti,"See, a model development is about 4 years lead time.",-1,General Discussion
MARUTI,Auto,Q4FY25,Analyst,Rahul Bharti,So it's not necessary that we space it out,-1,General Discussion
MARUTI,Auto,Q4FY25,Management,Kumar Rakesh,"And on the EV side, e VITARA now is launched in the domestic market as well.",5,New Business & Emerging Trends
MARUTI,Auto,Q4FY25,Analyst,Rahul Bharti,"In fact, in my opening message, I mentioned that we are happy that",1,Analyst Q&A
MARUTI,Auto,Q4FY25,Management,Kumar Rakesh,Just one final question on the margin side.,0,Cost & Sales Performance
MARUTI,Auto,Q4FY25,Management,Kumar Rakesh,I understand you spoke about that there are a,1,Analyst Q&A
MARUTI,Auto,Q4FY25,Analyst,Rahul Bharti,So it's always difficult to give out a guidance on margins.,0,Cost & Sales Performance
MARUTI,Auto,Q4FY25,Analyst,Rahul Bharti,But what I can tell you is the quarter,1,Analyst Q&A
MARUTI,Auto,Q4FY25,Analyst,Arvind Sharma,"First would be on a Q-o-Q basis, ASPs have increased a",1,Analyst Q&A
MARUTI,Auto,Q4FY25,Analyst,Rahul Bharti,We do believe that there is still headroom for ASP because of the upper segment models.,-1,General Discussion
MARUTI,Auto,Q4FY25,Analyst,Rahul Bharti,"For example, EVs have to increase in the future.",5,New Business & Emerging Trends
MARUTI,Auto,Q4FY25,Analyst,Arvind Sharma,"And on the balance sheet, just 2 points.",-1,General Discussion
MARUTI,Auto,Q4FY25,Analyst,Arvind Sharma,What is the capex plan for these 2 expansions for,-1,General Discussion
MARUTI,Auto,Q4FY25,Analyst,Arnab Roy,"Overall, on the capex for FY 26-27, we are looking at a INR14,000 crores capex for the full",0,Cost & Sales Performance
MARUTI,Auto,Q4FY25,Analyst,Arnab Roy,"There will be always small timing issues, but let me just quickly see that once.",1,Analyst Q&A
MARUTI,Auto,Q4FY25,Analyst,Rahul Bharti,So we'll come back on this while he has a look on the inventory.,0,Cost & Sales Performance
MARUTI,Auto,Q4FY25,Management,Amit Hiranandani,"Yes, thanks team for the opportunity and congrats for a reasonable set of numbers despite the",2,Business Opportunities
MARUTI,Auto,Q4FY25,Analyst,Rahul Bharti,"We are speaking about Maruti, not the domestic PV industry.",0,Cost & Sales Performance
MARUTI,Auto,Q4FY25,Analyst,Rahul Bharti,"If you can help me predict the war, I can predict the export number.",0,Cost & Sales Performance
MARUTI,Auto,Q4FY25,Analyst,Rahul Bharti,"Sorry, there was one question which needs to be addressed.",1,Analyst Q&A
MARUTI,Auto,Q4FY25,Analyst,Arnab Roy,So let me come back on the earlier inventory question before we close.,0,Cost & Sales Performance
SUNPHARMA,Pharma,Q1FY25,Analyst,Corporate Office,"Sun House, 201 B/1, Western Express Highway, Goregaon (E), Mumbai - 400063",4,Performance Metrics
SUNPHARMA,Pharma,Q1FY25,Analyst,Abhishek Sharma,Good evening and a warm welcome to our first quarter FY'26 Earnings Call.,2,Business Opportunities
SUNPHARMA,Pharma,Q1FY25,Analyst,Jayashree Satagopan,Welcome and thank you for joining us in this earnings call after the,2,Business Opportunities
SUNPHARMA,Pharma,Q1FY25,Analyst,Corporate Office,"Sun House, 201 B/1, Western Express Highway, Goregaon (E), Mumbai - 400063",4,Performance Metrics
SUNPHARMA,Pharma,Q1FY25,Analyst,Kirti Ganorkar,I shall take you through the performance of our India business.,0,Cost & Sales Performance
SUNPHARMA,Pharma,Q1FY25,Analyst,Corporate Office,"Sun House, 201 B/1, Western Express Highway, Goregaon (E), Mumbai - 400063",4,Performance Metrics
SUNPHARMA,Pharma,Q1FY25,Analyst,Richard Ascroft,I will provide an update on the performance of our US business.,0,Cost & Sales Performance
SUNPHARMA,Pharma,Q1FY25,Management,Dilip Shanghvi,I will provide an update on the performance highlights of our other businesses,0,Cost & Sales Performance
SUNPHARMA,Pharma,Q1FY25,Analyst,"They plan to refile the application at an appropriate time when they have the requisite information. Sun Pharma
Corporate Office","Sun House, 201 B/1, Western Express Highway, Goregaon (E), Mumbai - 400063",4,Performance Metrics
SUNPHARMA,Pharma,Q1FY25,Analyst,Abhishek Sharma,"Operator, if we can open the queue for Q&A.",-1,General Discussion
SUNPHARMA,Pharma,Q1FY25,Analyst,Kunal Dhamesha,"Hi, thank you for the opportunity and good evening.",2,Business Opportunities
SUNPHARMA,Pharma,Q1FY25,Management,Dilip Shanghvi,"Yes, the plan is to present the data or publish the trial result in a reputed journal before we start",0,Cost & Sales Performance
SUNPHARMA,Pharma,Q1FY25,Analyst,Kunal Dhamesha,"And the second question is regarding, we had suggested that there",1,Analyst Q&A
SUNPHARMA,Pharma,Q1FY25,Management,Dilip Shanghvi,"So, in addition to the actual cost outgo, there will also be amortization of the cost of the",-1,General Discussion
SUNPHARMA,Pharma,Q1FY25,Analyst,Kunal Dhamesha,"So, this 100 million includes both the cash and amortization charge",-1,General Discussion
SUNPHARMA,Pharma,Q1FY25,Analyst,Corporate Office,"Sun House, 201 B/1, Western Express Highway, Goregaon (E), Mumbai - 400063",4,Performance Metrics
SUNPHARMA,Pharma,Q1FY25,Management,Dilip Shanghvi,"No, I think it will be the direct cost 100 million.",-1,General Discussion
SUNPHARMA,Pharma,Q1FY25,Analyst,Jayashree Satagopan,Amortization will be factored in our guidance that we have given.,-1,General Discussion
SUNPHARMA,Pharma,Q1FY25,Analyst,Kunal Dhamesha,"I have more questions, I will join back the queue.",-1,General Discussion
SUNPHARMA,Pharma,Q1FY25,Analyst,Richard Ascroft,"So, we just launched Leqselvi a couple weeks ago.",-1,General Discussion
SUNPHARMA,Pharma,Q1FY25,Analyst,Neha Manpuria,"And Rick, in your view, when do you think this starts converting into revenue contributions,",-1,General Discussion
SUNPHARMA,Pharma,Q1FY25,Analyst,Richard Ascroft,"If we plan, we will see some impact this year, this fiscal year.",-1,General Discussion
SUNPHARMA,Pharma,Q1FY25,Analyst,Neha Manpuria,My second question is on the ROW market.,0,Cost & Sales Performance
SUNPHARMA,Pharma,Q1FY25,Analyst,Neha Manpuria,That seems to have seen a very strong,-1,General Discussion
SUNPHARMA,Pharma,Q1FY25,Analyst,Corporate Office,"Sun House, 201 B/1, Western Express Highway, Goregaon (E), Mumbai - 400063",4,Performance Metrics
SUNPHARMA,Pharma,Q1FY25,Management,Dilip Shanghvi,"No, I think she's asking about the rest of the world market.",0,Cost & Sales Performance
SUNPHARMA,Pharma,Q1FY25,Analyst,Neha Manpuria,I am sorry if I could squeeze in one more question.,1,Analyst Q&A
SUNPHARMA,Pharma,Q1FY25,Management,Dilip Shanghvi,"Yes, maybe Rick, you can respond because I am away from market that way.",-1,General Discussion
SUNPHARMA,Pharma,Q1FY25,Analyst,Richard Ascroft,"Yes, I would say we have no further information on the MFN executive order.",-1,General Discussion
SUNPHARMA,Pharma,Q1FY25,Analyst,Damayanti Kerai,"Hi, good evening and thank you for the opportunity.",2,Business Opportunities
SUNPHARMA,Pharma,Q1FY25,Analyst,Richard Ascroft,We actually have a significant footprint in the United States already.,-1,General Discussion
SUNPHARMA,Pharma,Q1FY25,Analyst,Damayanti Kerai,If you can indicate broadly what percentage of sales come from your U.S. plant at this point,-1,General Discussion
SUNPHARMA,Pharma,Q1FY25,Analyst,Damayanti Kerai,But you think the current capacity is good enough for you in case you need to onshore,-1,General Discussion
SUNPHARMA,Pharma,Q1FY25,Analyst,Corporate Office,"Sun House, 201 B/1, Western Express Highway, Goregaon (E), Mumbai - 400063",4,Performance Metrics
SUNPHARMA,Pharma,Q1FY25,Analyst,Damayanti Kerai,And my second question is on the Revlimid opportunity.,-1,General Discussion
SUNPHARMA,Pharma,Q1FY25,Analyst,Richard Ascroft,I would say our generics business faces up and downs quarterly due to lenalidomide.,0,Cost & Sales Performance
SUNPHARMA,Pharma,Q1FY25,Analyst,Damayanti Kerai,But does 1Q has significant contribution from that product?,1,Analyst Q&A
SUNPHARMA,Pharma,Q1FY25,Analyst,Abhishek Sharma,"So Damayanti, Q1 lenalidomide sales were moderately higher versus Q4.",0,Cost & Sales Performance
SUNPHARMA,Pharma,Q1FY25,Management,Dilip Shanghvi,"So I think when you look at the numbers, you also need to look at dosing.",0,Cost & Sales Performance
SUNPHARMA,Pharma,Q1FY25,Analyst,Bino Pathiparampil,And just a question on the one-off settlement that you have done.,-1,General Discussion
SUNPHARMA,Pharma,Q1FY25,Analyst,Jayashree Satagopan,"Out of the $200 million, we were carrying a provision for part",-1,General Discussion
SUNPHARMA,Pharma,Q1FY25,Analyst,Corporate Office,"Sun House, 201 B/1, Western Express Highway, Goregaon (E), Mumbai - 400063",4,Performance Metrics
SUNPHARMA,Pharma,Q1FY25,Management,Shashank Krishnakumar,My first question was on the domestic business.,0,Cost & Sales Performance
SUNPHARMA,Pharma,Q1FY25,Analyst,Kirti Ganorkar,The majority of the growth is coming from prescription business.,0,Cost & Sales Performance
SUNPHARMA,Pharma,Q1FY25,Management,Shashank Krishnakumar,"So my second question was, again, last quarter we had indicated that",1,Analyst Q&A
SUNPHARMA,Pharma,Q1FY25,Management,Dilip Shanghvi,"So, I think if you look at that way globally, there's a lot of",-1,General Discussion
SUNPHARMA,Pharma,Q1FY25,Analyst,Surya Narayan Patra,"Taking the GLP point further, could you give some sense",-1,General Discussion
SUNPHARMA,Pharma,Q1FY25,Management,Dilip Shanghvi,"I think Maybe Alok, you want to respond, but I don't know whether we share this information.",-1,General Discussion
SUNPHARMA,Pharma,Q1FY25,Analyst,Corporate Office,"Sun House, 201 B/1, Western Express Highway, Goregaon (E), Mumbai - 400063",4,Performance Metrics
SUNPHARMA,Pharma,Q1FY25,Analyst,Kirti Ganorkar,"I think Canada, Brazil, we have not shared the information, but what I can share is about in",-1,General Discussion
SUNPHARMA,Pharma,Q1FY25,Analyst,Surya Narayan Patra,"Dilip sir, My second question was about the cash deployment",-1,General Discussion
SUNPHARMA,Pharma,Q1FY25,Management,Dilip Shanghvi,"No, I think we have indicated that we will continue to look for opportunities to strengthen our",1,Analyst Q&A
SUNPHARMA,Pharma,Q1FY25,Management,Dilip Shanghvi,"Yes, I mean, generally, this asset is easier to do a global deal.",0,Cost & Sales Performance
SUNPHARMA,Pharma,Q1FY25,Analyst,Surya Narayan Patra,"Sir, I was just looking at the China development also.",0,Cost & Sales Performance
SUNPHARMA,Pharma,Q1FY25,Management,Dilip Shanghvi,"No, I think it's an option that we are creating without any specific plan at this point.",-1,General Discussion
SUNPHARMA,Pharma,Q1FY25,Analyst,Vishal Manchanda,"Thanks for the opportunity and good evening, everyone.",2,Business Opportunities
SUNPHARMA,Pharma,Q1FY25,Analyst,Corporate Office,"Sun House, 201 B/1, Western Express Highway, Goregaon (E), Mumbai - 400063",4,Performance Metrics
SUNPHARMA,Pharma,Q1FY25,Analyst,Vishal Manchanda,"So, do we expect our U.S. formulation run rate to improve from here in the coming",0,Cost & Sales Performance
SUNPHARMA,Pharma,Q1FY25,Analyst,Vishal Manchanda,"So, like, I could see in your annual report that there is a sharp",-1,General Discussion
SUNPHARMA,Pharma,Q1FY25,Analyst,Kirti Ganorkar,I think CNS growth is also in line with India growth.,0,Cost & Sales Performance
SUNPHARMA,Pharma,Q1FY25,Analyst,Vishal Manchanda,"And just one final one on the tax rate, if you could give a number, what should be the",-1,General Discussion
SUNPHARMA,Pharma,Q1FY25,Analyst,Vishal Manchanda,"And it should be there going forward, around 25%?",0,Cost & Sales Performance
SUNPHARMA,Pharma,Q1FY25,Analyst,Vivek Aggarwal,"My question, first question is related to Odomzo.",0,Cost & Sales Performance
SUNPHARMA,Pharma,Q1FY25,Analyst,Richard Ascroft,"Yes, at least in the U.S., I can comment.",-1,General Discussion
SUNPHARMA,Pharma,Q1FY25,Analyst,Richard Ascroft,We continue to see nice growth of Odomzo.,0,Cost & Sales Performance
SUNPHARMA,Pharma,Q1FY25,Analyst,Corporate Office,"Sun House, 201 B/1, Western Express Highway, Goregaon (E), Mumbai - 400063",4,Performance Metrics
SUNPHARMA,Pharma,Q1FY25,Analyst,Vivek Aggarwal,"But the product was there in the market, right, from around 2017-18, right, or 18-19, right?",-1,General Discussion
SUNPHARMA,Pharma,Q1FY25,Analyst,Richard Ascroft,I definitely think there's been improvement in execution with our sales team.,-1,General Discussion
SUNPHARMA,Pharma,Q1FY25,Analyst,Richard Ascroft,"It's not 100% overlap, but there is overlap between the customers, which will",0,Cost & Sales Performance
SUNPHARMA,Pharma,Q1FY25,Analyst,Vivek Aggarwal,"So just one more question on Leqselvi, right.",-1,General Discussion
SUNPHARMA,Pharma,Q1FY25,Analyst,Richard Ascroft,"I think with all three products, we will continue to see prior authorizations.",0,Cost & Sales Performance
SUNPHARMA,Pharma,Q1FY25,Analyst,Vivek Aggarwal,So you are expecting a better coverage for Leqselvi against the competition?,-1,General Discussion
SUNPHARMA,Pharma,Q1FY25,Analyst,Richard Ascroft,I think we are saying we expect at least parity coverage versus the competition.,-1,General Discussion
SUNPHARMA,Pharma,Q1FY25,Analyst,Vivek Aggarwal,"And what is going to help you in, let's say, priority coverage over the competition?",-1,General Discussion
SUNPHARMA,Pharma,Q1FY25,Analyst,Richard Ascroft,I think really the profile of the molecule.,0,Cost & Sales Performance
SUNPHARMA,Pharma,Q1FY25,Analyst,Richard Ascroft,We know from message testing that both clinicians,0,Cost & Sales Performance
SUNPHARMA,Pharma,Q1FY25,Analyst,Vivek Aggarwal,Next question is from Kunal Dhamesha from Macquarie.,3,Management Commentary
SUNPHARMA,Pharma,Q1FY25,Analyst,Corporate Office,"Sun House, 201 B/1, Western Express Highway, Goregaon (E), Mumbai - 400063",4,Performance Metrics
SUNPHARMA,Pharma,Q1FY25,Analyst,Kirti Ganorkar,"But innovative business, we have given the detail, right?",-1,General Discussion
SUNPHARMA,Pharma,Q1FY25,Management,Dilip Shanghvi,"I understand, but it is still included in the separate number that we have given for innovative",-1,General Discussion
SUNPHARMA,Pharma,Q1FY25,Analyst,Kunal Dhamesha,"So, just to clarify, does the 311 million, does it include any milestone payment this quarter?",-1,General Discussion
SUNPHARMA,Pharma,Q1FY25,Analyst,Kunal Dhamesha,Since now we have seen some bit of Stelara,-1,General Discussion
SUNPHARMA,Pharma,Q1FY25,Analyst,Richard Ascroft,We have not seen any major biosimilar first policies amongst payers.,0,Cost & Sales Performance
SUNPHARMA,Pharma,Q1FY25,Analyst,Kunal Dhamesha,"So, you don't expect also in the future that that could be the case, because just for the",1,Analyst Q&A
SUNPHARMA,Pharma,Q1FY25,Analyst,Richard Ascroft,"Hard to predict the future, but we don't at this time based on our current discussions with payers",1,Analyst Q&A
SUNPHARMA,Pharma,Q1FY25,Analyst,Kunal Dhamesha,"And the last one on the UNLOXCYT launch, I think we have suggested obviously it",5,New Business & Emerging Trends
SUNPHARMA,Pharma,Q1FY25,Analyst,Corporate Office,"Sun House, 201 B/1, Western Express Highway, Goregaon (E), Mumbai - 400063",4,Performance Metrics
SUNPHARMA,Pharma,Q1FY25,Analyst,Kunal Dhamesha,"And this long-term data, does it provide us with a clear differentiation versus the",0,Cost & Sales Performance
SUNPHARMA,Pharma,Q1FY25,Analyst,Richard Ascroft,We believe it is very competitive and it is in the public domain.,-1,General Discussion
SUNPHARMA,Pharma,Q1FY25,Analyst,Kunal Lakhan,Can you give some color on the Halol observations and,3,Management Commentary
SUNPHARMA,Pharma,Q1FY25,Management,Aalok Shanghvi,"So, we are engaging with the FDA on finding a resolution for Halol.",0,Cost & Sales Performance
SUNPHARMA,Pharma,Q1FY25,Analyst,Kunal Lakhan,"Okay, but any timeline you have in mind over which you would expect a full resolution on this",1,Analyst Q&A
SUNPHARMA,Pharma,Q1FY25,Analyst,Kirti Ganorkar,We will need to wait for the agency to respond.,-1,General Discussion
SUNPHARMA,Pharma,Q1FY25,Analyst,Kunal Lakhan,My second question was actually more of a clarification on the tariff announcement.,-1,General Discussion
SUNPHARMA,Pharma,Q1FY25,Management,Dilip Shanghavi,"It is post 232 investigation report, the government will decide",-1,General Discussion
SUNPHARMA,Pharma,Q1FY25,Analyst,Kunal Lakhan,"Just to follow up on that, from my understanding of what is happening with the EU deal is that",-1,General Discussion
SUNPHARMA,Pharma,Q1FY25,Analyst,Corporate Office,"Sun House, 201 B/1, Western Express Highway, Goregaon (E), Mumbai - 400063",4,Performance Metrics
SUNPHARMA,Pharma,Q1FY25,Management,Dilip Shanghvi,"I think, my understanding is that EU deal also exempts pharma products.",0,Cost & Sales Performance
SUNPHARMA,Pharma,Q1FY25,Analyst,Kirti Ganorkar,"Yes, I think what I can say is I cannot pinpoint to only one thing which is driving the growth.",0,Cost & Sales Performance
SUNPHARMA,Pharma,Q1FY25,Analyst,Bino Pathiparampil,"Again, to an earlier question you answered 25%.",0,Cost & Sales Performance
SUNPHARMA,Pharma,Q1FY25,Analyst,Jayashree Satagopan,"So, the tax rates have been moving up quarter on quarter during last year.",-1,General Discussion
SUNPHARMA,Pharma,Q1FY25,Analyst,Tushar Manudhane,"Maybe I missed, but just if there is a revisit on the R&D cost as a percentage",-1,General Discussion
SUNPHARMA,Pharma,Q1FY25,Analyst,Corporate Office,"Sun House, 201 B/1, Western Express Highway, Goregaon (E), Mumbai - 400063",4,Performance Metrics
SUNPHARMA,Pharma,Q1FY25,Analyst,Tushar Manudhane,Because this quarter adjusting for the charge is 5.5.,-1,General Discussion
SUNPHARMA,Pharma,Q1FY25,Management,Dilip Shanghvi,"Yes, I mean we have three quarters to catch up.",1,Analyst Q&A
SUNPHARMA,Pharma,Q1FY25,Analyst,Tushar Manudhane,"And sir, subsequently further building on, it is adding the promotional marketing expenses",0,Cost & Sales Performance
SUNPHARMA,Pharma,Q1FY25,Management,Dilip Shanghvi,"No, I think the key difference between how you look at and how we look at is that we look at",-1,General Discussion
SUNPHARMA,Pharma,Q1FY25,Analyst,Tushar Manudhane,"Sir, the reference as far as R&D spend is concerned, if it has to be so high, then at least if",-1,General Discussion
SUNPHARMA,Pharma,Q1FY25,Management,Dilip Shanghvi,"So, that also will add to the cost because those are larger studies.",0,Cost & Sales Performance
SUNPHARMA,Pharma,Q1FY25,Management,Alok Shanghvi,"So, we currently have three facilities that are under warning letter from the US FDA.",0,Cost & Sales Performance
SUNPHARMA,Pharma,Q1FY25,Analyst,Corporate Office,"Sun House, 201 B/1, Western Express Highway, Goregaon (E), Mumbai - 400063",4,Performance Metrics
SUNPHARMA,Pharma,Q1FY25,Analyst,Tushar Manudhane,And reasonable to assume that the ANDAs awaiting US FDA approval would be,0,Cost & Sales Performance
SUNPHARMA,Pharma,Q1FY25,Management,Alok Shanghvi,"So, the decision to file the product from the facility would be a function of the compliance status",-1,General Discussion
SUNPHARMA,Pharma,Q1FY25,Analyst,Tushar Manudhane,"No, I was referring to the 119 ANDAs which await US FDA approval, those ANDAs?",0,Cost & Sales Performance
SUNPHARMA,Pharma,Q1FY25,Analyst,Surya Narayan Patra,"So, just one clarification about after settling this antitrust litigation, is it fair to",-1,General Discussion
SUNPHARMA,Pharma,Q1FY25,Analyst,Jayashree Satagopan,So it is there and we have given details in the annual report.,-1,General Discussion
SUNPHARMA,Pharma,Q1FY25,Analyst,Surya Narayan Patra,"Second is about the Ilumya, for the new indication of psoriatic arthritis.",0,Cost & Sales Performance
SUNPHARMA,Pharma,Q1FY25,Management,Dilip Shanghvi,"I mean, typically there is an approval timeline for a new indication.",1,Analyst Q&A
SUNPHARMA,Pharma,Q1FY25,Analyst,Surya Narayan Patra,And about the kind of formulary addition of this molecule.,0,Cost & Sales Performance
SUNPHARMA,Pharma,Q1FY25,Analyst,Corporate Office,"Sun House, 201 B/1, Western Express Highway, Goregaon (E), Mumbai - 400063",4,Performance Metrics
SUNPHARMA,Pharma,Q1FY25,Analyst,Richard Ascroft,We would expect to have similar access to what we have today for psoriasis.,0,Cost & Sales Performance
SUNPHARMA,Pharma,Q1FY25,Management,Yogesh Soni,"So, another question that I have is I wanted to understand the Unloxcyt launch timeline.",5,New Business & Emerging Trends
SUNPHARMA,Pharma,Q1FY25,Analyst,Richard Ascroft,We expect to launch in the second half of the fiscal year.,-1,General Discussion
SUNPHARMA,Pharma,Q1FY25,Analyst,Corporate Office,"Sun House, 201 B/1, Western Express Highway, Goregaon (E), Mumbai - 400063",4,Performance Metrics
SUNPHARMA,Pharma,Q1FY25,Analyst,Richard Ascroft,I don't think we provide that forward-looking guidance.,-1,General Discussion
SUNPHARMA,Pharma,Q1FY25,Analyst,Anubhav Agarwal,"So, this 25% number, does it include the deferred",0,Cost & Sales Performance
SUNPHARMA,Pharma,Q1FY25,Analyst,Jayashree Satagopan,"So, we have to look at it all inclusive on a yearly basis, which will be at 25%.",0,Cost & Sales Performance
SUNPHARMA,Pharma,Q1FY25,Analyst,Anubhav Agarwal,"So, I am just trying to understand, is that difference dramatically?",-1,General Discussion
SUNPHARMA,Pharma,Q1FY25,Analyst,Jayashree Satagopan,"There will be a difference, but we don't share the exact details.",-1,General Discussion
SUNPHARMA,Pharma,Q1FY25,Analyst,Kunal Dhamesha,"So, on the question related to the formulary access for",0,Cost & Sales Performance
SUNPHARMA,Pharma,Q1FY25,Analyst,Kunal Dhamesha,"So, then is it also fair to kind of assume that the ramp-up could be much faster here?",1,Analyst Q&A
SUNPHARMA,Pharma,Q1FY25,Analyst,Corporate Office,"Sun House, 201 B/1, Western Express Highway, Goregaon (E), Mumbai - 400063",4,Performance Metrics
SUNPHARMA,Pharma,Q1FY25,Analyst,Richard Ascroft,"Well, we should have far fewer free goods than we typically would have with a new launch.",5,New Business & Emerging Trends
SUNPHARMA,Pharma,Q1FY25,Analyst,"Yes.
Kunal Dhamesha","And then, while there is a second question, while there is an overall number of 30% of",0,Cost & Sales Performance
SUNPHARMA,Pharma,Q1FY25,Analyst,Richard Ascroft,That's something we will have to follow up on.,-1,General Discussion
SUNPHARMA,Pharma,Q1FY25,Analyst,Richard Ascroft,I am not aware if there is an age-related change,-1,General Discussion
SUNPHARMA,Pharma,Q1FY25,Analyst,Abhishek Sharma,"There is no age relation, between the onset of psoriatic arthritis and",0,Cost & Sales Performance
SUNPHARMA,Pharma,Q1FY25,Analyst,Madhav,"Yes, just wanted to check the plan to file for the PsA indication by end of this calendar year.",-1,General Discussion
SUNPHARMA,Pharma,Q1FY25,Analyst,Aditya,"So, thank you for taking my question and good evening, good morning to all of you.",2,Business Opportunities
SUNPHARMA,Pharma,Q1FY25,Analyst,Aditya,"So, if I can ask, what led to a margin of 31.1%?",0,Cost & Sales Performance
SUNPHARMA,Pharma,Q1FY25,Analyst,Aditya,Is it the low cost of raw materials or there has,0,Cost & Sales Performance
SUNPHARMA,Pharma,Q1FY25,Analyst,Corporate Office,"Sun House, 201 B/1, Western Express Highway, Goregaon (E), Mumbai - 400063",4,Performance Metrics
SUNPHARMA,Pharma,Q1FY25,Analyst,Jayashree Satagopan,"Yes, there has been a mix of factors.",-1,General Discussion
SUNPHARMA,Pharma,Q1FY25,Analyst,Jayashree Satagopan,"As I was mentioning earlier, there is an improvement",-1,General Discussion
SUNPHARMA,Pharma,Q1FY25,Analyst,Abhishek Sharma,Thanks everyone for joining us at this late hour.,2,Business Opportunities
SUNPHARMA,Pharma,Q1FY25,Analyst,Corporate Office,"Sun House, 201 B/1, Western Express Highway, Goregaon (E), Mumbai - 400063",4,Performance Metrics
SUNPHARMA,Pharma,Q2FY25,Analyst,Corporate Office,"Sun House, 201 B/1, Western Express Highway, Goregaon (E), Mumbai - 400063",4,Performance Metrics
SUNPHARMA,Pharma,Q2FY25,Analyst,Abhishek Sharma,"Good evening, and a warm welcome to our second quarter FY26 Earnings Call.",2,Business Opportunities
SUNPHARMA,Pharma,Q2FY25,Analyst,Jayashree Satagopan,"Welcome, and thank you for joining us for this earnings call after the announcement of",2,Business Opportunities
SUNPHARMA,Pharma,Q2FY25,Analyst,Corporate Office,"Sun House, 201 B/1, Western Express Highway, Goregaon (E), Mumbai - 400063",4,Performance Metrics
SUNPHARMA,Pharma,Q2FY25,Analyst,"India business.
Kirti Ganorkar","In Q2, FY '26, our Global Innovative Medicines sales were up by 16.4%",0,Cost & Sales Performance
SUNPHARMA,Pharma,Q2FY25,Analyst,Richard Ascroft,I will update on the performance highlights of our U.S. business.,0,Cost & Sales Performance
SUNPHARMA,Pharma,Q2FY25,Analyst,Corporate Office,"Sun House, 201 B/1, Western Express Highway, Goregaon (E), Mumbai - 400063",4,Performance Metrics
SUNPHARMA,Pharma,Q2FY25,Management,Aalok Shanghvi,I will provide an update on the performance highlights of our other businesses.,0,Cost & Sales Performance
SUNPHARMA,Pharma,Q2FY25,Management,Dilip Shanghvi,Let me take you through our R&D initiatives.,0,Cost & Sales Performance
SUNPHARMA,Pharma,Q2FY25,Analyst,Corporate Office,"Sun House, 201 B/1, Western Express Highway, Goregaon (E), Mumbai - 400063",4,Performance Metrics
SUNPHARMA,Pharma,Q2FY25,Analyst,Kunal Dhamesha,"The first one on the intangible assets, which seem to have moved sharply from the March '25",-1,General Discussion
SUNPHARMA,Pharma,Q2FY25,Analyst,Jayashree Satagopan,The increase in the intangible assets is also due to,-1,General Discussion
SUNPHARMA,Pharma,Q2FY25,Analyst,"ODOMZO.
Kunal Dhamesha","So Checkpoint would be close to $400 million plus, right?",0,Cost & Sales Performance
SUNPHARMA,Pharma,Q2FY25,Analyst,Kunal Dhamesha,"So then rest of the $500 million, what is driving that?",0,Cost & Sales Performance
SUNPHARMA,Pharma,Q2FY25,Analyst,Jayashree Satagopan,"So we had Leqselvi related apart from Checkpoint, which is another larger piece, as you",-1,General Discussion
SUNPHARMA,Pharma,Q2FY25,Analyst,Abhishek Sharma,"So Kunal, Leqselvi moved from intangibles under development into intangibles.",-1,General Discussion
SUNPHARMA,Pharma,Q2FY25,Analyst,Kunal Dhamesha,"So that's another $300 million, and there should be ODOMZO?",0,Cost & Sales Performance
SUNPHARMA,Pharma,Q2FY25,Analyst,Abhishek Sharma,"No, then the rest are several small items.",-1,General Discussion
SUNPHARMA,Pharma,Q2FY25,Analyst,Kunal Dhamesha,"Secondly, on the incremental specialty spend that we had suggested that we would be spending",0,Cost & Sales Performance
SUNPHARMA,Pharma,Q2FY25,Analyst,Richard Ascroft,"So we did see a slight increase in Q2, and we would expect to",1,Analyst Q&A
SUNPHARMA,Pharma,Q2FY25,Analyst,Kunal Dhamesha,The generic Revlimid seems to have kind of gone down,-1,General Discussion
SUNPHARMA,Pharma,Q2FY25,Analyst,Corporate Office,"Sun House, 201 B/1, Western Express Highway, Goregaon (E), Mumbai - 400063",4,Performance Metrics
SUNPHARMA,Pharma,Q2FY25,Analyst,Kunal Dhamesha,"In quarter 2 versus quarter 1, the movement of lenalidomide?",0,Cost & Sales Performance
SUNPHARMA,Pharma,Q2FY25,Analyst,Abhishek Sharma,"So on lenalidomide, we have said that Y-o-Y, there is a drop.",0,Cost & Sales Performance
SUNPHARMA,Pharma,Q2FY25,Analyst,Neha Manpuria,We have two questions on the specialty business.,0,Cost & Sales Performance
SUNPHARMA,Pharma,Q2FY25,Analyst,Richard Ascroft,"We're already starting to see paid prescriptions through commercial channels, and we would",0,Cost & Sales Performance
SUNPHARMA,Pharma,Q2FY25,Analyst,Neha Manpuria,"And on ILUMYA, is it fair to assume that the prescription growth that we are seeing, I know",0,Cost & Sales Performance
SUNPHARMA,Pharma,Q2FY25,Analyst,Richard Ascroft,"As you shared, the IL-23 market continues to grow as",-1,General Discussion
SUNPHARMA,Pharma,Q2FY25,Analyst,Neha Manpuria,And the last one I have is on R&D spend.,-1,General Discussion
SUNPHARMA,Pharma,Q2FY25,Analyst,Neha Manpuria,"If you look at R&D, we are obviously tracking below",-1,General Discussion
SUNPHARMA,Pharma,Q2FY25,Management,Dilip Shanghvi,"So Neha, I think we should come in the lower end of the guidance overall, that's what is our",-1,General Discussion
SUNPHARMA,Pharma,Q2FY25,Analyst,Neha Manpuria,"Lower end of the 6% to 8% guidance that you mentioned, right sir?",-1,General Discussion
SUNPHARMA,Pharma,Q2FY25,Analyst,Corporate Office,"Sun House, 201 B/1, Western Express Highway, Goregaon (E), Mumbai - 400063",4,Performance Metrics
SUNPHARMA,Pharma,Q2FY25,Analyst,Vishal Manchanda,I have a question on the balance sheet.,-1,General Discussion
SUNPHARMA,Pharma,Q2FY25,Analyst,Vishal Manchanda,"If I look at the other current assets, it's almost doubled",-1,General Discussion
SUNPHARMA,Pharma,Q2FY25,Analyst,Jayashree Satagopan,"This is mainly on account of the GxMDL settlement, which has gone into an escrow",-1,General Discussion
SUNPHARMA,Pharma,Q2FY25,Analyst,Jayashree Satagopan,"Last quarter, we had a settlement on the GxMDL case, and that amount has been deposited",-1,General Discussion
SUNPHARMA,Pharma,Q2FY25,Analyst,Vishal Manchanda,I wanted to understand whether it has been filed for,-1,General Discussion
SUNPHARMA,Pharma,Q2FY25,Management,Dilip Shanghvi,"Yes, we are in the process of compiling the dossier for Europe.",-1,General Discussion
SUNPHARMA,Pharma,Q2FY25,Analyst,Vishal Manchanda,If you could share what would be ODOMZO share in,0,Cost & Sales Performance
SUNPHARMA,Pharma,Q2FY25,Management,Dilip Shanghvi,So I think it all depends on different geographies.,-1,General Discussion
SUNPHARMA,Pharma,Q2FY25,Management,Dilip Shanghvi,Rick can update on the U.S. market share.,0,Cost & Sales Performance
SUNPHARMA,Pharma,Q2FY25,Analyst,Richard Ascroft,"In dermatologists, we have over a 50% share in the",0,Cost & Sales Performance
SUNPHARMA,Pharma,Q2FY25,Analyst,Richard Ascroft,I don't have the exact figure for the overall market at this time.,-1,General Discussion
SUNPHARMA,Pharma,Q2FY25,Analyst,Corporate Office,"Sun House, 201 B/1, Western Express Highway, Goregaon (E), Mumbai - 400063",4,Performance Metrics
SUNPHARMA,Pharma,Q2FY25,Analyst,Harith Ahamed,"On semaglutide, where we have a filing in Canada as per Health Canada disclosures.",-1,General Discussion
SUNPHARMA,Pharma,Q2FY25,Analyst,Kirti Ganorkar,"Yes, India, I think what we have told you in our last call also, India will be ready for the launch",0,Cost & Sales Performance
SUNPHARMA,Pharma,Q2FY25,Management,Dilip Shanghvi,"And second, I think it's still not very clear.",1,Analyst Q&A
SUNPHARMA,Pharma,Q2FY25,Analyst,Harith Ahamed,"And in the ROW segment, we've seen a very strong growth this quarter, constant currency terms",-1,General Discussion
SUNPHARMA,Pharma,Q2FY25,Analyst,Abhishek Sharma,"So before we answer the drivers for this one, there is no one-off in this quarter sales.",5,New Business & Emerging Trends
SUNPHARMA,Pharma,Q2FY25,Analyst,Harith Ahamed,"A couple of months back, there was an announcement by the U.S. President on 100% tariffs on",-1,General Discussion
SUNPHARMA,Pharma,Q2FY25,Analyst,Corporate Office,"Sun House, 201 B/1, Western Express Highway, Goregaon (E), Mumbai - 400063",4,Performance Metrics
SUNPHARMA,Pharma,Q2FY25,Analyst,Richard Ascroft,"Look as you say, there's a lot of uncertainty at this point.",-1,General Discussion
SUNPHARMA,Pharma,Q2FY25,Analyst,Bharat,"Just wanted to understand, there is some investment into subsidiaries, which is showing up in the cash",0,Cost & Sales Performance
SUNPHARMA,Pharma,Q2FY25,Analyst,Bharat,"Because this amounts to almost like INR390 million, whereas we have paid almost INR500 million for",0,Cost & Sales Performance
SUNPHARMA,Pharma,Q2FY25,Analyst,Abhishek Sharma,"No, the Checkpoint consideration is not USD500 million, Bharat, it's less.",0,Cost & Sales Performance
SUNPHARMA,Pharma,Q2FY25,Analyst,Shyam Srinivasan,Just the first one again on the consolidated cash flow statement.,0,Cost & Sales Performance
SUNPHARMA,Pharma,Q2FY25,Analyst,Jayashree Satagopan,"There is some amount of increase in the working capital, which we believe will get",-1,General Discussion
SUNPHARMA,Pharma,Q2FY25,Analyst,Shyam Srinivasan,"So by the end of the fiscal, we expect this to be -- the generation to be in line at least with",-1,General Discussion
SUNPHARMA,Pharma,Q2FY25,Analyst,Jayashree Satagopan,I think the cash generation to clarify has been good.,-1,General Discussion
SUNPHARMA,Pharma,Q2FY25,Analyst,Shyam Srinivasan,"And just on the opening comments now, I think called out that the U.S. business formulation,",0,Cost & Sales Performance
SUNPHARMA,Pharma,Q2FY25,Analyst,Corporate Office,"Sun House, 201 B/1, Western Express Highway, Goregaon (E), Mumbai - 400063",4,Performance Metrics
SUNPHARMA,Pharma,Q2FY25,Analyst,Richard Ascroft,Our strategy is to grow both our Innovative Medicines business as well as our Generics,0,Cost & Sales Performance
SUNPHARMA,Pharma,Q2FY25,Analyst,Shyam Srinivasan,"Last question, just again, just in light of the tariffs and U.S. based on localized manufacturing",-1,General Discussion
SUNPHARMA,Pharma,Q2FY25,Analyst,Richard Ascroft,We already have a manufacturing footprint in the U.S. We are kind of constantly assessing,-1,General Discussion
SUNPHARMA,Pharma,Q2FY25,Analyst,Kunal Dhamesha,"Just on ROW, is there any particular new launch that we have seen or particular geography,",5,New Business & Emerging Trends
SUNPHARMA,Pharma,Q2FY25,Management,Aalok Shanghvi,So there is very little forex impact and the growth was led by both the Generics and the,0,Cost & Sales Performance
SUNPHARMA,Pharma,Q2FY25,Analyst,Kunal Dhamesha,"And the second question I have is on the India semaglutide market, once it is Generics,",0,Cost & Sales Performance
SUNPHARMA,Pharma,Q2FY25,Analyst,Kirti Ganorkar,"No, I can tell you broadly, the GLP market is very exciting, and it will continue to grow, but",-1,General Discussion
SUNPHARMA,Pharma,Q2FY25,Analyst,Kunal Dhamesha,"And will we be there in both the dosage forms, injectable as well as oral?",0,Cost & Sales Performance
SUNPHARMA,Pharma,Q2FY25,Analyst,Corporate Office,"Sun House, 201 B/1, Western Express Highway, Goregaon (E), Mumbai - 400063",4,Performance Metrics
SUNPHARMA,Pharma,Q2FY25,Analyst,Kirti Ganorkar,"I don't want to disclose that much but we will remain competitive, if others launch, we'll also",5,New Business & Emerging Trends
SUNPHARMA,Pharma,Q2FY25,Analyst,Damayanti Kerai,My first question is on your USD 100 million spend for supporting the 2 launches in this,5,New Business & Emerging Trends
SUNPHARMA,Pharma,Q2FY25,Analyst,Richard Ascroft,"We have already launched Leqselvi, so that sales force is in place, and we do now have",-1,General Discussion
SUNPHARMA,Pharma,Q2FY25,Analyst,Damayanti Kerai,So is it reasonable to assume that majority of the fixed costs will be covered within this $100,-1,General Discussion
SUNPHARMA,Pharma,Q2FY25,Analyst,Richard Ascroft,"What I would say is that the sales force, obviously, that cost will continue.",-1,General Discussion
SUNPHARMA,Pharma,Q2FY25,Analyst,Damayanti Kerai,My second question is a clarification on Revlimid opportunity.,-1,General Discussion
SUNPHARMA,Pharma,Q2FY25,Analyst,Richard Ascroft,We'll have a small amount of sales for the rest of the fiscal year.,-1,General Discussion
SUNPHARMA,Pharma,Q2FY25,Analyst,Vishal Manchanda,"So just a clarification on Fibromun, is the Phase III and Phase II data on soft tissue sarcoma",0,Cost & Sales Performance
SUNPHARMA,Pharma,Q2FY25,Analyst,Corporate Office,"Sun House, 201 B/1, Western Express Highway, Goregaon (E), Mumbai - 400063",4,Performance Metrics
SUNPHARMA,Pharma,Q2FY25,Management,Dilip Shanghvi,I think both the data are yet to come out.,0,Cost & Sales Performance
SUNPHARMA,Pharma,Q2FY25,Management,Dilip Shanghvi,But this is also something which will be disclosed,-1,General Discussion
SUNPHARMA,Pharma,Q2FY25,Analyst,Vishal Manchanda,Any time lines like would this be announced this fiscal year or it will take longer?,-1,General Discussion
SUNPHARMA,Pharma,Q2FY25,Management,Dilip Shanghvi,"I mean I don't want to announce on their behalf, but I'm not aware that there is any delay in the",-1,General Discussion
SUNPHARMA,Pharma,Q2FY25,Analyst,Vishal Manchanda,We have been kind of pushing this like a bit --,1,Analyst Q&A
SUNPHARMA,Pharma,Q2FY25,Management,Dilip Shanghvi,"No, I think we are quite excited with the early data that we're getting with patients, both for",0,Cost & Sales Performance
SUNPHARMA,Pharma,Q2FY25,Analyst,Vishal Manchanda,And are we doing this through the recombinant route or the synthetic route?,0,Cost & Sales Performance
SUNPHARMA,Pharma,Q2FY25,Management,Dilip Shanghvi,"So as on today, I think the initial -- all the studies have been done with synthetic.",0,Cost & Sales Performance
SUNPHARMA,Pharma,Q2FY25,Analyst,Neha Manpuria,"Quickly on Cequa, I know that Restasis already has enough generic players, but there is",0,Cost & Sales Performance
SUNPHARMA,Pharma,Q2FY25,Analyst,Richard Ascroft,"We continue to see good growth for Cequa, even as new competitors have come to the market.",-1,General Discussion
SUNPHARMA,Pharma,Q2FY25,Analyst,Neha Manpuria,A new competition coming into Restasis does not impact pricing at all for Cequa.,0,Cost & Sales Performance
SUNPHARMA,Pharma,Q2FY25,Analyst,Corporate Office,"Sun House, 201 B/1, Western Express Highway, Goregaon (E), Mumbai - 400063",4,Performance Metrics
SUNPHARMA,Pharma,Q2FY25,Management,Dilip Shanghvi,What she is saying is that Generics for Restasis whether that affects your growth of Cequa?,0,Cost & Sales Performance
SUNPHARMA,Pharma,Q2FY25,Analyst,Richard Ascroft,"I think what currently is in place for Restasis, it will just be eroded by further",0,Cost & Sales Performance
SUNPHARMA,Pharma,Q2FY25,Analyst,Neha Manpuria,"And second question, I know there's a lot of uncertainty on the tariff situation, but I think there",-1,General Discussion
SUNPHARMA,Pharma,Q2FY25,Analyst,Richard Ascroft,I don't think we have any views at this time.,-1,General Discussion
SUNPHARMA,Pharma,Q2FY25,Analyst,Richard Ascroft,"I think as we shared before, the tariff situation, as",-1,General Discussion
SUNPHARMA,Pharma,Q2FY25,Analyst,Surya Narayan Patra,"Sir, my first question is on the specialty business in the non-U.S.",0,Cost & Sales Performance
SUNPHARMA,Pharma,Q2FY25,Management,Aalok Shanghvi,I mean I would say both of them are factors in how the growth played out.,0,Cost & Sales Performance
SUNPHARMA,Pharma,Q2FY25,Analyst,Surya Narayan Patra,"So can you elaborate a bit on your specialty in the non-U.S. market business, although it",0,Cost & Sales Performance
SUNPHARMA,Pharma,Q2FY25,Analyst,Kirti Ganorkar,"No, what I said is like ILUMYA, we are launched in 35 countries.",0,Cost & Sales Performance
SUNPHARMA,Pharma,Q2FY25,Analyst,Corporate Office,"Sun House, 201 B/1, Western Express Highway, Goregaon (E), Mumbai - 400063",4,Performance Metrics
SUNPHARMA,Pharma,Q2FY25,Analyst,Surya Narayan Patra,"And second question is about the Semaglutide entry in Canada, although we have filed",-1,General Discussion
SUNPHARMA,Pharma,Q2FY25,Analyst,Richard Ascroft,"Yes, we really don't have any further comments on that at this time.",-1,General Discussion
SUNPHARMA,Pharma,Q2FY25,Analyst,Surya Narayan Patra,My next point is about the tariff one.,-1,General Discussion
SUNPHARMA,Pharma,Q2FY25,Analyst,Surya Narayan Patra,"So whether we have any negotiated price, the way",0,Cost & Sales Performance
SUNPHARMA,Pharma,Q2FY25,Analyst,Richard Ascroft,"As you probably are aware, we were not one of the 17 companies that received",-1,General Discussion
SUNPHARMA,Pharma,Q2FY25,Analyst,Surya Narayan Patra,So then this tariff concern is a kind of overdone now considering the kind of arrangement,-1,General Discussion
SUNPHARMA,Pharma,Q2FY25,Analyst,Richard Ascroft,I think it's unclear what will happen with the tariffs after,-1,General Discussion
SUNPHARMA,Pharma,Q2FY25,Analyst,Alankar Garude,Even though the penetration of targeted treatments for alopecia,0,Cost & Sales Performance
SUNPHARMA,Pharma,Q2FY25,Analyst,Richard Ascroft,We expect the market to continue to grow.,-1,General Discussion
SUNPHARMA,Pharma,Q2FY25,Analyst,Corporate Office,"Sun House, 201 B/1, Western Express Highway, Goregaon (E), Mumbai - 400063",4,Performance Metrics
SUNPHARMA,Pharma,Q2FY25,Analyst,Alankar Garude,And the second one is more of a clarification.,1,Analyst Q&A
SUNPHARMA,Pharma,Q2FY25,Analyst,Alankar Garude,I missed your response on the U.S. manufacturing,-1,General Discussion
SUNPHARMA,Pharma,Q2FY25,Management,Shashank Krishnakumar,Just one question that I had on biosims.,0,Cost & Sales Performance
SUNPHARMA,Pharma,Q2FY25,Management,Shashank Krishnakumar,I know that we have been always steadfastly,1,Analyst Q&A
SUNPHARMA,Pharma,Q2FY25,Management,Dilip Shanghvi,So I think we are studying and possibly waiting for the clear guidance to come before we take a,-1,General Discussion
SUNPHARMA,Pharma,Q2FY25,Analyst,Anubhav Sahu,My first question is on the sema opportunity.,-1,General Discussion
SUNPHARMA,Pharma,Q2FY25,Analyst,Anubhav Sahu,Basically I want to understand how calendar year,-1,General Discussion
SUNPHARMA,Pharma,Q2FY25,Analyst,Kirti Ganorkar,"I think Canada, there are two questions already been asked.",-1,General Discussion
SUNPHARMA,Pharma,Q2FY25,Analyst,Anubhav Sahu,"And for our Innovative molecule, let's say utreglutide, I mean could you mention which key",0,Cost & Sales Performance
SUNPHARMA,Pharma,Q2FY25,Management,Dilip Shanghvi,I think the Phase II that we have disclosed is a type 2 diabetes study.,0,Cost & Sales Performance
SUNPHARMA,Pharma,Q2FY25,Analyst,Corporate Office,"Sun House, 201 B/1, Western Express Highway, Goregaon (E), Mumbai - 400063",4,Performance Metrics
SUNPHARMA,Pharma,Q2FY25,Analyst,Rashmi,We have seen a spike in interest cost this quarter.,-1,General Discussion
SUNPHARMA,Pharma,Q2FY25,Analyst,Rashmi,And if I see the balance sheet short-,-1,General Discussion
SUNPHARMA,Pharma,Q2FY25,Analyst,Jayashree Satagopan,This is a short-term borrowing that we have taken for the acquisition.,0,Cost & Sales Performance
SUNPHARMA,Pharma,Q2FY25,Analyst,Rashmi,So the amount will be more or less similar to last year level only?,-1,General Discussion
SUNPHARMA,Pharma,Q2FY25,Analyst,Rashmi,"I mean, you will bring it down to that",1,Analyst Q&A
SUNPHARMA,Pharma,Q2FY25,Analyst,Jayashree Satagopan,"Yes, it should get reduced over a period in time.",-1,General Discussion
SUNPHARMA,Pharma,Q2FY25,Analyst,Surya Narayan Patra,"So this quarter, it looks obviously higher with 27%",0,Cost & Sales Performance
SUNPHARMA,Pharma,Q2FY25,Analyst,Jayashree Satagopan,Our ETR has gone up to 24.5% and we expect it to be hovering around 25%.,0,Cost & Sales Performance
SUNPHARMA,Pharma,Q2FY25,Analyst,Surya Narayan Patra,And just one more point about the GLP-1 opportunity.,-1,General Discussion
SUNPHARMA,Pharma,Q2FY25,Management,Dilip Shanghvi,"Those are -- I mean we have to remain competitive, and we need to have a product which can",-1,General Discussion
SUNPHARMA,Pharma,Q2FY25,Analyst,Corporate Office,"Sun House, 201 B/1, Western Express Highway, Goregaon (E), Mumbai - 400063",4,Performance Metrics
SUNPHARMA,Pharma,Q2FY25,Analyst,Corporate Office,"Sun House, 201 B/1, Western Express Highway, Goregaon (E), Mumbai - 400063",4,Performance Metrics
SUNPHARMA,Pharma,Q3FY25,Analyst,Corporate Office,"Sun House, 201 B/1, Western Express Highway, Goregaon (E), Mumbai - 400063",4,Performance Metrics
SUNPHARMA,Pharma,Q3FY25,Analyst,Dr. Abhishek Sharma,"Good evening, and A Warm Welcome to our 3rd Quarter FY26 Earnings",2,Business Opportunities
SUNPHARMA,Pharma,Q3FY25,Analyst,Jayashree Satagopan,Welcome and thank you for joining us for this Earnings Call after the,2,Business Opportunities
SUNPHARMA,Pharma,Q3FY25,Analyst,Corporate Office,"Sun House, 201 B/1, Western Express Highway, Goregaon (E), Mumbai - 400063",4,Performance Metrics
SUNPHARMA,Pharma,Q3FY25,Analyst,Corporate Office,"Sun House, 201 B/1, Western Express Highway, Goregaon (E), Mumbai - 400063",4,Performance Metrics
SUNPHARMA,Pharma,Q3FY25,Analyst,I shall first provide you an update on global innovative medicines business,"In Q3 FY26, our Global Innovative Medicines sales were up 14.3% to reach US$423 million.",0,Cost & Sales Performance
SUNPHARMA,Pharma,Q3FY25,Analyst,"Early feedback for both the launches has been quite encouraging.
Coming to India business","For Q3 sales formulations in India were Rs.49,986 million, recording a growth of 16.2% over Q3 last year.",-1,General Discussion
SUNPHARMA,Pharma,Q3FY25,Analyst,Corporate Office,"Sun House, 201 B/1, Western Express Highway, Goregaon (E), Mumbai - 400063",4,Performance Metrics
SUNPHARMA,Pharma,Q3FY25,Analyst,Let me share the performance highlights of our US Business,Our overall US business was marginally up by 0.6% to reach $477 million for the quarter.,-1,General Discussion
SUNPHARMA,Pharma,Q3FY25,Analyst,Corporate Office,"Sun House, 201 B/1, Western Express Highway, Goregaon (E), Mumbai - 400063",4,Performance Metrics
SUNPHARMA,Pharma,Q3FY25,Management,Alok Shanghvi,"Thank you, Rick, and good evening to everybody on the call.",2,Business Opportunities
SUNPHARMA,Pharma,Q3FY25,Analyst,I will provide an update on the performance highlights of our other businesses,"Our Formulations revenues in the emerging markets were US$337 million, up by 21.6% over Q3 last year.",-1,General Discussion
SUNPHARMA,Pharma,Q3FY25,Analyst,Corporate Office,"Sun House, 201 B/1, Western Express Highway, Goregaon (E), Mumbai - 400063",4,Performance Metrics
SUNPHARMA,Pharma,Q3FY25,Management,"Morgan. Please go ahead.
Rishi Parekh","Hi, good morning and good evening, I guess, and thank you so much for taking my question.",2,Business Opportunities
SUNPHARMA,Pharma,Q3FY25,Management,Dilip Shanghvi,"So, I think almost for all of those issues, we have indicated responses to the analysts on this call",-1,General Discussion
SUNPHARMA,Pharma,Q3FY25,Management,Rishi Parekh,And then can you also talk us through the size of the types of acquisitions you are looking at?,-1,General Discussion
SUNPHARMA,Pharma,Q3FY25,Analyst,Corporate Office,"Sun House, 201 B/1, Western Express Highway, Goregaon (E), Mumbai - 400063",4,Performance Metrics
SUNPHARMA,Pharma,Q3FY25,Management,Dilip Shanghvi,"So, I think we have indicated in the past that we need to be confident that whatever acquisition",-1,General Discussion
SUNPHARMA,Pharma,Q3FY25,Analyst,Tushar Manudhane,"Sir, on the innovative medicines sales, ex of milestone",0,Cost & Sales Performance
SUNPHARMA,Pharma,Q3FY25,Analyst,Kirti Ganorkar,"As we have called out in our Q3 FY25, certain one-time sales",1,Analyst Q&A
SUNPHARMA,Pharma,Q3FY25,Analyst,Tushar Manudhane,"Secondly, R&D spend on the innovative portfolio both as a percentage of total R&D as",-1,General Discussion
SUNPHARMA,Pharma,Q3FY25,Management,Dilip Shanghvi,I think it is all linked with commencing clinical trials as we are commencing new clinical trial,0,Cost & Sales Performance
SUNPHARMA,Pharma,Q3FY25,Analyst,Tushar Manudhane,"And lastly, if I may, US sales ex of Revlimid has the portfolio growth or it has still",0,Cost & Sales Performance
SUNPHARMA,Pharma,Q3FY25,Analyst,Richard Ashcroft,"Ex-Lenalidomide, the generics business is slightly down in the US.",0,Cost & Sales Performance
SUNPHARMA,Pharma,Q3FY25,Analyst,Tushar Manudhane,"So, is this to do with price erosion or the lack of launches, if you could also explain that?",-1,General Discussion
SUNPHARMA,Pharma,Q3FY25,Analyst,Corporate Office,"Sun House, 201 B/1, Western Express Highway, Goregaon (E), Mumbai - 400063",4,Performance Metrics
SUNPHARMA,Pharma,Q3FY25,Analyst,Richard Ashcroft,It is really due to specific competition for certain products.,0,Cost & Sales Performance
SUNPHARMA,Pharma,Q3FY25,Analyst,Richard Ashcroft,"I think overall for the US, we see the innovative medicines continuing to grow and the generic",0,Cost & Sales Performance
SUNPHARMA,Pharma,Q3FY25,Analyst,Damayanti Kerai,"Hi, good evening and thank you for the opportunity.",2,Business Opportunities
SUNPHARMA,Pharma,Q3FY25,Analyst,Jayashree Satagopan,"As you know, we do not specifically guide on",-1,General Discussion
SUNPHARMA,Pharma,Q3FY25,Analyst,Damayanti Kerai,You think this level of margins will sustain or how do you see margins trending ahead?,0,Cost & Sales Performance
SUNPHARMA,Pharma,Q3FY25,Analyst,Jayashree Satagopan,"As I was just mentioning, we normally do not guide on margins.",0,Cost & Sales Performance
SUNPHARMA,Pharma,Q3FY25,Analyst,Damayanti Kerai,My second question is on spend on the new launches where you indicated,5,New Business & Emerging Trends
SUNPHARMA,Pharma,Q3FY25,Analyst,Richard Ashcroft,"So, the spend is really occurring on the LEQSELVI, UNLOXCYT",-1,General Discussion
SUNPHARMA,Pharma,Q3FY25,Analyst,Corporate Office,"Sun House, 201 B/1, Western Express Highway, Goregaon (E), Mumbai - 400063",4,Performance Metrics
SUNPHARMA,Pharma,Q3FY25,Analyst,Damayanti Kerai,So next year as well we expect elevated spend on these new launches as you build up,5,New Business & Emerging Trends
SUNPHARMA,Pharma,Q3FY25,Analyst,Richard Ashcroft,"Yes, next year it will just be part of our core operating OPEX to support these and the rest",-1,General Discussion
SUNPHARMA,Pharma,Q3FY25,Analyst,Damayanti Kerai,"UNLOXCYT is a very recent launch, but any color on how you are proceeding with",5,New Business & Emerging Trends
SUNPHARMA,Pharma,Q3FY25,Analyst,Richard Ashcroft,"So, we are having active discussions with the physicians as you would expect given",0,Cost & Sales Performance
SUNPHARMA,Pharma,Q3FY25,Analyst,Neha Manpuria,My first question is on the India business.,0,Cost & Sales Performance
SUNPHARMA,Pharma,Q3FY25,Analyst,Corporate Office,"Sun House, 201 B/1, Western Express Highway, Goregaon (E), Mumbai - 400063",4,Performance Metrics
SUNPHARMA,Pharma,Q3FY25,Analyst,Kirti Ganorkar,"I think, Neha, you will appreciate that it is very difficult for us to predict what will be the future",1,Analyst Q&A
SUNPHARMA,Pharma,Q3FY25,Analyst,Kirti Ganorkar,"Yes, we are preparing for the launch, as I said in my readout.",5,New Business & Emerging Trends
SUNPHARMA,Pharma,Q3FY25,Analyst,Neha Manpuria,My second is on the R&D spend for generics.,0,Cost & Sales Performance
SUNPHARMA,Pharma,Q3FY25,Analyst,Neha Manpuria,If I were to strip out the specialty,0,Cost & Sales Performance
SUNPHARMA,Pharma,Q3FY25,Analyst,Neha Manpuria,"If I look at the ex-specialty R&D spend, right, after stripping out the R&D specialty R&D that",-1,General Discussion
SUNPHARMA,Pharma,Q3FY25,Management,Dilip Shanghvi,"No, I think we are giving some split between the generic and the specialty.",0,Cost & Sales Performance
SUNPHARMA,Pharma,Q3FY25,Analyst,Neha Manpuria,"And on biosimilars, has your view there changed in terms of looking at that",0,Cost & Sales Performance
SUNPHARMA,Pharma,Q3FY25,Management,Dilip Shanghvi,"So, we are evaluating, re-looking at, because we look at",-1,General Discussion
SUNPHARMA,Pharma,Q3FY25,Analyst,Neha Manpuria,"And sorry, if I may squeeze one last question on UNLOXCYT.",-1,General Discussion
SUNPHARMA,Pharma,Q3FY25,Analyst,Corporate Office,"Sun House, 201 B/1, Western Express Highway, Goregaon (E), Mumbai - 400063",4,Performance Metrics
SUNPHARMA,Pharma,Q3FY25,Analyst,Richard Ashcroft,I think the position of UNLOXCYT in the market is very clear and very crisp.,-1,General Discussion
SUNPHARMA,Pharma,Q3FY25,Analyst,Neha Manpuria,And do you think this would be more important in getting new patients onboard or could we,0,Cost & Sales Performance
SUNPHARMA,Pharma,Q3FY25,Analyst,Bino Pathiparampil,The first question is sort of a follow-up from earlier,1,Analyst Q&A
SUNPHARMA,Pharma,Q3FY25,Analyst,Richard Ashcroft,"Quiet, quite small in Q3, but there was a negligible contribution.",1,Analyst Q&A
SUNPHARMA,Pharma,Q3FY25,Analyst,Bino Pathiparampil,"Second, on Semaglutide, are you also planning for launches in some other emerging",0,Cost & Sales Performance
SUNPHARMA,Pharma,Q3FY25,Analyst,Kirti Ganorkar,"No, what I said about the launch in India only, other markets we are not guiding what is our",0,Cost & Sales Performance
SUNPHARMA,Pharma,Q3FY25,Analyst,Bino Pathiparampil,I believe it is in Phase-II in diabetes.,0,Cost & Sales Performance
SUNPHARMA,Pharma,Q3FY25,Analyst,Corporate Office,"Sun House, 201 B/1, Western Express Highway, Goregaon (E), Mumbai - 400063",4,Performance Metrics
SUNPHARMA,Pharma,Q3FY25,Management,Dilip Shanghvi,"We are publishing phase-2a data in the certain scientific conferences, both for diabetes as well",0,Cost & Sales Performance
SUNPHARMA,Pharma,Q3FY25,Analyst,Girish Bakhru,"Just the questions on US again regarding the two products,",0,Cost & Sales Performance
SUNPHARMA,Pharma,Q3FY25,Analyst,Richard Ashcroft,"Well, first, I think it is important to point out for all the JAK inhibitors, there is a whole",0,Cost & Sales Performance
SUNPHARMA,Pharma,Q3FY25,Analyst,Girish Bakhru,"And can I ask, Richard, are there enough centers who are doing this testing?",0,Cost & Sales Performance
SUNPHARMA,Pharma,Q3FY25,Analyst,Richard Ashcroft,We are actually covering the cost of the test.,0,Cost & Sales Performance
SUNPHARMA,Pharma,Q3FY25,Analyst,Richard Ashcroft,"So, we are working with the leading providers.",0,Cost & Sales Performance
SUNPHARMA,Pharma,Q3FY25,Analyst,Girish Bakhru,"And just while we are on this market, I mean, RINVOQ, of course, is being talked",0,Cost & Sales Performance
SUNPHARMA,Pharma,Q3FY25,Analyst,Richard Ashcroft,I do not know if I would agree with the comment about the dosing being better.,0,Cost & Sales Performance
SUNPHARMA,Pharma,Q3FY25,Analyst,Corporate Office,"Sun House, 201 B/1, Western Express Highway, Goregaon (E), Mumbai - 400063",4,Performance Metrics
SUNPHARMA,Pharma,Q3FY25,Analyst,Richard Ashcroft,"Well, there could be patients that are having trouble tolerating Keytruda and Liptayo that",0,Cost & Sales Performance
SUNPHARMA,Pharma,Q3FY25,Analyst,Girish Bakhru,But would not that market be smaller like given the advanced carcinoma patients would be,-1,General Discussion
SUNPHARMA,Pharma,Q3FY25,Analyst,Richard Ashcroft,"I mean, it is smaller than the overall population, but there is a meaningful population of",0,Cost & Sales Performance
SUNPHARMA,Pharma,Q3FY25,Analyst,Girish Bakhru,"And lastly, any thoughts on new indications that you are pursuing for LEQSELVI",-1,General Discussion
SUNPHARMA,Pharma,Q3FY25,Analyst,Richard Ashcroft,We are in active discussions about LCM for both the products.,0,Cost & Sales Performance
SUNPHARMA,Pharma,Q3FY25,Analyst,Vishal Manchanda,"Hi, good evening and thanks for the opportunity.",2,Business Opportunities
SUNPHARMA,Pharma,Q3FY25,Management,Alok Shanghvi,"So, we do not specifically disclose which ANDAs are filed from which site.",-1,General Discussion
SUNPHARMA,Pharma,Q3FY25,Analyst,Corporate Office,"Sun House, 201 B/1, Western Express Highway, Goregaon (E), Mumbai - 400063",4,Performance Metrics
SUNPHARMA,Pharma,Q3FY25,Analyst,Vishal Manchanda,"In the sense, like just a percentage of the spending ANDAs or NDAs that would be filed",-1,General Discussion
SUNPHARMA,Pharma,Q3FY25,Analyst,Vishal Manchanda,And if you could share some nature of the NDA filings that are pending,-1,General Discussion
SUNPHARMA,Pharma,Q3FY25,Analyst,Dr. Abhishek Sharma,"No, we have not given details about our NDA filings in terms of the nature.",-1,General Discussion
SUNPHARMA,Pharma,Q3FY25,Analyst,Vishal Manchanda,Do you expect to see further decline in US generic sales in,0,Cost & Sales Performance
SUNPHARMA,Pharma,Q3FY25,Analyst,Vishal Manchanda,"And if you could just share between UNLOXCYT and LEQSELVI, which one would",-1,General Discussion
SUNPHARMA,Pharma,Q3FY25,Analyst,Kunal Dhamesha,The first one is on the CMS's proposal on the most,-1,General Discussion
SUNPHARMA,Pharma,Q3FY25,Analyst,Richard Ashcroft,"I think, as you know, there are three models.",-1,General Discussion
SUNPHARMA,Pharma,Q3FY25,Analyst,Corporate Office,"Sun House, 201 B/1, Western Express Highway, Goregaon (E), Mumbai - 400063",4,Performance Metrics
SUNPHARMA,Pharma,Q3FY25,Analyst,Kunal Dhamesha,"Can you share how we can make the broader aspect as to how we can mitigate, what are the",-1,General Discussion
SUNPHARMA,Pharma,Q3FY25,Management,Dilip Shanghvi,It is difficult for us to share this information,-1,General Discussion
SUNPHARMA,Pharma,Q3FY25,Analyst,Kunal Dhamesha,"Second one on the Cosibelimab, we just suggested that we might be in active",1,Analyst Q&A
SUNPHARMA,Pharma,Q3FY25,Management,Dilip Shanghvi,"So, I think once we decide, we will share both the information that we can share.",-1,General Discussion
SUNPHARMA,Pharma,Q3FY25,Analyst,Gautam,"I wanted to know regarding GLP-1, do you have",-1,General Discussion
SUNPHARMA,Pharma,Q3FY25,Analyst,Kirti Ganorkar,"I think I talked about launch in India, but we will not comment specifically on capacity and",0,Cost & Sales Performance
SUNPHARMA,Pharma,Q3FY25,Analyst,Gautam,"And you guys do not have any timelines or any intention outside India market, any emerging",0,Cost & Sales Performance
SUNPHARMA,Pharma,Q3FY25,Analyst,Kirti Ganorkar,"As I said earlier, my comment was only on India market.",0,Cost & Sales Performance
SUNPHARMA,Pharma,Q3FY25,Analyst,Corporate Office,"Sun House, 201 B/1, Western Express Highway, Goregaon (E), Mumbai - 400063",4,Performance Metrics
SUNPHARMA,Pharma,Q3FY25,Analyst,Tushar Manudhane,"Just on continuing on innovative sales, so while you highlighted",-1,General Discussion
SUNPHARMA,Pharma,Q3FY25,Analyst,Dr. Abhishek Sharma,"No, there was no one-off in this quarter apart from milestone, Tushar.",1,Analyst Q&A
SUNPHARMA,Pharma,Q3FY25,Analyst,Tushar Manudhane,"And secondly, more on the overall performance of FY23 to '25, there has been almost",-1,General Discussion
SUNPHARMA,Pharma,Q3FY25,Analyst,Jayashree Satagopan,I think our margins during this year and quarter has also been good.,0,Cost & Sales Performance
SUNPHARMA,Pharma,Q3FY25,Analyst,Tushar Manudhane,"Ma'am, I was referring about the growth in EBITDA as well as PAT.",0,Cost & Sales Performance
SUNPHARMA,Pharma,Q3FY25,Analyst,Jayashree Satagopan,"PAT, we have indicated in the past as well.",-1,General Discussion
SUNPHARMA,Pharma,Q3FY25,Analyst,"PAT improvement may not be commensurate with the margin improvement.
Tushar Manudhane","Subsequently, is 25% expected to be a number to assume for the '27-28?",0,Cost & Sales Performance
SUNPHARMA,Pharma,Q3FY25,Analyst,Jayashree Satagopan,I think it would be sort of in the range we guess.,-1,General Discussion
SUNPHARMA,Pharma,Q3FY25,Management,Shashank Krishnakumar,My first one was on the launch of an auto-,5,New Business & Emerging Trends
SUNPHARMA,Pharma,Q3FY25,Analyst,Corporate Office,"Sun House, 201 B/1, Western Express Highway, Goregaon (E), Mumbai - 400063",4,Performance Metrics
SUNPHARMA,Pharma,Q3FY25,Analyst,Richard Ashcroft,"So, we have launched a pen for Ilumya in Canada and as in other markets, the product is self-",0,Cost & Sales Performance
SUNPHARMA,Pharma,Q3FY25,Analyst,Kirti Ganorkar,"No, right now, as I said earlier, we have approval for a Semaglutide injection.",0,Cost & Sales Performance
SUNPHARMA,Pharma,Q3FY25,Analyst,Vishal Manchanda,"On the Philogen drug Fibromun, can you guide if there is a possibility for the",0,Cost & Sales Performance
SUNPHARMA,Pharma,Q3FY25,Management,Dilip Shanghvi,"So, my understanding is that they do not have a priority review classification.",1,Analyst Q&A
SUNPHARMA,Pharma,Q3FY25,Analyst,Corporate Office,"Sun House, 201 B/1, Western Express Highway, Goregaon (E), Mumbai - 400063",4,Performance Metrics
SUNPHARMA,Pharma,Q3FY25,Analyst,Vivek Agarwal,The question again is related to your M&A strategy.,-1,General Discussion
SUNPHARMA,Pharma,Q3FY25,Management,Dilip Shanghvi,"No, I think I said that we are comfortable with raising debt.",-1,General Discussion
SUNPHARMA,Pharma,Q3FY25,Analyst,Vivek Agarwal,"And just one more question on this globe model, Rick?",-1,General Discussion
SUNPHARMA,Pharma,Q3FY25,Analyst,Richard Ashcroft,I think we need to wait until the notice and comment period,-1,General Discussion
SUNPHARMA,Pharma,Q3FY25,Analyst,Vivek Agarwal,And are you also working with any kind of deal with the Trump administration?,-1,General Discussion
SUNPHARMA,Pharma,Q3FY25,Analyst,Vivek Agarwal,"Are you also working with any kind of deal with Trump administration, like some of the other",-1,General Discussion
SUNPHARMA,Pharma,Q3FY25,Analyst,Richard Ashcroft,We are regularly in the conversations with the US government on any number of topics.,-1,General Discussion
SUNPHARMA,Pharma,Q3FY25,Management,Foram Parekh,Our emerging markets growth is quite buoyant in this quarter.,0,Cost & Sales Performance
SUNPHARMA,Pharma,Q3FY25,Management,Alok Shanghvi,"So, all our major geographies in emerging markets are doing well in local currency terms.",0,Cost & Sales Performance
SUNPHARMA,Pharma,Q3FY25,Analyst,Corporate Office,"Sun House, 201 B/1, Western Express Highway, Goregaon (E), Mumbai - 400063",4,Performance Metrics
SUNPHARMA,Pharma,Q3FY25,Management,Foram Parekh,My second question is a little open-ended and it is on the India business GLP opportunity.,0,Cost & Sales Performance
SUNPHARMA,Pharma,Q3FY25,Analyst,Kirti Ganorkar,"We are very excited to launch the product on the patent expiry, yes.",0,Cost & Sales Performance
SUNPHARMA,Pharma,Q3FY25,Management,Foram Parekh,"And can you talk or give some direction on the pricing side, I mean, do we want to be very",0,Cost & Sales Performance
SUNPHARMA,Pharma,Q3FY25,Analyst,Kirti Ganorkar,"But I already told you like when the generic comes, it",0,Cost & Sales Performance
SUNPHARMA,Pharma,Q3FY25,Analyst,Kirti Ganorkar,"No, I think I clarified this the second, third or fourth time is like right now in this call, we are",1,Analyst Q&A
SUNPHARMA,Pharma,Q3FY25,Analyst,"Sharma for closing comments.
Dr. Abhishek Sharma","Yes, thanks, everyone, especially for joining us on this Saturday.",2,Business Opportunities
SUNPHARMA,Pharma,Q3FY25,Analyst,Corporate Office,"Sun House, 201 B/1, Western Express Highway, Goregaon (E), Mumbai - 400063",4,Performance Metrics
SUNPHARMA,Pharma,Q3FY25,Analyst,Corporate Office,"Sun House, 201 B/1, Western Express Highway, Goregaon (E), Mumbai - 400063",4,Performance Metrics
SUNPHARMA,Pharma,Q4FY25,Analyst,Corporate Office,"Sun House, 201 B/1, Western Express Highway, Goregaon (E), Mumbai - 400063",4,Performance Metrics
SUNPHARMA,Pharma,Q4FY25,Analyst,Abhishek Sharma,"Good evening, and a warm welcome to our fourth quarter and full year FY '26",2,Business Opportunities
SUNPHARMA,Pharma,Q4FY25,Analyst,Jayashree Satagopan,"Good evening all, and welcome and thank you for joining us for the earnings call after",2,Business Opportunities
SUNPHARMA,Pharma,Q4FY25,Analyst,Corporate Office,"Sun House, 201 B/1, Western Express Highway, Goregaon (E), Mumbai - 400063",4,Performance Metrics
SUNPHARMA,Pharma,Q4FY25,Analyst,Kirti Ganorkar,I shall first provide you an update on Global Innovative Medicine.,0,Cost & Sales Performance
SUNPHARMA,Pharma,Q4FY25,Analyst,Corporate Office,"Sun House, 201 B/1, Western Express Highway, Goregaon (E), Mumbai - 400063",4,Performance Metrics
SUNPHARMA,Pharma,Q4FY25,Management,Aalok Shanghvi,I will provide an update on the performance highlights of our other,0,Cost & Sales Performance
SUNPHARMA,Pharma,Q4FY25,Analyst,Corporate Office,"Sun House, 201 B/1, Western Express Highway, Goregaon (E), Mumbai - 400063",4,Performance Metrics
SUNPHARMA,Pharma,Q4FY25,Management,Dilip Shanghvi,Let me now take you through our R&D initiatives.,0,Cost & Sales Performance
SUNPHARMA,Pharma,Q4FY25,Analyst,Kunal Dhamesha,Hi good evening and thank you for the opportunity.,2,Business Opportunities
SUNPHARMA,Pharma,Q4FY25,Analyst,Corporate Office,"Sun House, 201 B/1, Western Express Highway, Goregaon (E), Mumbai - 400063",4,Performance Metrics
SUNPHARMA,Pharma,Q4FY25,Analyst,Kunal Dhamesha,"Second one for Kirti, sir, on the semaglutide launch in India.",-1,General Discussion
SUNPHARMA,Pharma,Q4FY25,Analyst,Kirti Ganorkar,So I would say what reflection you are seeing,-1,General Discussion
SUNPHARMA,Pharma,Q4FY25,Analyst,Kunal Dhamesha,"And sir, any clarity on will we be there in the oral semaglutide market anytime soon?",0,Cost & Sales Performance
SUNPHARMA,Pharma,Q4FY25,Analyst,Corporate Office,"Sun House, 201 B/1, Western Express Highway, Goregaon (E), Mumbai - 400063",4,Performance Metrics
SUNPHARMA,Pharma,Q4FY25,Analyst,Kirti Ganorkar,"So for oral, we have completed the clinical study.",0,Cost & Sales Performance
SUNPHARMA,Pharma,Q4FY25,Analyst,Surya Patra,My first question is on the sequential drop in the margin.,0,Cost & Sales Performance
SUNPHARMA,Pharma,Q4FY25,Analyst,Surya Patra,"So sequential drop in the margin, that was my question.",0,Cost & Sales Performance
SUNPHARMA,Pharma,Q4FY25,Analyst,Surya Patra,"So, and how much of this drop is because",-1,General Discussion
SUNPHARMA,Pharma,Q4FY25,Analyst,Jayashree Satagopan,So the impact of Revlimid in this is relatively small.,-1,General Discussion
SUNPHARMA,Pharma,Q4FY25,Analyst,Surya Patra,"And any one-off cost component that is sitting in the other expenses, ma'am?",-1,General Discussion
SUNPHARMA,Pharma,Q4FY25,Analyst,Jayashree Satagopan,"No, there are multiple small items that have together come up to this level.",-1,General Discussion
SUNPHARMA,Pharma,Q4FY25,Analyst,Surya Patra,"Second question is about, although we are not discussing Organon acquisition related",0,Cost & Sales Performance
SUNPHARMA,Pharma,Q4FY25,Analyst,Kirti Ganorkar,"So I think we had done a presentation on Organon, where in the detail, Jayashree has",3,Management Commentary
SUNPHARMA,Pharma,Q4FY25,Analyst,Corporate Office,"Sun House, 201 B/1, Western Express Highway, Goregaon (E), Mumbai - 400063",4,Performance Metrics
SUNPHARMA,Pharma,Q4FY25,Analyst,Surya Patra,"Just last one question, if I may ask.",1,Analyst Q&A
SUNPHARMA,Pharma,Q4FY25,Analyst,Surya Patra,So we have obviously seen a kind of a good progress,1,Analyst Q&A
SUNPHARMA,Pharma,Q4FY25,Analyst,Kirti Ganorkar,"We have ILUMYA and Odomzo, these are 2 products outside the US.",0,Cost & Sales Performance
SUNPHARMA,Pharma,Q4FY25,Analyst,Neha,"Rick, a quick question on the US specialty business.",0,Cost & Sales Performance
SUNPHARMA,Pharma,Q4FY25,Analyst,Richard Ascroft,"So for '26, we did see good growth for ILUMYA, but we",-1,General Discussion
SUNPHARMA,Pharma,Q4FY25,Analyst,Corporate Office,"Sun House, 201 B/1, Western Express Highway, Goregaon (E), Mumbai - 400063",4,Performance Metrics
SUNPHARMA,Pharma,Q4FY25,Analyst,"UNLOXCYT as well as the existing Innovative Medicines portfolio.
Neha","So out of the existing portfolio, excluding LEQSELVI, let's say, Winlevi particularly, we changed our",-1,General Discussion
SUNPHARMA,Pharma,Q4FY25,Analyst,Richard Ascroft,We continue to see growth based on the model that we've adopted.,0,Cost & Sales Performance
SUNPHARMA,Pharma,Q4FY25,Analyst,Neha,"And last on LEQSELVI, how are you thinking about, I mean, based on your conversation with",-1,General Discussion
SUNPHARMA,Pharma,Q4FY25,Analyst,Richard Ascroft,I think there are a couple of things in that question.,1,Analyst Q&A
SUNPHARMA,Pharma,Q4FY25,Analyst,Neha,"If I look at the emerging market business,",0,Cost & Sales Performance
SUNPHARMA,Pharma,Q4FY25,Management,Aalok Shanghvi,"So I think we will certainly look at maximizing the potential, but we will not be able to",1,Analyst Q&A
SUNPHARMA,Pharma,Q4FY25,Analyst,Corporate Office,"Sun House, 201 B/1, Western Express Highway, Goregaon (E), Mumbai - 400063",4,Performance Metrics
SUNPHARMA,Pharma,Q4FY25,Analyst,Richard Ascroft,"We are seeing some impact of biosimilars changing formulary access, but we've not seen an",0,Cost & Sales Performance
SUNPHARMA,Pharma,Q4FY25,Analyst,Girish Bakhru,"But there is no cross referencing of pricing, let's say, does it not change gross to net for you",-1,General Discussion
SUNPHARMA,Pharma,Q4FY25,Analyst,Richard Ascroft,Part B drugs are not negotiated under that regimen.,0,Cost & Sales Performance
SUNPHARMA,Pharma,Q4FY25,Analyst,Girish Bakhru,"I know it's still early, but can you share how",-1,General Discussion
SUNPHARMA,Pharma,Q4FY25,Analyst,Girish Bakhru,"Just a ballpark, would you be able to tell how many key priority accounts are there?",0,Cost & Sales Performance
SUNPHARMA,Pharma,Q4FY25,Analyst,Richard Ascroft,"No, it's not -- we don't have a limited distribution model because this practice is largely used",-1,General Discussion
SUNPHARMA,Pharma,Q4FY25,Analyst,Corporate Office,"Sun House, 201 B/1, Western Express Highway, Goregaon (E), Mumbai - 400063",4,Performance Metrics
SUNPHARMA,Pharma,Q4FY25,Analyst,Kirti Ganorkar,"No, I think we have stated this for US market, we are looking for a partner for developing MM2",0,Cost & Sales Performance
SUNPHARMA,Pharma,Q4FY25,Analyst,Abdulkader Puranwala,"And sir, would it be fair to assume that the same would happen for the Type",0,Cost & Sales Performance
SUNPHARMA,Pharma,Q4FY25,Management,Dilip Shanghvi,"I think the idea is that in larger market where we will require a large field force to promote,",0,Cost & Sales Performance
SUNPHARMA,Pharma,Q4FY25,Management,Dilip Shanghvi,"No, I think part of the question you answered yourself is that because of the compliance issue,",-1,General Discussion
SUNPHARMA,Pharma,Q4FY25,Analyst,Corporate Office,"Sun House, 201 B/1, Western Express Highway, Goregaon (E), Mumbai - 400063",4,Performance Metrics
SUNPHARMA,Pharma,Q4FY25,Analyst,Tushar Manudhane,So is there any thinking in terms of -- while maybe the existing sites compliance issue may,-1,General Discussion
SUNPHARMA,Pharma,Q4FY25,Management,Aalok Shanghvi,"So, I think -- like we've shared in the past, I think we continue to work on training and upgrading",1,Analyst Q&A
SUNPHARMA,Pharma,Q4FY25,Analyst,Tushar Manudhane,"So, are we in the process of setting up Greenfield for US generics specifically is what I was",0,Cost & Sales Performance
SUNPHARMA,Pharma,Q4FY25,Management,Aalok Shanghvi,"US generics would be a part of the volume that would be manufactured, but it would not be the",0,Cost & Sales Performance
SUNPHARMA,Pharma,Q4FY25,Analyst,Abhishek Sharma,"Tushar, we are referring to the Madhya Pradesh plant that is coming up.",-1,General Discussion
SUNPHARMA,Pharma,Q4FY25,Analyst,Tushar Manudhane,"I mean just conceptually, so I'm just trying to think through that while the",1,Analyst Q&A
SUNPHARMA,Pharma,Q4FY25,Management,Dilip Shanghvi,"No, we are not challenging -- I mean, changing our view on attractiveness of generic business.",-1,General Discussion
SUNPHARMA,Pharma,Q4FY25,Analyst,Tushar Manudhane,"So, this facility -- sorry for my ignorance.",0,Cost & Sales Performance
SUNPHARMA,Pharma,Q4FY25,Analyst,Kunal Dhamesha,"On the R&D front, we have guided for 6% to 7% as a percentage of",0,Cost & Sales Performance
SUNPHARMA,Pharma,Q4FY25,Management,Dilip Shanghvi,"So, I think you must have seen that both the last quarter overall R&D spend has grown over the",0,Cost & Sales Performance
SUNPHARMA,Pharma,Q4FY25,Analyst,Kunal Dhamesha,"So, let me put it this way, like the percentage spent on or the money spent on innovation",-1,General Discussion
SUNPHARMA,Pharma,Q4FY25,Management,Dilip Shanghvi,"No, I think, we have an active life cycle management approach for all our innovative products.",-1,General Discussion
SUNPHARMA,Pharma,Q4FY25,Analyst,Kunal Dhamesha,"On the intangible asset increase, I think is it related to",-1,General Discussion
SUNPHARMA,Pharma,Q4FY25,Analyst,Jayashree Satagopan,This is relating to the commercialization of these two molecules.,0,Cost & Sales Performance
SUNPHARMA,Pharma,Q4FY25,Analyst,Kunal Dhamesha,"So, let's say, work in progress intangible has been classified as the intangible asset?",-1,General Discussion
SUNPHARMA,Pharma,Q4FY25,Analyst,Abhishek Sharma,"For LEQSELVI, yes, and for Checkpoint, yes, it was never under CWIP.",-1,General Discussion
SUNPHARMA,Pharma,Q4FY25,Analyst,Vishal Manchanda,"In FY27, I think we don't have a large specialty launch.",-1,General Discussion
SUNPHARMA,Pharma,Q4FY25,Analyst,Vishal Manchanda,"So, is it fair to expect that the",-1,General Discussion
SUNPHARMA,Pharma,Q4FY25,Analyst,Richard Ascroft,I think the -- it's important to sustain launches as well.,5,New Business & Emerging Trends
SUNPHARMA,Pharma,Q4FY25,Analyst,Vishal Manchanda,Any timelines with respect to how should we see these launches happening in Europe and,5,New Business & Emerging Trends
SUNPHARMA,Pharma,Q4FY25,Management,Dilip Shanghvi,I think we are not factoring any sales out of this product in any geographies other than the,0,Cost & Sales Performance
SUNPHARMA,Pharma,Q4FY25,Analyst,Vishal Manchanda,"So, is it these markets are not large enough?",0,Cost & Sales Performance
SUNPHARMA,Pharma,Q4FY25,Analyst,Vishal Manchanda,Or will we need to do additional trials here and,0,Cost & Sales Performance
SUNPHARMA,Pharma,Q4FY25,Management,Dilip Shanghvi,"No, I think sometimes you have to -- the filing itself requires a certain time because you",-1,General Discussion
SUNPHARMA,Pharma,Q4FY25,Analyst,Vishal Manchanda,"And just on the generic business, do we expect any re-inspections maybe at",0,Cost & Sales Performance
SUNPHARMA,Pharma,Q4FY25,Management,Aalok Shanghvi,"So, I think the sites operate from a 24/7 audit readiness.",-1,General Discussion
SUNPHARMA,Pharma,Q4FY25,Management,Aalok Shanghvi,I think we would not be able to,1,Analyst Q&A
SUNPHARMA,Pharma,Q4FY25,Analyst,Vishal Manchanda,"And I have one more question on Winlevi, the innovator company has done a trial on",0,Cost & Sales Performance
SUNPHARMA,Pharma,Q4FY25,Analyst,Kirti Ganorkar,"Since this is a pipeline question, we won't be able to answer it.",0,Cost & Sales Performance
SUNPHARMA,Pharma,Q4FY25,Analyst,S. Krishnakumar,I think one of our competitors likely to get an approval,-1,General Discussion
SUNPHARMA,Pharma,Q4FY25,Analyst,Richard Ascroft,"We do have an active Phase III trial underway for LEQSELVI in adolescents, you're",-1,General Discussion
SUNPHARMA,Pharma,Q4FY25,Analyst,Jayashree Satagopan,Let me clarify the higher spend is on account of several factors in various,0,Cost & Sales Performance
SUNPHARMA,Pharma,Q4FY25,Analyst,Richard Ascroft,"We're not providing exactly what it is, but it was within",-1,General Discussion
SUNPHARMA,Pharma,Q4FY25,Analyst,Corporate Office,"Sun House, 201 B/1, Western Express Highway, Goregaon (E), Mumbai - 400063",4,Performance Metrics
SUNPHARMA,Pharma,Q4FY25,Analyst,Richard Ascroft,"The President did announce in April the resolution of the 232 investigations, laid out a",-1,General Discussion
SUNPHARMA,Pharma,Q4FY25,Analyst,Jayashree Satagopan,"So, as you know, we do not guide on the margins.",0,Cost & Sales Performance
SUNPHARMA,Pharma,Q4FY25,Analyst,Abhishek Sharma,"Just to clarify, Damayanti, we are not guiding whether they will be lower, same or higher",-1,General Discussion
SUNPHARMA,Pharma,Q4FY25,Analyst,Damayanti Kerai,And can you indicate your effective tax rate for next year and beyond?,-1,General Discussion
SUNPHARMA,Pharma,Q4FY25,Analyst,Jayashree Satagopan,We expect the effective tax rate to be in the range of 25%.,0,Cost & Sales Performance
SUNPHARMA,Pharma,Q4FY25,Analyst,Corporate Office,"Sun House, 201 B/1, Western Express Highway, Goregaon (E), Mumbai - 400063",4,Performance Metrics
SUNPHARMA,Pharma,Q4FY25,Analyst,Abhishek Sharma,If you have any questions that have remained unanswered,-1,General Discussion
SUNPHARMA,Pharma,Q4FY25,Analyst,"You may now disconnect your lines.
Corporate Office","Sun House, 201 B/1, Western Express Highway, Goregaon (E), Mumbai - 400063",4,Performance Metrics
TCS,IT,Q1FY25,Analyst,Nehal Shah,Our management team will give a brief overview of the company's,0,Cost & Sales Performance
TCS,IT,Q1FY25,Management,Milind Lakkad,Our workforce at the end of the first quarter was,1,Analyst Q&A
TCS,IT,Q1FY25,Analyst,BFSI,"In America, BFSI clients are cautious with tech investments as they",7,Sequential Performance Review
TCS,IT,Q1FY25,Analyst,Tech SS,The Technology & Services industry sustained growth across all markets this,-1,General Discussion
TCS,IT,Q1FY25,Analyst,CMI,"In the Communications, Media, and Information vertical, enterprises are re-",-1,General Discussion
TCS,IT,Q1FY25,Analyst,Let me begin with AI and Data,"• We are seeing enterprises move beyond small-scale, use-case centric",-1,General Discussion
TCS,IT,Q1FY25,Analyst,I would like to share a couple of examples,"• AmTrust, the New York based multinational property and casualty",0,Cost & Sales Performance
TCS,IT,Q1FY25,Analyst,Cyber Security,All of us know organizations are prioritizing cybersecurity to protect,-1,General Discussion
TCS,IT,Q1FY25,Analyst,Sudheer Guntupalli,And just some clarification on your comment in the Press,1,Analyst Q&A
TCS,IT,Q1FY25,Management,K Krithivasan,"Sudheer, at this time we are confident the international market will do",0,Cost & Sales Performance
TCS,IT,Q1FY25,Management,K Krithivasan,"We have not started seeing that so far, Sudheer.",-1,General Discussion
TCS,IT,Q1FY25,Management,Kumar Rakesh,"Hi, good evening and thank you for taking my questions and welcome",2,Business Opportunities
TCS,IT,Q1FY25,Management,K Krithivasan,Whatever delays that we had have been to a great extent factored into,1,Analyst Q&A
TCS,IT,Q1FY25,Management,Samir Seksaria,A good comparison would be the year-on-year margin.,0,Cost & Sales Performance
TCS,IT,Q1FY25,Management,Kumar Rakesh,Thanks a lot and that's all from my side.,2,Business Opportunities
TCS,IT,Q1FY25,Analyst,Ankur Rudra,My first question is in terms of the weakness you've seen,7,Sequential Performance Review
TCS,IT,Q1FY25,Management,K Krithivasan,"Ankur, pricing has been reasonably stable at an overall level.",0,Cost & Sales Performance
TCS,IT,Q1FY25,Analyst,Ankur Rudra,Will this impact the revenue conversion from the signings because,0,Cost & Sales Performance
TCS,IT,Q1FY25,Analyst,Ankur Rudra,Could you talk a bit about how the,1,Analyst Q&A
TCS,IT,Q1FY25,Management,K Krithivasan,Ankur the overall pipeline has remained quite strong.,0,Cost & Sales Performance
TCS,IT,Q1FY25,Management,Samir Seksaria,"Ankur, like I said, we invested into capacity, anticipating growth this",-1,General Discussion
TCS,IT,Q1FY25,Analyst,Ankur Rudra,"And just as a quick follow-up, how much of the utilization improvement",0,Cost & Sales Performance
TCS,IT,Q1FY25,Management,Samir Seksaria,"We would want to drive revenue growth, but we will look at optimization",-1,General Discussion
TCS,IT,Q1FY25,Management,Samir Seksaria,"So Ravi, so you would see a 70 basis points decline on positive impact",-1,General Discussion
TCS,IT,Q1FY25,Management,K Krithivasan,"Actually Ravi, positive side of it is that BFSI North America and",7,Sequential Performance Review
TCS,IT,Q1FY25,Analyst,Ravi Menon,"On the high-tech side, that's where we had seen the",-1,General Discussion
TCS,IT,Q1FY25,Management,K Krithivasan,"By and large, we are seeing a growth, with the exception of one or two",0,Cost & Sales Performance
TCS,IT,Q1FY25,Management,Samir Seksaria,"Abhishek, first, on the BSNL deal, we just received an advance",0,Cost & Sales Performance
TCS,IT,Q1FY25,Management,K Krithivasan,"Like every other industry, Nitin, there are some places where there is a",0,Cost & Sales Performance
TCS,IT,Q1FY25,Management,Nitin Padmanabhan,"Just to understand, on a sequential basis, last quarter versus this",1,Analyst Q&A
TCS,IT,Q1FY25,Management,K Krithivasan,"If you look at a revenue basis, you can see that the revenue has an",-1,General Discussion
TCS,IT,Q1FY25,Management,Nitin Padmanabhan,"But just from a pure -- because there is a dichotomy, our deal",-1,General Discussion
TCS,IT,Q1FY25,Management,K Krithivasan,"What's happening in some of the deals, where the clients decide that",0,Cost & Sales Performance
TCS,IT,Q1FY25,Management,K Krithivasan,"Nitin, as you know, we don’t give any specific guidance, but on the",-1,General Discussion
TCS,IT,Q1FY25,Management,Nitin Padmanabhan,Thank you so much and all the very best.,2,Business Opportunities
TCS,IT,Q1FY25,Analyst,"Asset Management. Please go ahead.
Abhishek Gupta","Thank you so much, sir, for taking my question.",2,Business Opportunities
TCS,IT,Q1FY25,Management,K Krithivasan,"Abhishek, I will not characterize it as losing any market share in North",0,Cost & Sales Performance
TCS,IT,Q1FY25,Analyst,"Abhishek.
Abhishek Gupta","And sir, lastly, from my side, if I look at your client's metrics, there",0,Cost & Sales Performance
TCS,IT,Q1FY25,Management,K Krithivasan,"So, Abhishek, whenever there is a revenue reduction, it's concerning.",-1,General Discussion
TCS,IT,Q1FY25,Management,Samir Seksaria,"As I clarified, it is not just adding people.",-1,General Discussion
TCS,IT,Q1FY25,Analyst,Gaurav Rateria,My second question is on the conversation that we are having at,1,Analyst Q&A
TCS,IT,Q1FY25,Management,K Krithivasan,"Whenever there is a renewal, we go back to our",-1,General Discussion
TCS,IT,Q1FY25,Management,K Krithivasan,"In Q1 FY '26, our revenue declined by 3.1% year-",-1,General Discussion
TCS,IT,Q1FY25,Analyst,Note,This transcript has been edited for readability and does not purport to,4,Performance Metrics
TCS,IT,Q2FY25,Analyst,Nehal Shah,Our management team will give a brief overview of the company's,0,Cost & Sales Performance
TCS,IT,Q2FY25,Management,K Krithivasan,"Firstly, I would like to warmly welcome Sudeep Kunnumal who has",3,Management Commentary
TCS,IT,Q2FY25,Management,K Krithivasan,"Moving on to Q2 performance, we have delivered a good",1,Analyst Q&A
TCS,IT,Q2FY25,Analyst,"We continued to make capex investments in infrastructure. A
couple of examples are","• We inaugurated a innovation centre in Singapore, expanding our",-1,General Discussion
TCS,IT,Q2FY25,Analyst,Scaling AI,Third aspect of our internal transformation is how do we,6,Operational Updates
TCS,IT,Q2FY25,Analyst,"Now let me talk about how we are scaling AI for our customers.
Making AI Real for our customers",The journey of making AI real and experiential for our customer cuts,6,Operational Updates
TCS,IT,Q2FY25,Management,K Krithivasan,"Yogesh, from a capex perspective, while we have set a target of 1",-1,General Discussion
TCS,IT,Q2FY25,Management,K Krithivasan,"And secondly hoping to sell this to the pure-play AI providers, the",6,Operational Updates
TCS,IT,Q2FY25,Management,Yogesh Aggarwal,"Secondly, on the growth, you said the demand",0,Cost & Sales Performance
TCS,IT,Q2FY25,Management,K Krithivasan,"Yogesh, we had better growth compared to Q1.",1,Analyst Q&A
TCS,IT,Q2FY25,Management,Samir Seksaria,"Sudheer, in terms of both, one, Krithi talked about finance partners,",-1,General Discussion
TCS,IT,Q2FY25,Analyst,Sudheer Guntupalli,And just to get to understand the operating model,1,Analyst Q&A
TCS,IT,Q2FY25,Analyst,"JPMorgan. Please go ahead.
Ankur Rudra",I just wanted to understand this AI transformation you're,6,Operational Updates
TCS,IT,Q2FY25,Management,K Krithivasan,"Ankur, this whole our belief and confidence in becoming the largest",-1,General Discussion
TCS,IT,Q2FY25,Analyst,Ankur Rudra,I just want to clarify a couple of things.,1,Analyst Q&A
TCS,IT,Q2FY25,Management,K Krithivasan,"First on the headwind, Ankur, the only headwind was because",8,Macro & Scale Commentary
TCS,IT,Q2FY25,Management,K Krithivasan,"Ravi, we've been looking at opportunities to expand our play in",1,Analyst Q&A
TCS,IT,Q2FY25,Analyst,"And we expect to replicate this across other verticals.
Ravi Menon","And if I recall right, you already announced a North American bank",-1,General Discussion
TCS,IT,Q2FY25,Analyst,"Rateria from Morgan Stanley. Please go ahead.
Gaurav Rateria",My first question is about the investment in the new subsidiary on,0,Cost & Sales Performance
TCS,IT,Q2FY25,Management,Samir Seksaria,"The business itself, we'll be keeping it separate.",0,Cost & Sales Performance
TCS,IT,Q2FY25,Analyst,Gaurav Rateria,My second question is the interplay between humans and AI that,6,Operational Updates
TCS,IT,Q2FY25,Analyst,Gaurav Rateria,"My last question is whether we should evaluate, or should we",-1,General Discussion
TCS,IT,Q2FY25,Management,Samir Seksaria,"As we said, this is an investment which will have partners coming",0,Cost & Sales Performance
TCS,IT,Q2FY25,Analyst,"Citi. Please go ahead.
Surendra Goyal","In your prepared remarks, you said that FY '26 growth in international",-1,General Discussion
TCS,IT,Q2FY25,Management,Samir Seksaria,"It was about 70 basis points, and it is in constant currency terms.",-1,General Discussion
TCS,IT,Q2FY25,Analyst,Surendra Goyal,"So constant currency basis, 70 basis points and this year will be",-1,General Discussion
TCS,IT,Q2FY25,Analyst,Sudeep Kunnumal,"The 20,000 net head count decline is a factor of voluntary and",8,Macro & Scale Commentary
TCS,IT,Q2FY25,Analyst,Surendra Goyal,"So just to clarify, there will be no involuntary attrition beyond the 1%",0,Cost & Sales Performance
TCS,IT,Q2FY25,Analyst,Surendra Goyal,"One last question, Krithi, Aarthi, I think, in terms of the data center",-1,General Discussion
TCS,IT,Q2FY25,Analyst,Surendra Goyal,"And Samir, just one clarification on ROE of this new business.",3,Management Commentary
TCS,IT,Q2FY25,Management,Samir Seksaria,"The ROE of this new business, as you all rightly identified, that's",3,Management Commentary
TCS,IT,Q2FY25,Management,K Krithivasan,"Kumar, based on the discussions that we've been having with",-1,General Discussion
TCS,IT,Q2FY25,Management,Samir Seksaria,"Kumar, as you know, in H1, we have improved 100 basis points.",-1,General Discussion
TCS,IT,Q2FY25,Management,K Krithivasan,"Nitin, at that point like we probably as I was alluding to, I would say,",-1,General Discussion
TCS,IT,Q2FY25,Management,Nitin Padmanabhan,"Any incremental update on, let's say, BFSI or consumer",0,Cost & Sales Performance
TCS,IT,Q2FY25,Management,K Krithivasan,"See, if you look at the growth momentum, all of them have",-1,General Discussion
TCS,IT,Q2FY25,Management,Nitin Padmanabhan,"On the data center capex, maybe roughly based on what you said,",-1,General Discussion
TCS,IT,Q2FY25,Management,K Krithivasan,"Yes, definitely, it will be partially by partners, partly by us.",0,Cost & Sales Performance
TCS,IT,Q2FY25,Management,Nitin Padmanabhan,And just one last one if I may.,-1,General Discussion
TCS,IT,Q2FY25,Management,Nitin Padmanabhan,Any color on the kind of deals in terms,3,Management Commentary
TCS,IT,Q2FY25,Management,K Krithivasan,"No significant improvement, but at the same time, when Aarthi",-1,General Discussion
TCS,IT,Q2FY25,Management,Nitin Padmanabhan,"Thank you so much, Krithi and all the very best.",2,Business Opportunities
TCS,IT,Q2FY25,Management,K Krithivasan,"At this time, we are planning based on the inputs we have, it's likely",1,Analyst Q&A
TCS,IT,Q2FY25,Analyst,"Nuvama Equities. Please go ahead.
Vibhor Singhal","So Krithi, just once again, on the AI",-1,General Discussion
TCS,IT,Q2FY25,Analyst,"India-based businesses or deep tech.
Vibhor Singhal","And you mentioned that we've basically gone ahead with this, as for",1,Analyst Q&A
TCS,IT,Q2FY25,Management,K Krithivasan,I'm saying that there is a lot of,-1,General Discussion
TCS,IT,Q2FY25,Analyst,Vibhor Singhal,"So, are there any MoUs that we have signed or any early",1,Analyst Q&A
TCS,IT,Q2FY25,Management,K Krithivasan,"We are having quite a few conversations with our customers, to",0,Cost & Sales Performance
TCS,IT,Q2FY25,Management,Samir Seksaria,The increase of the equipment and software expenses this quarter,0,Cost & Sales Performance
TCS,IT,Q2FY25,Analyst,Vibhor Singhal,I mean it's expected to remain in the same range as it has been?,-1,General Discussion
TCS,IT,Q2FY25,Management,Samir Seksaria,"We have Q3 seasonality, which you'd typically see.",1,Analyst Q&A
TCS,IT,Q2FY25,Analyst,"PO later.
Vibhor Singhal",Thank you so much for taking my question.,2,Business Opportunities
TCS,IT,Q2FY25,Analyst,"Jhunjhunwala from IIFL. Please go ahead.
Rishi Jhunjhunwala","So, just harping a little bit more on",1,Analyst Q&A
TCS,IT,Q2FY25,Management,K Krithivasan,"Rishi, there are definitely a number of places where we can invest.",0,Cost & Sales Performance
TCS,IT,Q2FY25,Management,K Krithivasan,"And, it gives another group synergy as well.",-1,General Discussion
TCS,IT,Q2FY25,Management,K Krithivasan,So there is a different kind of synergy we can,-1,General Discussion
TCS,IT,Q2FY25,Analyst,Rishi Jhunhunwala,"And the second question is, I think in the opening",1,Analyst Q&A
TCS,IT,Q2FY25,Management,K Krithivasan,We are very actively looking at more opportunities for,1,Analyst Q&A
TCS,IT,Q2FY25,Management,Samir Seksaria,Of substantial free cash flows and that is after all investments.,0,Cost & Sales Performance
TCS,IT,Q2FY25,Management,K Krithivasan,"But so, but if we end up making a huge acquisition that impact our",-1,General Discussion
TCS,IT,Q2FY25,Analyst,Note,This transcript has been edited for readability and does not purport to be a verbatim,4,Performance Metrics
TCS,IT,Q3FY25,Analyst,Nehal Shah,Our management team will give a brief overview of the company's,0,Cost & Sales Performance
TCS,IT,Q3FY25,Analyst,"Let me now share more details on our performance across the
industry verticals", BFSI continues to show good growth momentum despite the,7,Sequential Performance Review
TCS,IT,Q3FY25,Analyst,"Guntupalli from Kotak Mahindra AMC. Please go ahead.
Sudheer Guntupalli",I am just doubling down on your initial remark of the confidence of,-1,General Discussion
TCS,IT,Q3FY25,Management,K Krithivasan,"In Q2, we had called out that the overall demand",1,Analyst Q&A
TCS,IT,Q3FY25,Analyst,Sudheer Guntupalli,Some of the key segments like North America and UK,-1,General Discussion
TCS,IT,Q3FY25,Analyst,Ravi Menon,The first is the increase in other expenses within the SG&A.,0,Cost & Sales Performance
TCS,IT,Q3FY25,Management,Samir Seksaria,"First on the other expenses part, the increase both sequentially",0,Cost & Sales Performance
TCS,IT,Q3FY25,Analyst,Ravi Menon,"So some of this will recur , some of it won't recur, right?",-1,General Discussion
TCS,IT,Q3FY25,Analyst,"Nuvama. Please go ahead.
Vibhor Singhal","Krithi, you mentioned that the weakness in the BFSI segment was",7,Sequential Performance Review
TCS,IT,Q3FY25,Management,K Krithivasan,"In BFSI, it's primarily seasonality that impacted us in this quarter.",7,Sequential Performance Review
TCS,IT,Q3FY25,Analyst,Vibhor Singhal,"Just one follow-up on that, you had mentioned that we are looking",-1,General Discussion
TCS,IT,Q3FY25,Management,K Krithivasan,"Yes, Vibhor like we did tell in the past that our international market,",0,Cost & Sales Performance
TCS,IT,Q3FY25,Management,Samir Seksaria,"If you look at it from a headwind perspective, Vibhor, apart from",8,Macro & Scale Commentary
TCS,IT,Q3FY25,Management,Samir Seksaria,"Basis the guidance received overall on the new labor code, the way",-1,General Discussion
TCS,IT,Q3FY25,Analyst,Vibhor Singhal,"Going forward, next quarter onwards we will just take the impact of",1,Analyst Q&A
TCS,IT,Q3FY25,Management,Samir Seksaria,On the labor code we don't expect any incremental one-o(cid:431)’s.,-1,General Discussion
TCS,IT,Q3FY25,Analyst,Vibhor Singhal,Thank you so much for taking the questions and wish you all the,2,Business Opportunities
TCS,IT,Q3FY25,Management,K Krithivasan,"Nitin, I will take the question on North America, BSNL, Credit card",-1,General Discussion
TCS,IT,Q3FY25,Analyst,Sudeep Kunnumal,"So, as I mentioned, we continue to hire",-1,General Discussion
TCS,IT,Q3FY25,Management,Nitin Padmanabhan,Thank you so much and all the very best.,2,Business Opportunities
TCS,IT,Q3FY25,Management,"BNP Paribas. Please go ahead.
Kumar Rakesh",My first question was that you spoke about that,1,Analyst Q&A
TCS,IT,Q3FY25,Management,K Krithivasan,"Kumar, if you look at this year, so far in the first three quarters, our",-1,General Discussion
TCS,IT,Q3FY25,Management,Kumar Rakesh,"My second question was on the AI services revenue,",6,Operational Updates
TCS,IT,Q3FY25,Management,Samir Seksaria,The legal expenses has a combination of some ongoing elements,-1,General Discussion
TCS,IT,Q3FY25,Management,Kumar Rakesh,"So essentially, the SG&A expense in this quarter largely would be",0,Cost & Sales Performance
TCS,IT,Q3FY25,Management,Samir Seksaria,"Partly, it's a mix of both, but I'm not going to hair split into how",-1,General Discussion
TCS,IT,Q3FY25,Management,"Thank you.
K Krithivasan","Bachman, if you look at the renewal, most of the renewals would",-1,General Discussion
TCS,IT,Q3FY25,Analyst,Keith Bachman,"So is your contention that 10% to 15%, you're suggesting that's the",0,Cost & Sales Performance
TCS,IT,Q3FY25,Management,K Krithivasan,I said just to give it as an example.,1,Analyst Q&A
TCS,IT,Q3FY25,Management,K Krithivasan,"But at the same time, it's fair to",-1,General Discussion
TCS,IT,Q3FY25,Analyst,Dhanshree,"Some color on data center operations, when the actual operations",-1,General Discussion
TCS,IT,Q3FY25,Management,Samir Seksaria,"Dhanshree, what we had called out is, that we would be first",-1,General Discussion
TCS,IT,Q3FY25,Analyst,Note,This transcript has been edited for readability and does not purport to be a,4,Performance Metrics
TCS,IT,Q4FY25,Analyst,Nehal Shah,Our management team will give a brief overview of the company's,0,Cost & Sales Performance
TCS,IT,Q4FY25,Analyst,"Good day everyone and thank you for joining us today.
I would like to open with five key messages for the quarter and the year","First, about Q4 – We are very pleased to announce third consecutive",1,Analyst Q&A
TCS,IT,Q4FY25,Analyst,Some of the key announcements we made this quarter are,"• We have partnered with Open AI to build 100 MW capacity, with an",6,Operational Updates
TCS,IT,Q4FY25,Analyst,Tech Services company. This aspiration is powered by,"• Capitalizing on AI led renewals, vendor consolidation and cost",6,Operational Updates
TCS,IT,Q4FY25,Analyst,Sudheer Guntupalli,"The second question, many of these frontier model",-1,General Discussion
TCS,IT,Q4FY25,Management,K Krithivasan,"It's been, as I said, our clients are quite",0,Cost & Sales Performance
TCS,IT,Q4FY25,Management,K Krithivasan,"As we mentioned, we have a good order book getting into FY27.",-1,General Discussion
TCS,IT,Q4FY25,Management,Kumar Rakesh,"Hi, good evening and thank you for taking my question.",2,Business Opportunities
TCS,IT,Q4FY25,Management,K Krithivasan,"Kumar, I don't want to put a number, but I would say that, again, as I was",-1,General Discussion
TCS,IT,Q4FY25,Management,Kumar Rakesh,"Thanks for that and my second question was around margins, so",0,Cost & Sales Performance
TCS,IT,Q4FY25,Management,Samir Seksaria,"As you know, we have been investing on the ‘Build-Partner-Acquire’",0,Cost & Sales Performance
TCS,IT,Q4FY25,Management,Kumar Rakesh,"And just for a clarification, our restructuring is done or there's",0,Cost & Sales Performance
TCS,IT,Q4FY25,Management,Samir Seksaria,"So if you look at Q4, we have not called out any one-offs, so it is business",1,Analyst Q&A
TCS,IT,Q4FY25,Management,Kumar Rakesh,"But there is a restructuring charge, which you have booked in the",0,Cost & Sales Performance
TCS,IT,Q4FY25,Management,Samir Seksaria,We have not called out any one-off for Q4.,1,Analyst Q&A
TCS,IT,Q4FY25,Management,K Krithivasan,"But Kumar, just to get the clarity, I will be specific.",-1,General Discussion
TCS,IT,Q4FY25,Management,Yogesh Aggarwal,"Krithi, just firstly on the next few quarters, can we expect the",1,Analyst Q&A
TCS,IT,Q4FY25,Management,K Krithivasan,"We are looking at a regular Q1, regular Q2 that we are used to seeing, and",1,Analyst Q&A
TCS,IT,Q4FY25,Management,Yogesh Aggarwal,"No, Krithi, I was asking, so usually the first and the second quarter are",1,Analyst Q&A
TCS,IT,Q4FY25,Management,Yogesh Aggarwal,"And secondly, just going back to this AI stuff.",6,Operational Updates
TCS,IT,Q4FY25,Management,K Krithivasan,"See, at this time, if you look at our direct impact from the geopolitical",-1,General Discussion
TCS,IT,Q4FY25,Management,Nitin Padmanabhan,"The caution that you mentioned was very geo specific, it's not a",-1,General Discussion
TCS,IT,Q4FY25,Management,Nitin Padmanabhan,"The second is on, from a margin perspective,",0,Cost & Sales Performance
TCS,IT,Q4FY25,Management,Samir Seksaria,"Nitin, we are exiting FY26 at a four-year high on annual margins at 25%.",-1,General Discussion
TCS,IT,Q4FY25,Management,K Krithivasan,"By and large, most of the headwinds we know probably are behind us,",8,Macro & Scale Commentary
TCS,IT,Q4FY25,Management,Nitin Padmanabhan,Thank you so much and all the best.,2,Business Opportunities
TCS,IT,Q4FY25,Management,K Krithivasan,"Structurally what you are saying is correct, however, I don't know whether",0,Cost & Sales Performance
TCS,IT,Q4FY25,Analyst,Vibhor Singhal,"Krithi, one more question from my side and",-1,General Discussion
TCS,IT,Q4FY25,Analyst,Vibhor Singhal,Thank you so much for answering my question and all the best.,2,Business Opportunities
TCS,IT,Q4FY25,Analyst,"Capital. Please go ahead.
Ashwin Mehta","One question Samir, what is the impact of",3,Management Commentary
TCS,IT,Q4FY25,Management,Samir Seksaria,"On the wage increments, you should expect a similar impact on what we",-1,General Discussion
TCS,IT,Q4FY25,Management,K Krithivasan,"In terms of colour or the characteristics of the deals of TCV, I would say",3,Management Commentary
TCS,IT,Q4FY25,Analyst,Ashwin Mehta,"And just one follow-up, in terms of deals, are you seeing",0,Cost & Sales Performance
TCS,IT,Q4FY25,Management,K Krithivasan,"By and large on time, but when we also see an opportunity to go back to a",1,Analyst Q&A
TCS,IT,Q4FY25,Management,K Krithivasan,"Rishi, it's a reflection as a first is we want to ensure that we properly",-1,General Discussion
TCS,IT,Q4FY25,Analyst,Rishi Jhunjhunwala,"While you've started giving annualized AI revenues, would it be",6,Operational Updates
TCS,IT,Q4FY25,Management,K Krithivasan,"So, Gaurav, first on the client metric improvement.",0,Cost & Sales Performance
TCS,IT,Q4FY25,Management,Samir Seksaria,"Gaurav, on the AI and data part, the revenue productivity is definitely",6,Operational Updates
TCS,IT,Q4FY25,Analyst,Note,This transcript has been edited for readability and does not purport to be a verbatim,4,Performance Metrics
Tata,Conglomerate,Q1FY25,Analyst,Nehal Shah,Our management team will give a brief overview of the company's,0,Cost & Sales Performance
Tata,Conglomerate,Q1FY25,Management,Milind Lakkad,Our workforce at the end of the first quarter was,1,Analyst Q&A
Tata,Conglomerate,Q1FY25,Analyst,BFSI,"In America, BFSI clients are cautious with tech investments as they",7,Sequential Performance Review
Tata,Conglomerate,Q1FY25,Analyst,Tech SS,The Technology & Services industry sustained growth across all markets this,-1,General Discussion
Tata,Conglomerate,Q1FY25,Analyst,CMI,"In the Communications, Media, and Information vertical, enterprises are re-",-1,General Discussion
Tata,Conglomerate,Q1FY25,Analyst,Let me begin with AI and Data,"• We are seeing enterprises move beyond small-scale, use-case centric",-1,General Discussion
Tata,Conglomerate,Q1FY25,Analyst,I would like to share a couple of examples,"• AmTrust, the New York based multinational property and casualty",0,Cost & Sales Performance
Tata,Conglomerate,Q1FY25,Analyst,Cyber Security,All of us know organizations are prioritizing cybersecurity to protect,-1,General Discussion
Tata,Conglomerate,Q1FY25,Analyst,Sudheer Guntupalli,And just some clarification on your comment in the Press,1,Analyst Q&A
Tata,Conglomerate,Q1FY25,Management,K Krithivasan,"Sudheer, at this time we are confident the international market will do",-1,General Discussion
Tata,Conglomerate,Q1FY25,Management,K Krithivasan,"We have not started seeing that so far, Sudheer.",-1,General Discussion
Tata,Conglomerate,Q1FY25,Management,Kumar Rakesh,"Hi, good evening and thank you for taking my questions and welcome",2,Business Opportunities
Tata,Conglomerate,Q1FY25,Management,K Krithivasan,Whatever delays that we had have been to a great extent factored into,1,Analyst Q&A
Tata,Conglomerate,Q1FY25,Management,Samir Seksaria,A good comparison would be the year-on-year margin.,0,Cost & Sales Performance
Tata,Conglomerate,Q1FY25,Management,Kumar Rakesh,Thanks a lot and that's all from my side.,2,Business Opportunities
Tata,Conglomerate,Q1FY25,Analyst,Ankur Rudra,My first question is in terms of the weakness you've seen,7,Sequential Performance Review
Tata,Conglomerate,Q1FY25,Management,K Krithivasan,"Ankur, pricing has been reasonably stable at an overall level.",0,Cost & Sales Performance
Tata,Conglomerate,Q1FY25,Analyst,Ankur Rudra,Will this impact the revenue conversion from the signings because,-1,General Discussion
Tata,Conglomerate,Q1FY25,Analyst,Ankur Rudra,Could you talk a bit about how the,1,Analyst Q&A
Tata,Conglomerate,Q1FY25,Management,K Krithivasan,Ankur the overall pipeline has remained quite strong.,0,Cost & Sales Performance
Tata,Conglomerate,Q1FY25,Management,Samir Seksaria,"Ankur, like I said, we invested into capacity, anticipating growth this",-1,General Discussion
Tata,Conglomerate,Q1FY25,Analyst,Ankur Rudra,"And just as a quick follow-up, how much of the utilization improvement",0,Cost & Sales Performance
Tata,Conglomerate,Q1FY25,Management,Samir Seksaria,"We would want to drive revenue growth, but we will look at optimization",-1,General Discussion
Tata,Conglomerate,Q1FY25,Management,Samir Seksaria,"So Ravi, so you would see a 70 basis points decline on positive impact",-1,General Discussion
Tata,Conglomerate,Q1FY25,Management,K Krithivasan,"Actually Ravi, positive side of it is that BFSI North America and",7,Sequential Performance Review
Tata,Conglomerate,Q1FY25,Analyst,Ravi Menon,"On the high-tech side, that's where we had seen the",-1,General Discussion
Tata,Conglomerate,Q1FY25,Management,K Krithivasan,"By and large, we are seeing a growth, with the exception of one or two",0,Cost & Sales Performance
Tata,Conglomerate,Q1FY25,Management,Samir Seksaria,"Abhishek, first, on the BSNL deal, we just received an advance",-1,General Discussion
Tata,Conglomerate,Q1FY25,Management,K Krithivasan,"Like every other industry, Nitin, there are some places where there is a",0,Cost & Sales Performance
Tata,Conglomerate,Q1FY25,Management,Nitin Padmanabhan,"Just to understand, on a sequential basis, last quarter versus this",1,Analyst Q&A
Tata,Conglomerate,Q1FY25,Management,K Krithivasan,"If you look at a revenue basis, you can see that the revenue has an",-1,General Discussion
Tata,Conglomerate,Q1FY25,Management,Nitin Padmanabhan,"But just from a pure -- because there is a dichotomy, our deal",-1,General Discussion
Tata,Conglomerate,Q1FY25,Management,K Krithivasan,"What's happening in some of the deals, where the clients decide that",0,Cost & Sales Performance
Tata,Conglomerate,Q1FY25,Management,K Krithivasan,"Nitin, as you know, we don’t give any specific guidance, but on the",-1,General Discussion
Tata,Conglomerate,Q1FY25,Management,Nitin Padmanabhan,Thank you so much and all the very best.,2,Business Opportunities
Tata,Conglomerate,Q1FY25,Analyst,"Asset Management. Please go ahead.
Abhishek Gupta","Thank you so much, sir, for taking my question.",2,Business Opportunities
Tata,Conglomerate,Q1FY25,Management,K Krithivasan,"Abhishek, I will not characterize it as losing any market share in North",0,Cost & Sales Performance
Tata,Conglomerate,Q1FY25,Analyst,"Abhishek.
Abhishek Gupta","And sir, lastly, from my side, if I look at your client's metrics, there",0,Cost & Sales Performance
Tata,Conglomerate,Q1FY25,Management,K Krithivasan,"So, Abhishek, whenever there is a revenue reduction, it's concerning.",-1,General Discussion
Tata,Conglomerate,Q1FY25,Management,Samir Seksaria,"As I clarified, it is not just adding people.",-1,General Discussion
Tata,Conglomerate,Q1FY25,Analyst,Gaurav Rateria,My second question is on the conversation that we are having at,1,Analyst Q&A
Tata,Conglomerate,Q1FY25,Management,K Krithivasan,"Whenever there is a renewal, we go back to our",-1,General Discussion
Tata,Conglomerate,Q1FY25,Management,K Krithivasan,"In Q1 FY '26, our revenue declined by 3.1% year-",-1,General Discussion
Tata,Conglomerate,Q1FY25,Analyst,Note,This transcript has been edited for readability and does not purport to,4,Performance Metrics
Tata,Conglomerate,Q2FY25,Analyst,Nehal Shah,Our management team will give a brief overview of the company's,0,Cost & Sales Performance
Tata,Conglomerate,Q2FY25,Management,K Krithivasan,"Firstly, I would like to warmly welcome Sudeep Kunnumal who has",3,Management Commentary
Tata,Conglomerate,Q2FY25,Management,K Krithivasan,"Moving on to Q2 performance, we have delivered a good",1,Analyst Q&A
Tata,Conglomerate,Q2FY25,Analyst,"We continued to make capex investments in infrastructure. A
couple of examples are","• We inaugurated a innovation centre in Singapore, expanding our",-1,General Discussion
Tata,Conglomerate,Q2FY25,Analyst,Scaling AI,Third aspect of our internal transformation is how do we,6,Operational Updates
Tata,Conglomerate,Q2FY25,Analyst,"Now let me talk about how we are scaling AI for our customers.
Making AI Real for our customers",The journey of making AI real and experiential for our customer cuts,6,Operational Updates
Tata,Conglomerate,Q2FY25,Management,K Krithivasan,"Yogesh, from a capex perspective, while we have set a target of 1",-1,General Discussion
Tata,Conglomerate,Q2FY25,Management,K Krithivasan,"And secondly hoping to sell this to the pure-play AI providers, the",6,Operational Updates
Tata,Conglomerate,Q2FY25,Management,Yogesh Aggarwal,"Secondly, on the growth, you said the demand",0,Cost & Sales Performance
Tata,Conglomerate,Q2FY25,Management,K Krithivasan,"Yogesh, we had better growth compared to Q1.",1,Analyst Q&A
Tata,Conglomerate,Q2FY25,Management,Samir Seksaria,"Sudheer, in terms of both, one, Krithi talked about finance partners,",-1,General Discussion
Tata,Conglomerate,Q2FY25,Analyst,Sudheer Guntupalli,And just to get to understand the operating model,1,Analyst Q&A
Tata,Conglomerate,Q2FY25,Analyst,"JPMorgan. Please go ahead.
Ankur Rudra",I just wanted to understand this AI transformation you're,6,Operational Updates
Tata,Conglomerate,Q2FY25,Management,K Krithivasan,"Ankur, this whole our belief and confidence in becoming the largest",-1,General Discussion
Tata,Conglomerate,Q2FY25,Analyst,Ankur Rudra,I just want to clarify a couple of things.,1,Analyst Q&A
Tata,Conglomerate,Q2FY25,Management,K Krithivasan,"First on the headwind, Ankur, the only headwind was because",8,Macro & Scale Commentary
Tata,Conglomerate,Q2FY25,Management,K Krithivasan,"Ravi, we've been looking at opportunities to expand our play in",1,Analyst Q&A
Tata,Conglomerate,Q2FY25,Analyst,"And we expect to replicate this across other verticals.
Ravi Menon","And if I recall right, you already announced a North American bank",-1,General Discussion
Tata,Conglomerate,Q2FY25,Analyst,"Rateria from Morgan Stanley. Please go ahead.
Gaurav Rateria",My first question is about the investment in the new subsidiary on,0,Cost & Sales Performance
Tata,Conglomerate,Q2FY25,Management,Samir Seksaria,"The business itself, we'll be keeping it separate.",0,Cost & Sales Performance
Tata,Conglomerate,Q2FY25,Analyst,Gaurav Rateria,My second question is the interplay between humans and AI that,6,Operational Updates
Tata,Conglomerate,Q2FY25,Analyst,Gaurav Rateria,"My last question is whether we should evaluate, or should we",-1,General Discussion
Tata,Conglomerate,Q2FY25,Management,Samir Seksaria,"As we said, this is an investment which will have partners coming",0,Cost & Sales Performance
Tata,Conglomerate,Q2FY25,Analyst,"Citi. Please go ahead.
Surendra Goyal","In your prepared remarks, you said that FY '26 growth in international",-1,General Discussion
Tata,Conglomerate,Q2FY25,Management,Samir Seksaria,"It was about 70 basis points, and it is in constant currency terms.",-1,General Discussion
Tata,Conglomerate,Q2FY25,Analyst,Surendra Goyal,"So constant currency basis, 70 basis points and this year will be",-1,General Discussion
Tata,Conglomerate,Q2FY25,Analyst,Sudeep Kunnumal,"The 20,000 net head count decline is a factor of voluntary and",8,Macro & Scale Commentary
Tata,Conglomerate,Q2FY25,Analyst,Surendra Goyal,"So just to clarify, there will be no involuntary attrition beyond the 1%",0,Cost & Sales Performance
Tata,Conglomerate,Q2FY25,Analyst,Surendra Goyal,"One last question, Krithi, Aarthi, I think, in terms of the data center",-1,General Discussion
Tata,Conglomerate,Q2FY25,Analyst,Surendra Goyal,"And Samir, just one clarification on ROE of this new business.",3,Management Commentary
Tata,Conglomerate,Q2FY25,Management,Samir Seksaria,"The ROE of this new business, as you all rightly identified, that's",3,Management Commentary
Tata,Conglomerate,Q2FY25,Management,K Krithivasan,"Kumar, based on the discussions that we've been having with",-1,General Discussion
Tata,Conglomerate,Q2FY25,Management,Samir Seksaria,"Kumar, as you know, in H1, we have improved 100 basis points.",-1,General Discussion
Tata,Conglomerate,Q2FY25,Management,K Krithivasan,"Nitin, at that point like we probably as I was alluding to, I would say,",-1,General Discussion
Tata,Conglomerate,Q2FY25,Management,Nitin Padmanabhan,"Any incremental update on, let's say, BFSI or consumer",0,Cost & Sales Performance
Tata,Conglomerate,Q2FY25,Management,K Krithivasan,"See, if you look at the growth momentum, all of them have",0,Cost & Sales Performance
Tata,Conglomerate,Q2FY25,Management,Nitin Padmanabhan,"On the data center capex, maybe roughly based on what you said,",-1,General Discussion
Tata,Conglomerate,Q2FY25,Management,K Krithivasan,"Yes, definitely, it will be partially by partners, partly by us.",0,Cost & Sales Performance
Tata,Conglomerate,Q2FY25,Management,Nitin Padmanabhan,And just one last one if I may.,-1,General Discussion
Tata,Conglomerate,Q2FY25,Management,Nitin Padmanabhan,Any color on the kind of deals in terms,3,Management Commentary
Tata,Conglomerate,Q2FY25,Management,K Krithivasan,"No significant improvement, but at the same time, when Aarthi",-1,General Discussion
Tata,Conglomerate,Q2FY25,Management,Nitin Padmanabhan,"Thank you so much, Krithi and all the very best.",2,Business Opportunities
Tata,Conglomerate,Q2FY25,Management,K Krithivasan,"At this time, we are planning based on the inputs we have, it's likely",1,Analyst Q&A
Tata,Conglomerate,Q2FY25,Analyst,"Nuvama Equities. Please go ahead.
Vibhor Singhal","So Krithi, just once again, on the AI",-1,General Discussion
Tata,Conglomerate,Q2FY25,Analyst,"India-based businesses or deep tech.
Vibhor Singhal","And you mentioned that we've basically gone ahead with this, as for",1,Analyst Q&A
Tata,Conglomerate,Q2FY25,Management,K Krithivasan,I'm saying that there is a lot of,-1,General Discussion
Tata,Conglomerate,Q2FY25,Analyst,Vibhor Singhal,"So, are there any MoUs that we have signed or any early",1,Analyst Q&A
Tata,Conglomerate,Q2FY25,Management,K Krithivasan,"We are having quite a few conversations with our customers, to",0,Cost & Sales Performance
Tata,Conglomerate,Q2FY25,Management,Samir Seksaria,The increase of the equipment and software expenses this quarter,0,Cost & Sales Performance
Tata,Conglomerate,Q2FY25,Analyst,Vibhor Singhal,I mean it's expected to remain in the same range as it has been?,-1,General Discussion
Tata,Conglomerate,Q2FY25,Management,Samir Seksaria,"We have Q3 seasonality, which you'd typically see.",1,Analyst Q&A
Tata,Conglomerate,Q2FY25,Analyst,"PO later.
Vibhor Singhal",Thank you so much for taking my question.,2,Business Opportunities
Tata,Conglomerate,Q2FY25,Analyst,"Jhunjhunwala from IIFL. Please go ahead.
Rishi Jhunjhunwala","So, just harping a little bit more on",1,Analyst Q&A
Tata,Conglomerate,Q2FY25,Management,K Krithivasan,"Rishi, there are definitely a number of places where we can invest.",0,Cost & Sales Performance
Tata,Conglomerate,Q2FY25,Management,K Krithivasan,"And, it gives another group synergy as well.",-1,General Discussion
Tata,Conglomerate,Q2FY25,Management,K Krithivasan,So there is a different kind of synergy we can,-1,General Discussion
Tata,Conglomerate,Q2FY25,Analyst,Rishi Jhunhunwala,"And the second question is, I think in the opening",1,Analyst Q&A
Tata,Conglomerate,Q2FY25,Management,K Krithivasan,We are very actively looking at more opportunities for,1,Analyst Q&A
Tata,Conglomerate,Q2FY25,Management,Samir Seksaria,Of substantial free cash flows and that is after all investments.,0,Cost & Sales Performance
Tata,Conglomerate,Q2FY25,Management,K Krithivasan,"But so, but if we end up making a huge acquisition that impact our",-1,General Discussion
Tata,Conglomerate,Q2FY25,Analyst,Note,This transcript has been edited for readability and does not purport to be a verbatim,4,Performance Metrics
Tata,Conglomerate,Q3FY25,Analyst,Nehal Shah,Our management team will give a brief overview of the company's,0,Cost & Sales Performance
Tata,Conglomerate,Q3FY25,Analyst,"Let me now share more details on our performance across the
industry verticals", BFSI continues to show good growth momentum despite the,7,Sequential Performance Review
Tata,Conglomerate,Q3FY25,Analyst,"Guntupalli from Kotak Mahindra AMC. Please go ahead.
Sudheer Guntupalli",I am just doubling down on your initial remark of the confidence of,-1,General Discussion
Tata,Conglomerate,Q3FY25,Management,K Krithivasan,"In Q2, we had called out that the overall demand",1,Analyst Q&A
Tata,Conglomerate,Q3FY25,Analyst,Sudheer Guntupalli,Some of the key segments like North America and UK,-1,General Discussion
Tata,Conglomerate,Q3FY25,Analyst,Ravi Menon,The first is the increase in other expenses within the SG&A.,0,Cost & Sales Performance
Tata,Conglomerate,Q3FY25,Management,Samir Seksaria,"First on the other expenses part, the increase both sequentially",0,Cost & Sales Performance
Tata,Conglomerate,Q3FY25,Analyst,Ravi Menon,"So some of this will recur , some of it won't recur, right?",-1,General Discussion
Tata,Conglomerate,Q3FY25,Analyst,"Nuvama. Please go ahead.
Vibhor Singhal","Krithi, you mentioned that the weakness in the BFSI segment was",7,Sequential Performance Review
Tata,Conglomerate,Q3FY25,Management,K Krithivasan,"In BFSI, it's primarily seasonality that impacted us in this quarter.",7,Sequential Performance Review
Tata,Conglomerate,Q3FY25,Analyst,Vibhor Singhal,"Just one follow-up on that, you had mentioned that we are looking",-1,General Discussion
Tata,Conglomerate,Q3FY25,Management,K Krithivasan,"Yes, Vibhor like we did tell in the past that our international market,",0,Cost & Sales Performance
Tata,Conglomerate,Q3FY25,Management,Samir Seksaria,"If you look at it from a headwind perspective, Vibhor, apart from",8,Macro & Scale Commentary
Tata,Conglomerate,Q3FY25,Management,Samir Seksaria,"Basis the guidance received overall on the new labor code, the way",-1,General Discussion
Tata,Conglomerate,Q3FY25,Analyst,Vibhor Singhal,"Going forward, next quarter onwards we will just take the impact of",1,Analyst Q&A
Tata,Conglomerate,Q3FY25,Management,Samir Seksaria,On the labor code we don't expect any incremental one-o(cid:431)’s.,-1,General Discussion
Tata,Conglomerate,Q3FY25,Analyst,Vibhor Singhal,Thank you so much for taking the questions and wish you all the,2,Business Opportunities
Tata,Conglomerate,Q3FY25,Management,K Krithivasan,"Nitin, I will take the question on North America, BSNL, Credit card",-1,General Discussion
Tata,Conglomerate,Q3FY25,Analyst,Sudeep Kunnumal,"So, as I mentioned, we continue to hire",-1,General Discussion
Tata,Conglomerate,Q3FY25,Management,Nitin Padmanabhan,Thank you so much and all the very best.,2,Business Opportunities
Tata,Conglomerate,Q3FY25,Management,"BNP Paribas. Please go ahead.
Kumar Rakesh",My first question was that you spoke about that,1,Analyst Q&A
Tata,Conglomerate,Q3FY25,Management,K Krithivasan,"Kumar, if you look at this year, so far in the first three quarters, our",-1,General Discussion
Tata,Conglomerate,Q3FY25,Management,Kumar Rakesh,"My second question was on the AI services revenue,",6,Operational Updates
Tata,Conglomerate,Q3FY25,Management,Samir Seksaria,The legal expenses has a combination of some ongoing elements,-1,General Discussion
Tata,Conglomerate,Q3FY25,Management,Kumar Rakesh,"So essentially, the SG&A expense in this quarter largely would be",0,Cost & Sales Performance
Tata,Conglomerate,Q3FY25,Management,Samir Seksaria,"Partly, it's a mix of both, but I'm not going to hair split into how",-1,General Discussion
Tata,Conglomerate,Q3FY25,Management,"Thank you.
K Krithivasan","Bachman, if you look at the renewal, most of the renewals would",-1,General Discussion
Tata,Conglomerate,Q3FY25,Analyst,Keith Bachman,"So is your contention that 10% to 15%, you're suggesting that's the",0,Cost & Sales Performance
Tata,Conglomerate,Q3FY25,Management,K Krithivasan,I said just to give it as an example.,1,Analyst Q&A
Tata,Conglomerate,Q3FY25,Management,K Krithivasan,"But at the same time, it's fair to",-1,General Discussion
Tata,Conglomerate,Q3FY25,Analyst,Dhanshree,"Some color on data center operations, when the actual operations",-1,General Discussion
Tata,Conglomerate,Q3FY25,Management,Samir Seksaria,"Dhanshree, what we had called out is, that we would be first",-1,General Discussion
Tata,Conglomerate,Q3FY25,Analyst,Note,This transcript has been edited for readability and does not purport to be a,4,Performance Metrics
Tata,Conglomerate,Q4FY25,Analyst,Nehal Shah,Our management team will give a brief overview of the company's,0,Cost & Sales Performance
Tata,Conglomerate,Q4FY25,Analyst,"Good day everyone and thank you for joining us today.
I would like to open with five key messages for the quarter and the year","First, about Q4 – We are very pleased to announce third consecutive",1,Analyst Q&A
Tata,Conglomerate,Q4FY25,Analyst,Some of the key announcements we made this quarter are,"• We have partnered with Open AI to build 100 MW capacity, with an",6,Operational Updates
Tata,Conglomerate,Q4FY25,Analyst,Tech Services company. This aspiration is powered by,"• Capitalizing on AI led renewals, vendor consolidation and cost",6,Operational Updates
Tata,Conglomerate,Q4FY25,Analyst,Sudheer Guntupalli,"The second question, many of these frontier model",-1,General Discussion
Tata,Conglomerate,Q4FY25,Management,K Krithivasan,"It's been, as I said, our clients are quite",0,Cost & Sales Performance
Tata,Conglomerate,Q4FY25,Management,K Krithivasan,"As we mentioned, we have a good order book getting into FY27.",-1,General Discussion
Tata,Conglomerate,Q4FY25,Management,Kumar Rakesh,"Hi, good evening and thank you for taking my question.",2,Business Opportunities
Tata,Conglomerate,Q4FY25,Management,K Krithivasan,"Kumar, I don't want to put a number, but I would say that, again, as I was",-1,General Discussion
Tata,Conglomerate,Q4FY25,Management,Kumar Rakesh,"Thanks for that and my second question was around margins, so",0,Cost & Sales Performance
Tata,Conglomerate,Q4FY25,Management,Samir Seksaria,"As you know, we have been investing on the ‘Build-Partner-Acquire’",0,Cost & Sales Performance
Tata,Conglomerate,Q4FY25,Management,Kumar Rakesh,"And just for a clarification, our restructuring is done or there's",0,Cost & Sales Performance
Tata,Conglomerate,Q4FY25,Management,Samir Seksaria,"So if you look at Q4, we have not called out any one-offs, so it is business",1,Analyst Q&A
Tata,Conglomerate,Q4FY25,Management,Kumar Rakesh,"But there is a restructuring charge, which you have booked in the",0,Cost & Sales Performance
Tata,Conglomerate,Q4FY25,Management,Samir Seksaria,We have not called out any one-off for Q4.,1,Analyst Q&A
Tata,Conglomerate,Q4FY25,Management,K Krithivasan,"But Kumar, just to get the clarity, I will be specific.",-1,General Discussion
Tata,Conglomerate,Q4FY25,Management,Yogesh Aggarwal,"Krithi, just firstly on the next few quarters, can we expect the",1,Analyst Q&A
Tata,Conglomerate,Q4FY25,Management,K Krithivasan,"We are looking at a regular Q1, regular Q2 that we are used to seeing, and",1,Analyst Q&A
Tata,Conglomerate,Q4FY25,Management,Yogesh Aggarwal,"No, Krithi, I was asking, so usually the first and the second quarter are",1,Analyst Q&A
Tata,Conglomerate,Q4FY25,Management,Yogesh Aggarwal,"And secondly, just going back to this AI stuff.",6,Operational Updates
Tata,Conglomerate,Q4FY25,Management,K Krithivasan,"See, at this time, if you look at our direct impact from the geopolitical",-1,General Discussion
Tata,Conglomerate,Q4FY25,Management,Nitin Padmanabhan,"The caution that you mentioned was very geo specific, it's not a",-1,General Discussion
Tata,Conglomerate,Q4FY25,Management,Nitin Padmanabhan,"The second is on, from a margin perspective,",0,Cost & Sales Performance
Tata,Conglomerate,Q4FY25,Management,Samir Seksaria,"Nitin, we are exiting FY26 at a four-year high on annual margins at 25%.",-1,General Discussion
Tata,Conglomerate,Q4FY25,Management,K Krithivasan,"By and large, most of the headwinds we know probably are behind us,",8,Macro & Scale Commentary
Tata,Conglomerate,Q4FY25,Management,Nitin Padmanabhan,Thank you so much and all the best.,2,Business Opportunities
Tata,Conglomerate,Q4FY25,Management,K Krithivasan,"Structurally what you are saying is correct, however, I don't know whether",0,Cost & Sales Performance
Tata,Conglomerate,Q4FY25,Analyst,Vibhor Singhal,"Krithi, one more question from my side and",-1,General Discussion
Tata,Conglomerate,Q4FY25,Analyst,Vibhor Singhal,Thank you so much for answering my question and all the best.,2,Business Opportunities
Tata,Conglomerate,Q4FY25,Analyst,"Capital. Please go ahead.
Ashwin Mehta","One question Samir, what is the impact of",3,Management Commentary
Tata,Conglomerate,Q4FY25,Management,Samir Seksaria,"On the wage increments, you should expect a similar impact on what we",-1,General Discussion
Tata,Conglomerate,Q4FY25,Management,K Krithivasan,"In terms of colour or the characteristics of the deals of TCV, I would say",3,Management Commentary
Tata,Conglomerate,Q4FY25,Analyst,Ashwin Mehta,"And just one follow-up, in terms of deals, are you seeing",0,Cost & Sales Performance
Tata,Conglomerate,Q4FY25,Management,K Krithivasan,"By and large on time, but when we also see an opportunity to go back to a",1,Analyst Q&A
Tata,Conglomerate,Q4FY25,Management,K Krithivasan,"Rishi, it's a reflection as a first is we want to ensure that we properly",-1,General Discussion
Tata,Conglomerate,Q4FY25,Analyst,Rishi Jhunjhunwala,"While you've started giving annualized AI revenues, would it be",6,Operational Updates
Tata,Conglomerate,Q4FY25,Management,K Krithivasan,"So, Gaurav, first on the client metric improvement.",0,Cost & Sales Performance
Tata,Conglomerate,Q4FY25,Management,Samir Seksaria,"Gaurav, on the AI and data part, the revenue productivity is definitely",6,Operational Updates
Tata,Conglomerate,Q4FY25,Analyst,Note,This transcript has been edited for readability and does not purport to be a verbatim,4,Performance Metrics
WIPRO,IT,Q1FY25,Analyst,Dipak Bohra,Warm welcome to our Quarter 1 Financial Year 2026 Earnings Call.,2,Business Opportunities
WIPRO,IT,Q1FY25,Analyst,I would like to now discuss our outlook for the next quarter,"While we are cautious given the macro environment, our strong order book, healthy pipeline, and",0,Cost & Sales Performance
WIPRO,IT,Q1FY25,Management,Aparna Iyer,Let me give you a brief update on the,0,Cost & Sales Performance
WIPRO,IT,Q1FY25,Management,Let me give you a color on our strategic market unit and sector performance,All growth numbers that I will share will be in constant currency.,0,Cost & Sales Performance
WIPRO,IT,Q1FY25,Management,Moving to sectors,BFSI declined 3.8% sequentially and also declined 3.5% on year-on-year terms.,7,Sequential Performance Review
WIPRO,IT,Q1FY25,Analyst,Let me share with you some of the other key financial parameters,Our net income grew 10.9% on a year-on-year basis in this quarter.,-1,General Discussion
WIPRO,IT,Q1FY25,Analyst,"We will take our first question from the line of Abhishek Kumar from JM Financial. Please go ahead.
Abhishek Kumar","Thanks for taking my question, and congratulations on very strong deal wins.",2,Business Opportunities
WIPRO,IT,Q1FY25,Management,Aparna Iyer,You are correct that our TCV has been growing much faster,0,Cost & Sales Performance
WIPRO,IT,Q1FY25,Analyst,Abhishek Kumar,The last 2 payouts after the tax regime,-1,General Discussion
WIPRO,IT,Q1FY25,Management,Aparna Iyer,We raised our capital allocation policy from 45% to 50% of net income to upwards of 70% on a 3,-1,General Discussion
WIPRO,IT,Q1FY25,Management,Aparna Iyer,We have had a very good run on operating margin improvement,0,Cost & Sales Performance
WIPRO,IT,Q1FY25,Management,Nitin Padmanabhan,Thank you so much and all the best.,2,Business Opportunities
WIPRO,IT,Q1FY25,Analyst,Gaurav Rateria,My first question is on the kind of the deals.,0,Cost & Sales Performance
WIPRO,IT,Q1FY25,Analyst,Srini Pallia,If you look at what we called out at,-1,General Discussion
WIPRO,IT,Q1FY25,Analyst,Gaurav Rateria,The second question on you mentioned last time that there were,1,Analyst Q&A
WIPRO,IT,Q1FY25,Analyst,Srini Pallia,"So, Gaurav, if you look at the overall environment in the context of tariffs, in the context of",-1,General Discussion
WIPRO,IT,Q1FY25,Analyst,Gaurav Rateria,"I understand the puts and takes you explained on margins,",0,Cost & Sales Performance
WIPRO,IT,Q1FY25,Management,Aparna Iyer,"So, certainly that remains a band that is where we would like to operate, Gaurav.",0,Cost & Sales Performance
WIPRO,IT,Q1FY25,Analyst,Surendra Goyal,"So, just 1 question on the deals again, like how comfortable are you that the",0,Cost & Sales Performance
WIPRO,IT,Q1FY25,Analyst,Srini Pallia,Maybe I will give in my comment and ask Aparna to add to that.,-1,General Discussion
WIPRO,IT,Q1FY25,Management,Aparna Iyer,Sometimes these TCV and ACV have different growth trajectory,0,Cost & Sales Performance
WIPRO,IT,Q1FY25,Analyst,Surendra Goyal,And any comments on ACV growth even directionally just for us to understand the trends a little,0,Cost & Sales Performance
WIPRO,IT,Q1FY25,Management,Aparna Iyer,"I think the ACV growth this quarter has grown well on a year-on-year basis, that is where, so this is",0,Cost & Sales Performance
WIPRO,IT,Q1FY25,Analyst,Surendra Goyal,"And just one last question Capco you mentioned 6% Y-o-Y, could you share the sequential",-1,General Discussion
WIPRO,IT,Q1FY25,Management,Aparna Iyer,"So, we are not calling out the sequential growth rate for Capco.",-1,General Discussion
WIPRO,IT,Q1FY25,Analyst,"Please go ahead.
Vibhor Singhal",Congrats on a solid performance and a very near term environment.,2,Business Opportunities
WIPRO,IT,Q1FY25,Analyst,Srini Pallia,"Vibhor, as far as Capco is concerned, just to add to what Aparna talked about in the context of year-",-1,General Discussion
WIPRO,IT,Q1FY25,Analyst,Vibhor Singhal,Is the pipeline also looking good in Capco in the coming quarters?,0,Cost & Sales Performance
WIPRO,IT,Q1FY25,Management,Aparna Iyer,"It continues to look good for the coming quarters, Vibhor.",-1,General Discussion
WIPRO,IT,Q1FY25,Analyst,Vibhor Singhal,My second question is basically on the overall basically the,1,Analyst Q&A
WIPRO,IT,Q1FY25,Management,Aparna Iyer,"So, we do not guide for margins unlike some of our peers.",0,Cost & Sales Performance
WIPRO,IT,Q1FY25,Management,Aparna Iyer,We have in the past shared that there is an,1,Analyst Q&A
WIPRO,IT,Q1FY25,Analyst,Vibhor Singhal,"So, I mean, with all the headwinds in place of these large",8,Macro & Scale Commentary
WIPRO,IT,Q1FY25,Management,Aparna Iyer,"You know, I said that, this is what we have delivered in Q1.",1,Analyst Q&A
WIPRO,IT,Q1FY25,Management,Aparna Iyer,We have done well in order to improve,-1,General Discussion
WIPRO,IT,Q1FY25,Analyst,Vibhor Singhal,Thanks a lot for taking my questions and wish you all the,2,Business Opportunities
WIPRO,IT,Q1FY25,Analyst,Ravi Menon,And congrats on a really strong deal wins.,2,Business Opportunities
WIPRO,IT,Q1FY25,Analyst,Ravi Menon,"You see, I am just a bit confused",1,Analyst Q&A
WIPRO,IT,Q1FY25,Analyst,Srini Pallia,Let me take it one at a time.,-1,General Discussion
WIPRO,IT,Q1FY25,Analyst,Srini Pallia,"So, if you look at the sectors in the U.S., we have BFSI.",7,Sequential Performance Review
WIPRO,IT,Q1FY25,Analyst,Ravi Menon,I have a quick question on this restructuring cost of 2.4 billion.,0,Cost & Sales Performance
WIPRO,IT,Q1FY25,Management,Aparna Iyer,The restructuring costs pertain to restructuring in Europe that we did.,0,Cost & Sales Performance
WIPRO,IT,Q1FY25,Analyst,Manik Taneja,"And once again, congratulations on some of the internals that",2,Business Opportunities
WIPRO,IT,Q1FY25,Management,Aparna Iyer,"In Europe, we have said that it's a combination of both the macroeconomic environment,",0,Cost & Sales Performance
WIPRO,IT,Q1FY25,Analyst,Manik Taneja,I was also trying to probe you with regards to our client metrics performance.,0,Cost & Sales Performance
WIPRO,IT,Q1FY25,Management,Aparna Iyer,"Yes, in some sense, if you look at the total number of active clients",0,Cost & Sales Performance
WIPRO,IT,Q1FY25,Analyst,Manik Taneja,Thank you and all the best for the future.,2,Business Opportunities
WIPRO,IT,Q1FY25,Management,Kumar Rakesh,"I have just one question, more of a",1,Analyst Q&A
WIPRO,IT,Q1FY25,Management,Aparna Iyer,"We do not guide for either the full year revenues or the profits, right?",-1,General Discussion
WIPRO,IT,Q1FY25,Management,Kumar Rakesh,The only reason I was trying to ask this question was to understand,1,Analyst Q&A
WIPRO,IT,Q1FY25,Management,Aparna Iyer,"Right now, we are not sharing any commentary on that.",-1,General Discussion
WIPRO,IT,Q1FY25,Management,Aparna Iyer,"Like I said, we will now focus on this",1,Analyst Q&A
WIPRO,IT,Q1FY25,Analyst,"AMC. Please go ahead.
Sudheer Guntupalli",Congrats on a good quarter and strong deal wins.,2,Business Opportunities
WIPRO,IT,Q1FY25,Management,Aparna Iyer,"In fact, we have a good mix of both renewal and with an element of expansion",-1,General Discussion
WIPRO,IT,Q1FY25,Analyst,Sudheer Guntupalli,"So, it is similar to what we had seen in the previous few quarters, right?",1,Analyst Q&A
WIPRO,IT,Q1FY25,Analyst,Srini Pallia,"So, Sudheer, just to reemphasize on the excitement that Aparna is talking about, these are all global",-1,General Discussion
WIPRO,IT,Q1FY25,Analyst,Sudheer Guntupalli,"And in your presentation, Srini, you mentioned that discretionary funds are coming back",3,Management Commentary
WIPRO,IT,Q1FY25,Analyst,Srini Pallia,"So, Sudheer, broadly if you look at it, the discretionary spend is coming around data, AI and",6,Operational Updates
WIPRO,IT,Q1FY25,Management,Sandeep Shah,"Yes, thanks for the opportunity and congrats on deal wins action.",2,Business Opportunities
WIPRO,IT,Q1FY25,Analyst,Srini Pallia,"So, Sandeep, first and foremost, none of the deals have a pass-through.",0,Cost & Sales Performance
WIPRO,IT,Q1FY25,Management,Sandeep Shah,Are you believing competitive pressure is very high because of macro?,0,Cost & Sales Performance
WIPRO,IT,Q1FY25,Analyst,Srini Pallia,"So, Sandeep, like Aparna said, right, some of these large deal wins are very competitive.",0,Cost & Sales Performance
WIPRO,IT,Q1FY25,Management,Sandeep Shah,"And Aparna, you also mentioned we have to offset this with the new levers, and you believe",-1,General Discussion
WIPRO,IT,Q1FY25,Management,Aparna Iyer,I think productivity and fixed price programs; they continue to be a theme.,0,Cost & Sales Performance
WIPRO,IT,Q1FY25,Analyst,"Capital. Please go ahead.
Ashwin Mehta","So, Srini, in terms of the competition that you've won these deals",3,Management Commentary
WIPRO,IT,Q1FY25,Analyst,Srini Pallia,"Ashwin, I never talk about competition or name them.",3,Management Commentary
WIPRO,IT,Q1FY25,Analyst,Srini Pallia,"All I can tell you, Ashwin, is these were well-",3,Management Commentary
WIPRO,IT,Q1FY25,Analyst,Ashwin Mehta,"So, given our commentary that Capco is growing at around",0,Cost & Sales Performance
WIPRO,IT,Q1FY25,Management,Aparna Iyer,I think these are largely ramp downs that have happened.,1,Analyst Q&A
WIPRO,IT,Q1FY25,Analyst,Ashwin Mehta,"And just a follow-up, in terms of the restructuring charges that we have taken, are they segment-",0,Cost & Sales Performance
WIPRO,IT,Q1FY25,Management,Aparna Iyer,They're across the board in Europe but very contained.,-1,General Discussion
WIPRO,IT,Q1FY25,Analyst,Dipak Bohra,I will just put a thank you note.,2,Business Opportunities
WIPRO,IT,Q1FY25,Analyst,Dipak Bohra,"So, thank you all for joining the call.",2,Business Opportunities
WIPRO,IT,Q1FY25,Analyst,Dipak Bohra,"In case we could not take any questions due to time constraints,",-1,General Discussion
WIPRO,IT,Q2FY25,Analyst,Abhishek Jain,Warm welcome to our Q2 FY '26 Earnings Call.,2,Business Opportunities
WIPRO,IT,Q2FY25,Analyst,Srini Pallia,Good evening and thank you all for joining us today.,2,Business Opportunities
WIPRO,IT,Q2FY25,Management,Turning to our industry sectors now,"We continue to see momentum in BFSI with clients prioritizing cost optimization, vendor",7,Sequential Performance Review
WIPRO,IT,Q2FY25,Analyst,Coming to deal wins and pipelines,This quarter we closed $4.7 billion in total contract value and signed 13 large deals.,-1,General Discussion
WIPRO,IT,Q2FY25,Analyst,Let me share three examples of a solution,"One, AutoCortex for our automotive sector, WealthAI for BFSI, and Payer AI for Healthcare.",6,Operational Updates
WIPRO,IT,Q2FY25,Management,Aparna Iyer,Let me share with you an update on the financial,0,Cost & Sales Performance
WIPRO,IT,Q2FY25,Analyst,Let me also give you some color on our strategic market unit performance,All growth numbers that I share will be in constant currency.,0,Cost & Sales Performance
WIPRO,IT,Q2FY25,Analyst,Let me share some other key financial metrics,Our net income and EPS grew 1% year-on-year in this quarter.,-1,General Discussion
WIPRO,IT,Q2FY25,Management,Nitin Padmanabhan,"So, the first is just wanted your thoughts on the",1,Analyst Q&A
WIPRO,IT,Q2FY25,Management,Aparna Iyer,"Obviously, we have several large deal wins in the BFSI space.",7,Sequential Performance Review
WIPRO,IT,Q2FY25,Management,Nitin Padmanabhan,I sort of missed the margin walk that you sort of provided.,0,Cost & Sales Performance
WIPRO,IT,Q2FY25,Management,Aparna Iyer,"So, you know, when we started Quarter 2, we had alluded to headwinds as some of these large deals",8,Macro & Scale Commentary
WIPRO,IT,Q2FY25,Management,Aparna Iyer,"So, Rakesh, when we guide, we guide based on the visibility that we have at the start of the quarter.",-1,General Discussion
WIPRO,IT,Q2FY25,Management,Kumar Rakesh,"So, today you spoke about that you would",1,Analyst Q&A
WIPRO,IT,Q2FY25,Management,Aparna Iyer,"Yes, you know, so like I said, we do not guide for a range on the margin, right?",0,Cost & Sales Performance
WIPRO,IT,Q2FY25,Analyst,Ravi Menon,You are now growing year-on-year on an organic basis in line with,0,Cost & Sales Performance
WIPRO,IT,Q2FY25,Analyst,Ravi Menon,Now you are growing year on year basis.,0,Cost & Sales Performance
WIPRO,IT,Q2FY25,Analyst,Ravi Menon,You are actually growing in line with a peer group on an,0,Cost & Sales Performance
WIPRO,IT,Q2FY25,Analyst,Srini Pallia,"As far as we are concerned at this point in time, we have given a Quarter 3",1,Analyst Q&A
WIPRO,IT,Q2FY25,Analyst,Ravi Menon,"And going into Q3, other than seasonality, are there any specific factors that you think",1,Analyst Q&A
WIPRO,IT,Q2FY25,Analyst,"AMC. Please go ahead.
Sudheer Guntupalli","So, I just wanted some clarity on your response to one of the earlier questions",1,Analyst Q&A
WIPRO,IT,Q2FY25,Analyst,Srini Pallia,"So, Sudheer, as far as Q2 deal wins are concerned, the 2 mega deals that I talked about, one is in the",0,Cost & Sales Performance
WIPRO,IT,Q2FY25,Analyst,Sudheer Guntupalli,"So, I was asking Aparna's response to a prior question that it is largely a",-1,General Discussion
WIPRO,IT,Q2FY25,Analyst,Srini Pillia,"I think if you look at the deal flows we had in the first half, it's a combination of",1,Analyst Q&A
WIPRO,IT,Q2FY25,Analyst,Dipesh Mehta,"First, just want to understand whether from net new",-1,General Discussion
WIPRO,IT,Q2FY25,Management,Aparna Iyer,"So, I will take a few questions and then, Srini, you can also add in.",3,Management Commentary
WIPRO,IT,Q2FY25,Analyst,Srini Pallia,"So, Dipesh, in the context of the sector questions that you asked for, if I look at it, of the five sectors",-1,General Discussion
WIPRO,IT,Q2FY25,Analyst,Girish Pai,"Just on the renewal deal side, are the clients asking",-1,General Discussion
WIPRO,IT,Q2FY25,Analyst,Srini Pallia,"So, Girish, if you look at broader industry trends that we are seeing, Girish, is clients across industry",0,Cost & Sales Performance
WIPRO,IT,Q2FY25,Analyst,Girish Pai,My second question is regarding potential liabilities that vendors like you face because of AI work,6,Operational Updates
WIPRO,IT,Q2FY25,Analyst,Hari Shetty,"Hey Girish, this is Hari Shetty here, and again, glad to be on the call today.",2,Business Opportunities
WIPRO,IT,Q2FY25,Analyst,Girish Pai,I know probably it has been beaten to death.,1,Analyst Q&A
WIPRO,IT,Q2FY25,Analyst,Saurabh Govil,"As you know, a large part of our workforce in the U.S. is localized.",0,Cost & Sales Performance
WIPRO,IT,Q2FY25,Analyst,Vibhor Singhal,Thanks for taking my question and congrats on continuous solid deal wins.,2,Business Opportunities
WIPRO,IT,Q2FY25,Analyst,Srini Pallia,Maybe I will answer this question in a little bit more detail if that's okay with you.,2,Business Opportunities
WIPRO,IT,Q2FY25,Analyst,Vibhor Singhal,"So, a lot of, I would say, traction that we are seeing in multiple parts, Capco, as you said, right,",0,Cost & Sales Performance
WIPRO,IT,Q2FY25,Analyst,Srini Pallia,"Yes, Vibhor, look at my pipeline, right, obviously, BFSI's pipeline is very strong.",0,Cost & Sales Performance
WIPRO,IT,Q2FY25,Analyst,Vibhor Singhal,"Just to double click on the same manner on the healthcare sector, I",-1,General Discussion
WIPRO,IT,Q2FY25,Analyst,Srini Pallia,"So, Vibhor, if you look at that, traditionally, healthcare has been a strong sector for us.",-1,General Discussion
WIPRO,IT,Q2FY25,Analyst,Vibhor Singhal,"Just one last question, if I may squeeze in, either you or maybe a partner",1,Analyst Q&A
WIPRO,IT,Q2FY25,Analyst,Saurabh Govil,"So, if you look at the key people indices in this quarter, net headcount has gone up, on-boarded",8,Macro & Scale Commentary
WIPRO,IT,Q2FY25,Analyst,Vibhor Singhal,"Thank you so much for taking my questions, and wish you all the best.",2,Business Opportunities
WIPRO,IT,Q2FY25,Management,Aparna Iyer,"Net new is fully new, so that will add to the revenues directly.",-1,General Discussion
WIPRO,IT,Q2FY25,Analyst,Abhishek Kumar,"Just to follow up on this one, then I have a second one.",-1,General Discussion
WIPRO,IT,Q2FY25,Analyst,Abhishek Kumar,"I was asking this because Q2, there have been",1,Analyst Q&A
WIPRO,IT,Q2FY25,Management,Aparna Iyer,"So, therefore, what happens is, yes, there is a timing difference, there is a productivity that gets",1,Analyst Q&A
WIPRO,IT,Q2FY25,Analyst,Abhishek Kumar,My second question is on the impact of the bankruptcy on your topline.,0,Cost & Sales Performance
WIPRO,IT,Q2FY25,Management,Aparna Iyer,"No, there was no impact on the revenue.",-1,General Discussion
WIPRO,IT,Q2FY25,Management,Aparna Iyer,We have actually made a provision for barren,-1,General Discussion
WIPRO,IT,Q2FY25,Management,Nitin Padmanabhan,"Earlier, you had called out some large SAP",-1,General Discussion
WIPRO,IT,Q2FY25,Analyst,Srini Pallia,"So, Nitin, specific to the comment you made in the context of what we said, there was in one quarter,",1,Analyst Q&A
WIPRO,IT,Q2FY25,Management,Nitin Padmanabhan,"The second is within the EMR vertical, so I think last quarter, you were a little hopeful that as",1,Analyst Q&A
WIPRO,IT,Q2FY25,Analyst,Srini Pallia,EMR sector for us has de-grown sequentially as well as year-on-year.,-1,General Discussion
WIPRO,IT,Q2FY25,Management,Nitin Padmanabhan,You alluded to a very strong sort of deal pipeline.,0,Cost & Sales Performance
WIPRO,IT,Q2FY25,Analyst,Srini Pallia,"Nitin, as far as the deal pipeline is concerned, like I said, after closing close to $9.5 billion of booking",0,Cost & Sales Performance
WIPRO,IT,Q2FY25,Management,Nitin Padmanabhan,Thank you so much and all the best.,2,Business Opportunities
WIPRO,IT,Q2FY25,Analyst,Abhishek Jain,"In case, you have any follow-up questions, please feel",-1,General Discussion
WIPRO,IT,Q3FY25,Analyst,Abhishek Jain,Warm welcome to our Q3 FY '26 Earnings Call.,2,Business Opportunities
WIPRO,IT,Q3FY25,Analyst,Srini Pallia,Good evening and thank you for joining us today.,2,Business Opportunities
WIPRO,IT,Q3FY25,Analyst,"Let me start with a broader environment before walking you through our quarterly performance and
how we are positioning Wipro for an AI-first world","Across our client landscape, one thing is clear.",0,Cost & Sales Performance
WIPRO,IT,Q3FY25,Analyst,"Clients are bringing us in much earlier and recognizing the step change in the way we
deliver and innovate.
I would now like to update you on HARMAN DTS","First, a warm welcome to all HARMAN DTS employees joining us.",-1,General Discussion
WIPRO,IT,Q3FY25,Management,"Aparna.
Aparna Iyer","Good evening, ladies and gentlemen, and wish you all a very, very Happy New",2,Business Opportunities
WIPRO,IT,Q3FY25,Analyst,"Year.
Let me share a quick update on the financial performance",Our IT Services revenue for Quarter 3 grew 1.4% sequentially in constant currency terms and 1.2%,-1,General Discussion
WIPRO,IT,Q3FY25,Management,Aparna Iyer,"So, Nitin, I will take your second question.",-1,General Discussion
WIPRO,IT,Q3FY25,Management,Aparna Iyer,"And then on EMR, I will ask Srini to answer.",3,Management Commentary
WIPRO,IT,Q3FY25,Analyst,Srini Pallia,"As far as EMR is concerned, our performance in this sector",3,Management Commentary
WIPRO,IT,Q3FY25,Analyst,Saurabh Govil,"In salary hikes, we will take a call in the next few weeks in terms of when should we be doing it.",1,Analyst Q&A
WIPRO,IT,Q3FY25,Management,Nitin Padmanabhan,Do you think EMR should start getting back to growth,-1,General Discussion
WIPRO,IT,Q3FY25,Analyst,Srini Pallia,"So as far as EMR is concerned, Nitin, I will just repeat that.",3,Management Commentary
WIPRO,IT,Q3FY25,Management,Nitin Padmanabhan,Thank you so much and all the very best.,2,Business Opportunities
WIPRO,IT,Q3FY25,Analyst,Vibhor Singhal,Thanks for taking my question and congrats on a solid performance.,2,Business Opportunities
WIPRO,IT,Q3FY25,Analyst,Srini Pallia,"If you look at our consumer sector, clearly, if you recollect, I talked about it before",0,Cost & Sales Performance
WIPRO,IT,Q3FY25,Analyst,Vibhor Singhal,"And similar thing on the basically, I know it is not that big a vertical, but I think both tech and",-1,General Discussion
WIPRO,IT,Q3FY25,Analyst,Vibhor Singhal,"Aparna, tech and the Healthcare vertical, both of them separately.",-1,General Discussion
WIPRO,IT,Q3FY25,Management,Aparna Iyer,"You know, in some sense, in Healthcare, we have been consistently doing well.",-1,General Discussion
WIPRO,IT,Q3FY25,Analyst,Vibhor Singhal,"Aparna, just one last question from my side.",-1,General Discussion
WIPRO,IT,Q3FY25,Management,Aparna Iyer,"You know, Vibhor, for some reason, we are not able to hear it clearly.",8,Macro & Scale Commentary
WIPRO,IT,Q3FY25,Analyst,Ravi Menon,And congrats on a really strong margin performance this quarter.,2,Business Opportunities
WIPRO,IT,Q3FY25,Management,Aparna Iyer,I will ask Srini to talk through the demand environment.,3,Management Commentary
WIPRO,IT,Q3FY25,Management,Aparna Iyer,"You know, we guide based on the visibility",-1,General Discussion
WIPRO,IT,Q3FY25,Analyst,Srini Pallia,"If you look at it, there is no significant change in the demand environment, specifically the",0,Cost & Sales Performance
WIPRO,IT,Q3FY25,Analyst,Ravi Menon,You talked about vendor consolidation and cost takeout and clients actually using those savings for,-1,General Discussion
WIPRO,IT,Q3FY25,Analyst,Srini Pallia,There are certain clients who are doing that and continuing with their current partners.,0,Cost & Sales Performance
WIPRO,IT,Q3FY25,Analyst,Ravi Menon,Which segments do you think this really improves your,-1,General Discussion
WIPRO,IT,Q3FY25,Analyst,Srini Pallia,"If I understand the question, how the HARMAN DTS acquisition will help us, right?",-1,General Discussion
WIPRO,IT,Q3FY25,Analyst,Ravi Menon,Which sectors do you expect the win rates to improve?,-1,General Discussion
WIPRO,IT,Q3FY25,Analyst,Srini Pallia,"So, clearly, HARMAN brings in both design to manufacturing capabilities and AI-powered product",6,Operational Updates
WIPRO,IT,Q3FY25,Management,Sandeep Shah,"The first question is, because of delay in ramp-up of deal wins of the last 2-3 Quarters, is it fair to",1,Analyst Q&A
WIPRO,IT,Q3FY25,Management,Aparna Iyer,"Sandeep, yes, in some sense, that will be the objective that we ramp up enough so that we can offset",1,Analyst Q&A
WIPRO,IT,Q3FY25,Management,Sandeep Shah,"Aparna, I wanted to understand the guidance on the margins which you said narrow band.",0,Cost & Sales Performance
WIPRO,IT,Q3FY25,Management,Aparna Iyer,You've seen our performance over the last 8 Quarters.,1,Analyst Q&A
WIPRO,IT,Q3FY25,Management,Sandeep Shah,"The deal TCV in this quarter, both on large deal and total has been slightly",3,Management Commentary
WIPRO,IT,Q3FY25,Management,Aparna Iyer,"Typically, like I said, some of these deals, they tend to club.",0,Cost & Sales Performance
WIPRO,IT,Q3FY25,Management,Aparna Iyer,We are contesting a lot of large deals.,0,Cost & Sales Performance
WIPRO,IT,Q3FY25,Management,Sandeep Shah,"A last question, Aparna, with a war chest of $6.1 billion, though we are distributing dividend.",-1,General Discussion
WIPRO,IT,Q3FY25,Management,Aparna Iyer,We have said that buyback will continue to be a means by which we will return cash to our,-1,General Discussion
WIPRO,IT,Q3FY25,Management,Kumar Rakesh,Do you think given the kind of mix which you have both of vertical and the,-1,General Discussion
WIPRO,IT,Q3FY25,Analyst,Srini Pallia,"Kumar, clearly, first, if you look at our inorganic strategy, it's very clearly aligned to the strategic",-1,General Discussion
WIPRO,IT,Q3FY25,Analyst,Rishi Jhunjhunwala,"Just wanted to understand, ex of HARMAN does not look like there",3,Management Commentary
WIPRO,IT,Q3FY25,Analyst,Srini Pallia,Headcount for this quarter is primarily driven from two things.,8,Macro & Scale Commentary
WIPRO,IT,Q3FY25,Analyst,Rishi Jhunjhunwala,"The second question is, I just wanted to understand this restructuring cost that we",0,Cost & Sales Performance
WIPRO,IT,Q3FY25,Analyst,Srini Pallia,The restructuring basically has pivoted on obsolete skillsets and family in two areas.,0,Cost & Sales Performance
WIPRO,IT,Q3FY25,Analyst,Rishi Jhunjhunwala,"And just last thing, there was a bookkeeping question.",1,Analyst Q&A
WIPRO,IT,Q3FY25,Analyst,Rishi Jhunjhunwala,There is a spike in D&A in this,-1,General Discussion
WIPRO,IT,Q3FY25,Management,Aparna Iyer,"We have taken a provision for about full debt charge, and I think that has the line item that will show",-1,General Discussion
WIPRO,IT,Q3FY25,Management,Aparna Iyer,"And typically, we do assess the intangibles every year.",-1,General Discussion
WIPRO,IT,Q3FY25,Analyst,Kawaljeet Saluja,I have just a couple of questions for you.,1,Analyst Q&A
WIPRO,IT,Q3FY25,Analyst,Kawaljeet Saluja,"First is that at $6.5 billion, it seems that you",-1,General Discussion
WIPRO,IT,Q3FY25,Management,Aparna Iyer,"We did note that we have been having excess cash and as a result of that, last",-1,General Discussion
WIPRO,IT,Q3FY25,Analyst,Kawaljeet Saluja,"Sorry, can you repeat that last part again?",1,Analyst Q&A
WIPRO,IT,Q3FY25,Management,Aparna Iyer,"So, I said, there are some statutory considerations that you cannot do a buyback within 12 months.",-1,General Discussion
WIPRO,IT,Q3FY25,Analyst,Kawaljeet Saluja,"So let us say if you had to theoretically decide to do a buyback today, you could do that.",-1,General Discussion
WIPRO,IT,Q3FY25,Analyst,Kawaljeet Saluja,"I mean, you can do that as in when you feel, it is the right time.",-1,General Discussion
WIPRO,IT,Q3FY25,Analyst,Kawaljeet Saluja,The second question is for you and Srini.,3,Management Commentary
WIPRO,IT,Q3FY25,Analyst,Kawaljeet Saluja,"Let us say, if those two mega deals ramp-ups were",0,Cost & Sales Performance
WIPRO,IT,Q3FY25,Management,Aparna Iyer,"Obviously, we cannot talk about it quantitatively, Kawal.",-1,General Discussion
WIPRO,IT,Q3FY25,Management,Aparna Iyer,"And qualitatively, like I have said, it is only",1,Analyst Q&A
WIPRO,IT,Q4FY25,Analyst,Abhishek Jain,Warm welcome to our Q4 FY '26 Earnings Call.,2,Business Opportunities
WIPRO,IT,Q4FY25,Management,Aparna Iyer,"Let me share a quick update, and then we can open it up for Q&A.",-1,General Discussion
WIPRO,IT,Q4FY25,Management,Sandeep Shah,"Sir, the first question is, there has been a good large deal wins, which has happened early H’1",0,Cost & Sales Performance
WIPRO,IT,Q4FY25,Analyst,Srini Pallia,Let me just talk about the quarter 4 performance,1,Analyst Q&A
WIPRO,IT,Q4FY25,Management,Sandeep Shah,"And do you believe second quarter onwards, there could be a delayed ramp-up can",1,Analyst Q&A
WIPRO,IT,Q4FY25,Analyst,Srini Pallia,"So as far as this particular client is concerned, it will end in quarter 1, Sandeep, and there is no",-1,General Discussion
WIPRO,IT,Q4FY25,Management,Sandeep Shah,"And just last two, there has been a notable decline in our top clients.",0,Cost & Sales Performance
WIPRO,IT,Q4FY25,Management,Aparna Iyer,"So these two deals that we've announced in this month, Sandeep, are a part of our guidance.",0,Cost & Sales Performance
WIPRO,IT,Q4FY25,Management,Sandeep Shah,Is it possible to quantify inorganic growth in the guidance?,0,Cost & Sales Performance
WIPRO,IT,Q4FY25,Management,Aparna Iyer,"If you look at it, Olam is a",-1,General Discussion
WIPRO,IT,Q4FY25,Analyst,Ravi Menon,It’s beyond the top customers where we've seen a sharp decline.,-1,General Discussion
WIPRO,IT,Q4FY25,Management,Aparna Iyer,"Ravi, if you look at it, our top client has been producing a healthy growth for us a fairly long",-1,General Discussion
WIPRO,IT,Q4FY25,Analyst,Ravi Menon,And the unbilled revenue has grown this quarter for more than $80 million.,-1,General Discussion
WIPRO,IT,Q4FY25,Management,Aparna Iyer,"So I don't think -- see, the unbilled revenue that has gone up is more a quarterly aberration.",-1,General Discussion
WIPRO,IT,Q4FY25,Management,Aparna Iyer,We have said that the client-specific issue that we have seen in one of our clients in Americas,0,Cost & Sales Performance
WIPRO,IT,Q4FY25,Management,Aparna Iyer,"So if I have to characterize, we've had several large deal bookings, right?",0,Cost & Sales Performance
WIPRO,IT,Q4FY25,Analyst,Dipesh Mehta,And can you give some sense about that?,1,Analyst Q&A
WIPRO,IT,Q4FY25,Analyst,Dipesh Mehta,"What factor is leading to delay in ramp up, whether -",1,Analyst Q&A
WIPRO,IT,Q4FY25,Management,Aparna Iyer,"There is -- like I said, we guided a range and there is a midpoint, and we",-1,General Discussion
WIPRO,IT,Q4FY25,Analyst,Srini Pallia,"On the first point, this is a very client-specific issue, where they have",0,Cost & Sales Performance
WIPRO,IT,Q4FY25,Analyst,"Dipesh.
Dipesh Mehta",I just want to get some sense about how Capco is,0,Cost & Sales Performance
WIPRO,IT,Q4FY25,Analyst,Srini Pallia,"So Dipesh, as you know, Capco is a tip of the spear for the consulting piece on the paper side.",0,Cost & Sales Performance
WIPRO,IT,Q4FY25,Analyst,Vibhor Singhal,So a couple of questions from my side.,1,Analyst Q&A
WIPRO,IT,Q4FY25,Analyst,Srini Pallia,"So Vibhor, from our perspective, if you look at the quarter 4, we have seen a sequential growth",0,Cost & Sales Performance
WIPRO,IT,Q4FY25,Analyst,Vibhor Singhal,"My second question, Srini, was basically on -- again, sorry to harp on the Q1 guidance,",3,Management Commentary
WIPRO,IT,Q4FY25,Analyst,Vibhor Singhal,So as Aparna said I think the two deals will,0,Cost & Sales Performance
WIPRO,IT,Q4FY25,Management,Aparna Iyer,You know DTS HARMAN is fully in our Q4 numbers...,-1,General Discussion
WIPRO,IT,Q4FY25,Analyst,Vibhor Singhal,But Aparna in Q4 that was only 2 months.,-1,General Discussion
WIPRO,IT,Q4FY25,Analyst,Vibhor Singhal,So on Q-o-Q this will add another month in Q1?,1,Analyst Q&A
WIPRO,IT,Q4FY25,Management,Aparna Iyer,"So that is not -- that is the only inorganic piece and our growth for Q1 is -- yes, there are",1,Analyst Q&A
WIPRO,IT,Q4FY25,Management,Aparna Iyer,"If you look at it as a organic growth, these are strategic deals we have taken.",-1,General Discussion
WIPRO,IT,Q4FY25,Analyst,Vibhor Singhal,Just my last question Aparna on the margins.,0,Cost & Sales Performance
WIPRO,IT,Q4FY25,Management,Aparna Iyer,"Yes, there are three areas where we are going to be investing in.",0,Cost & Sales Performance
WIPRO,IT,Q4FY25,Analyst,Vibhor Singhal,Thank you so much for taking my questions and wish you all the best.,2,Business Opportunities
WIPRO,IT,Q4FY25,Analyst,"Securities. Please go ahead.
Prateek Maheshwari","So Srini, I've got a couple of questions.",3,Management Commentary
WIPRO,IT,Q4FY25,Analyst,"Thank you.
Srini Pallia","You're right, AI is a central strategy for Wipro.",6,Operational Updates
WIPRO,IT,Q4FY25,Analyst,Prateek Maheshwari,"First question, if you could share also -- so the question was that there's been multiple client",0,Cost & Sales Performance
WIPRO,IT,Q4FY25,Analyst,Srini Pallia,"I think this quarter, as well as last quarter, it was something that we called out as well,",1,Analyst Q&A
WIPRO,IT,Q4FY25,Analyst,Prateek Maheshwari,"Srini, If you could allow me to squeeze 1 more question.",3,Management Commentary
WIPRO,IT,Q4FY25,Analyst,Prateek Maheshwari,"I just wanted to ask, you said that you",1,Analyst Q&A
WIPRO,IT,Q4FY25,Analyst,Srini Pallia,"So I think from an overall -- see I think the best way for me to reflect, Prateek, in your",-1,General Discussion
WIPRO,IT,Q4FY25,Analyst,Abhishek Shindadkar,The first question is regarding the contribution for HARMAN.,-1,General Discussion
WIPRO,IT,Q4FY25,Management,Aparna Iyer,So your question is around how much did the HARMAN acquisition contribute in Q4?,-1,General Discussion
WIPRO,IT,Q4FY25,Management,Aparna Iyer,So we actually made a stock exchange filing around the revenues of the organization.,-1,General Discussion
WIPRO,IT,Q4FY25,Analyst,Abhishek Shindadkar,"The second thing is on the top client and maybe it has been asked,",0,Cost & Sales Performance
WIPRO,IT,Q4FY25,Management,Aparna Iyer,"I think our overall growth rate also tend to reflect in our top client metric growth rates as well,",0,Cost & Sales Performance
WIPRO,IT,Q4FY25,Analyst,Abhishek Jain,"In case we could not take any questions due to time constraints,",-1,General Discussion
